id,image_path,split,Tg,Tg_mask,Tg_norm,FFV,FFV_mask,FFV_norm,Tc,Tc_mask,Tc_norm,Density,Density_mask,Density_norm,Rg,Rg_mask,Rg_norm
87817,render/train/87817.png,train,,0,0.0,0.37464529,1,0.2510503540673419,0.2056666666666666,1,-0.5658771804658989,,0,0.0,,0,0.0
106919,render/train/106919.png,train,,0,0.0,0.3704102,1,0.10801541223251807,,0,0.0,,0,0.0,,0,0.0
388772,render/train/388772.png,train,,0,0.0,0.37885964,1,0.3933848279797232,,0,0.0,,0,0.0,,0,0.0
519416,render/train/519416.png,train,,0,0.0,0.3873239,1,0.6792547709501976,,0,0.0,,0,0.0,,0,0.0
539187,render/train/539187.png,train,,0,0.0,0.35547017,1,-0.3965656762592333,,0,0.0,,0,0.0,,0,0.0
950661,render/train/950661.png,train,,0,0.0,0.33909279,1,-0.9496914883923421,,0,0.0,,0,0.0,,0,0.0
1012066,render/train/1012066.png,train,,0,0.0,0.3476159,1,-0.6618339592484972,,0,0.0,,0,0.0,,0,0.0
1022104,render/train/1022104.png,train,,0,0.0,0.37754464,1,0.34897232470050243,,0,0.0,,0,0.0,,0,0.0
1722264,render/train/1722264.png,train,,0,0.0,0.35917558,1,-0.27142002319774516,,0,0.0,,0,0.0,,0,0.0
2265305,render/train/2265305.png,train,,0,0.0,0.341878125,1,-0.8556202337754392,,0,0.0,,0,0.0,,0,0.0
2986007,render/train/2986007.png,train,,0,0.0,0.40239665,1,1.188318313765308,0.487,1,2.576183240854461,0.901122805,1,-0.5770713578111408,28.6824407,1,2.660796625544577
3013292,render/train/3013292.png,train,,0,0.0,,0,0.0,0.171,1,-0.9530505025243309,1.184354013,1,1.3603583379897934,13.53424751,1,-0.626115111051721
3053950,render/train/3053950.png,train,,0,0.0,0.36481552,1,-0.08093800514101007,,0,0.0,,0,0.0,,0,0.0
3128201,render/train/3128201.png,train,,0,0.0,0.36956078,1,0.07932729927781283,,0,0.0,,0,0.0,,0,0.0
3139746,render/train/3139746.png,train,,0,0.0,0.3314918,1,-1.2064055517385932,,0,0.0,,0,0.0,,0,0.0
3254580,render/train/3254580.png,train,,0,0.0,0.34991627,1,-0.5841417994246036,,0,0.0,,0,0.0,,0,0.0
4600132,render/train/4600132.png,train,,0,0.0,0.33687015,1,-1.0247584133265826,,0,0.0,,0,0.0,,0,0.0
4658296,render/train/4658296.png,train,,0,0.0,0.36326495,1,-0.13330659465406103,,0,0.0,,0,0.0,,0,0.0
4834929,render/train/4834929.png,train,,0,0.0,0.36594162,1,-0.04290536640129076,,0,0.0,,0,0.0,,0,0.0
5118841,render/train/5118841.png,train,,0,0.0,0.40101187,1,1.141549077042114,,0,0.0,,0,0.0,,0,0.0
5350166,render/train/5350166.png,train,,0,0.0,0.31898697,1,-1.6287407634352429,,0,0.0,,0,0.0,,0,0.0
5650517,render/train/5650517.png,train,,0,0.0,0.33573247,1,-1.0631821522852916,,0,0.0,,0,0.0,,0,0.0
5661484,render/train/5661484.png,train,,0,0.0,0.38715626,1,0.6735929366918482,,0,0.0,,0,0.0,,0,0.0
5709902,render/train/5709902.png,train,,0,0.0,0.33579028,1,-1.0612296908293437,,0,0.0,,0,0.0,,0,0.0
5724071,render/train/5724071.png,train,,0,0.0,0.33930299,1,-0.9425922426210156,,0,0.0,,0,0.0,,0,0.0
5857263,render/train/5857263.png,train,,0,0.0,0.36614256,1,-0.03611886571009244,,0,0.0,,0,0.0,,0,0.0
5905810,render/train/5905810.png,train,,0,0.0,0.34722767,1,-0.6749459487147264,,0,0.0,,0,0.0,,0,0.0
5966923,render/train/5966923.png,train,,0,0.0,0.36941899,1,0.0745385168900109,,0,0.0,,0,0.0,,0,0.0
6019988,render/train/6019988.png,train,,0,0.0,0.3407009,1,-0.8953795563403673,,0,0.0,,0,0.0,,0,0.0
6102563,render/train/6102563.png,train,,0,0.0,0.32926001,1,-1.2817815066386173,,0,0.0,,0,0.0,,0,0.0
6259923,render/train/6259923.png,train,,0,0.0,0.32877014,1,-1.2983262617575464,,0,0.0,,0,0.0,,0,0.0
6645418,render/train/6645418.png,train,,0,0.0,0.3327408,1,-1.1642221170650218,0.327,1,0.7892294467386172,,0,0.0,,0,0.0
6665789,render/train/6665789.png,train,,0,0.0,0.35017075,1,-0.5755470512614888,,0,0.0,,0,0.0,,0,0.0
7586800,render/train/7586800.png,train,,0,0.0,0.38518992,1,0.607182228176213,,0,0.0,,0,0.0,,0,0.0
7687820,render/train/7687820.png,train,,0,0.0,,0,0.0,0.383,1,1.4146632746791625,,0,0.0,,0,0.0
8689461,render/train/8689461.png,train,,0,0.0,0.40787312,1,1.3732793341710494,0.375,1,1.3253155849733702,,0,0.0,,0,0.0
8973725,render/train/8973725.png,train,,0,0.0,,0,0.0,0.1863333333333333,1,-0.7818007639215631,,0,0.0,,0,0.0
9231170,render/train/9231170.png,train,,0,0.0,,0,0.0,0.2253333333333333,1,-0.346230776605826,,0,0.0,13.87291346,1,-0.5526301038380962
9284896,render/train/9284896.png,train,,0,0.0,0.38708542,1,0.6712004030551194,,0,0.0,,0,0.0,,0,0.0
10061985,render/train/10061985.png,train,,0,0.0,0.3487648,1,-0.6230312786268267,,0,0.0,,0,0.0,,0,0.0
10142210,render/train/10142210.png,train,208.6397491,1,1.0086233133849618,,0,0.0,,0,0.0,,0,0.0,,0,0.0
10557152,render/train/10557152.png,train,,0,0.0,0.39996108,1,1.1060599406765088,,0,0.0,,0,0.0,,0,0.0
11301237,render/train/11301237.png,train,,0,0.0,0.40256926,1,1.194148003644414,,0,0.0,,0,0.0,,0,0.0
11664621,render/train/11664621.png,train,,0,0.0,0.35338284,1,-0.46706267281422564,,0,0.0,,0,0.0,,0,0.0
11667291,render/train/11667291.png,train,,0,0.0,0.38083463,1,0.4600876795777672,,0,0.0,,0,0.0,,0,0.0
11796436,render/train/11796436.png,train,,0,0.0,0.37078536,1,0.120685978567295,,0,0.0,,0,0.0,,0,0.0
11894206,render/train/11894206.png,train,,0,0.0,0.35783052,1,-0.31684776590553876,0.1735,1,-0.9251293494912711,1.061864136,1,0.5224721219524568,12.7374634,1,-0.7990043137337498
11955349,render/train/11955349.png,train,,0,0.0,0.39901234,1,1.0740174172079708,,0,0.0,,0,0.0,,0,0.0
12008966,render/train/12008966.png,train,,0,0.0,,0,0.0,0.184,1,-0.8078605067524187,,0,0.0,,0,0.0
12265790,render/train/12265790.png,train,,0,0.0,0.36594213,1,-0.04288814178024867,,0,0.0,,0,0.0,,0,0.0
12381586,render/train/12381586.png,train,,0,0.0,0.35839221,1,-0.2978773788584623,,0,0.0,,0,0.0,,0,0.0
12395811,render/train/12395811.png,train,,0,0.0,0.37715059,1,0.33566377191177554,,0,0.0,,0,0.0,,0,0.0
12627006,render/train/12627006.png,train,,0,0.0,0.39541698,1,0.9525885671775678,,0,0.0,,0,0.0,,0,0.0
12724819,render/train/12724819.png,train,,0,0.0,0.400601,1,1.127672449496613,,0,0.0,,0,0.0,,0,0.0
13021733,render/train/13021733.png,train,,0,0.0,0.36551909,1,-0.057175796067123766,,0,0.0,,0,0.0,,0,0.0
13364814,render/train/13364814.png,train,,0,0.0,0.33815952,1,-0.9812115316892223,,0,0.0,,0,0.0,,0,0.0
13630833,render/train/13630833.png,train,,0,0.0,0.42131241,1,1.8271747799470157,,0,0.0,,0,0.0,,0,0.0
13838538,render/train/13838538.png,train,-41.26672381,1,-1.2381656769166134,,0,0.0,0.192,1,-0.7185128170466265,,0,0.0,,0,0.0
13850404,render/train/13850404.png,train,,0,0.0,0.29768641,1,-2.3481409085677365,,0,0.0,,0,0.0,,0,0.0
13874722,render/train/13874722.png,train,,0,0.0,0.36424093,1,-0.10034407377919001,,0,0.0,,0,0.0,,0,0.0
15891916,render/train/15891916.png,train,,0,0.0,0.39177495,1,0.8295834954528398,,0,0.0,,0,0.0,,0,0.0
15979280,render/train/15979280.png,train,,0,0.0,0.33547772,1,-1.0717860193654305,,0,0.0,,0,0.0,,0,0.0
16364869,render/train/16364869.png,train,,0,0.0,0.39841654,1,1.0538950069769737,,0,0.0,,0,0.0,,0,0.0
16498242,render/train/16498242.png,train,-17.2820223,1,-1.0225307529354937,,0,0.0,,0,0.0,,0,0.0,,0,0.0
16855553,render/train/16855553.png,train,,0,0.0,0.3539411,1,-0.44820812978710856,0.196,1,-0.6738389721937303,1.109388621,1,0.8475611160884622,13.43533854,1,-0.6475767500914362
17114758,render/train/17114758.png,train,,0,0.0,0.36534872,1,-0.06292983270870527,,0,0.0,,0,0.0,,0,0.0
17899555,render/train/17899555.png,train,,0,0.0,0.37446752,1,0.2450463915517921,,0,0.0,,0,0.0,,0,0.0
17943713,render/train/17943713.png,train,,0,0.0,0.36214283,1,-0.171204813802104,,0,0.0,,0,0.0,,0,0.0
18227797,render/train/18227797.png,train,,0,0.0,0.35827772,1,-0.30174413741392736,,0,0.0,,0,0.0,,0,0.0
18308835,render/train/18308835.png,train,,0,0.0,0.41603966,1,1.6490941513040414,,0,0.0,,0,0.0,,0,0.0
18339242,render/train/18339242.png,train,,0,0.0,0.32713966,1,-1.353393712971769,,0,0.0,,0,0.0,,0,0.0
18520951,render/train/18520951.png,train,,0,0.0,0.36567807,1,-0.05180644262884861,,0,0.0,,0,0.0,,0,0.0
18696710,render/train/18696710.png,train,,0,0.0,0.36816578,1,0.032212894658412435,,0,0.0,,0,0.0,,0,0.0
19277692,render/train/19277692.png,train,,0,0.0,0.39336683,1,0.8833472792704252,,0,0.0,,0,0.0,,0,0.0
19303052,render/train/19303052.png,train,,0,0.0,0.36119278,1,-0.20329158090508873,,0,0.0,,0,0.0,,0,0.0
19522327,render/train/19522327.png,train,,0,0.0,0.37722551,1,0.33819410251685406,,0,0.0,,0,0.0,,0,0.0
20039468,render/train/20039468.png,train,,0,0.0,0.36836692,1,0.039006150102961386,,0,0.0,,0,0.0,,0,0.0
20273521,render/train/20273521.png,train,,0,0.0,0.34392035,1,-0.7866466029698072,,0,0.0,,0,0.0,,0,0.0
20627281,render/train/20627281.png,train,,0,0.0,0.35509262,1,-0.40931696189654687,,0,0.0,,0,0.0,,0,0.0
20883601,render/train/20883601.png,train,,0,0.0,0.33875515,1,-0.9610948629985738,,0,0.0,,0,0.0,,0,0.0
21279513,render/train/21279513.png,train,,0,0.0,0.38927007,1,0.744984262590442,,0,0.0,,0,0.0,,0,0.0
21520341,render/train/21520341.png,train,,0,0.0,0.37589597,1,0.2932905286690571,,0,0.0,,0,0.0,,0,0.0
22184710,render/train/22184710.png,train,,0,0.0,0.37674615,1,0.3220043096864918,,0,0.0,,0,0.0,,0,0.0
22597605,render/train/22597605.png,train,,0,0.0,0.41714937,1,1.686573238006692,,0,0.0,,0,0.0,,0,0.0
22905078,render/train/22905078.png,train,,0,0.0,0.32506583,1,-1.423434763675606,,0,0.0,,0,0.0,,0,0.0
22928574,render/train/22928574.png,train,,0,0.0,0.35027613,1,-0.5719879717211342,,0,0.0,,0,0.0,,0,0.0
22953969,render/train/22953969.png,train,,0,0.0,0.35595348,1,-0.38024247705019854,,0,0.0,,0,0.0,,0,0.0
23036398,render/train/23036398.png,train,,0,0.0,0.34421859,1,-0.7765739147736133,,0,0.0,,0,0.0,,0,0.0
23192453,render/train/23192453.png,train,,0,0.0,,0,0.0,,0,0.0,1.293314518,1,2.105697524116719,20.99132259,1,0.9919489903034436
23694396,render/train/23694396.png,train,,0,0.0,0.34644364,1,-0.7014255950614995,,0,0.0,,0,0.0,,0,0.0
23713841,render/train/23713841.png,train,,0,0.0,0.36615689,1,-0.03563488763253234,,0,0.0,,0,0.0,,0,0.0
24351648,render/train/24351648.png,train,,0,0.0,0.34884686,1,-0.6202598033271366,,0,0.0,,0,0.0,,0,0.0
24969052,render/train/24969052.png,train,,0,0.0,0.34539931,1,-0.7366965528938854,,0,0.0,,0,0.0,,0,0.0
24982830,render/train/24982830.png,train,,0,0.0,0.35544781,1,-0.39732085768381376,,0,0.0,,0,0.0,,0,0.0
25581268,render/train/25581268.png,train,,0,0.0,0.37886829,1,0.3936769710621302,,0,0.0,,0,0.0,,0,0.0
25596707,render/train/25596707.png,train,,0,0.0,0.42813779,1,2.057693572062548,,0,0.0,,0,0.0,,0,0.0
25599707,render/train/25599707.png,train,,0,0.0,0.40187067,1,1.1705539879289535,,0,0.0,,0,0.0,,0,0.0
25748429,render/train/25748429.png,train,,0,0.0,0.38793304,1,0.6998277232296689,,0,0.0,,0,0.0,,0,0.0
26299008,render/train/26299008.png,train,,0,0.0,,0,0.0,0.1616666666666666,1,-1.057289473847756,0.830463672,1,-1.0604118184914044,11.48207818,1,-1.0714025041853679
26367456,render/train/26367456.png,train,,0,0.0,0.35808156,1,-0.3083691995000505,,0,0.0,,0,0.0,,0,0.0
26995134,render/train/26995134.png,train,,0,0.0,0.34415534,1,-0.7787101055206941,,0,0.0,,0,0.0,,0,0.0
28121925,render/train/28121925.png,train,,0,0.0,0.39361972,1,0.8918883271444041,,0,0.0,,0,0.0,,0,0.0
28200504,render/train/28200504.png,train,,0,0.0,0.32916214,1,-1.2850869451906608,,0,0.0,,0,0.0,,0,0.0
28479659,render/train/28479659.png,train,,0,0.0,0.36156161,1,-0.19083480251385354,,0,0.0,,0,0.0,,0,0.0
29482987,render/train/29482987.png,train,,0,0.0,0.40046864,1,1.1232021537292842,,0,0.0,,0,0.0,,0,0.0
29766304,render/train/29766304.png,train,,0,0.0,0.35600022,1,-0.37866389119219834,,0,0.0,,0,0.0,,0,0.0
29881762,render/train/29881762.png,train,,0,0.0,0.31655437,1,-1.710898828436788,,0,0.0,,0,0.0,,0,0.0
29928066,render/train/29928066.png,train,,0,0.0,0.35181885,1,-0.5198845062770896,,0,0.0,,0,0.0,,0,0.0
30582999,render/train/30582999.png,train,4.250402609,1,-0.8289430692845005,,0,0.0,,0,0.0,,0,0.0,,0,0.0
30682090,render/train/30682090.png,train,,0,0.0,0.38208553,1,0.5023352844081678,,0,0.0,,0,0.0,,0,0.0
31430153,render/train/31430153.png,train,,0,0.0,0.34289328,1,-0.8213346255880484,,0,0.0,,0,0.0,,0,0.0
31529134,render/train/31529134.png,train,,0,0.0,0.33798245,1,-0.9871918525680448,,0,0.0,,0,0.0,,0,0.0
31841016,render/train/31841016.png,train,,0,0.0,0.41138901,1,1.4920241829576495,,0,0.0,,0,0.0,,0,0.0
32316139,render/train/32316139.png,train,,0,0.0,0.33952456,1,-0.9351089891217194,,0,0.0,,0,0.0,,0,0.0
32586958,render/train/32586958.png,train,,0,0.0,0.29714034,1,-2.366583749378143,,0,0.0,,0,0.0,,0,0.0
34026248,render/train/34026248.png,train,,0,0.0,0.36719294,1,-0.000643576588854212,,0,0.0,,0,0.0,,0,0.0
34042817,render/train/34042817.png,train,,0,0.0,0.34938247,1,-0.6021702361169585,,0,0.0,,0,0.0,,0,0.0
34234994,render/train/34234994.png,train,,0,0.0,0.36162895,1,-0.18856047706075552,,0,0.0,,0,0.0,,0,0.0
34546505,render/train/34546505.png,train,,0,0.0,0.37794539,1,0.36250716172647035,,0,0.0,,0,0.0,,0,0.0
35288312,render/train/35288312.png,train,,0,0.0,0.40126347,1,1.1500465567569829,,0,0.0,,0,0.0,,0,0.0
35380876,render/train/35380876.png,train,,0,0.0,0.422749,1,1.875693835525642,,0,0.0,,0,0.0,,0,0.0
35399593,render/train/35399593.png,train,,0,0.0,0.39264145,1,0.8588484643436718,,0,0.0,,0,0.0,,0,0.0
35822036,render/train/35822036.png,train,,0,0.0,0.36993749,1,0.09205021495105634,,0,0.0,,0,0.0,,0,0.0
36217683,render/train/36217683.png,train,168.5263131,1,0.6479826892406466,,0,0.0,,0,0.0,,0,0.0,,0,0.0
36780446,render/train/36780446.png,train,,0,0.0,0.36080704,1,-0.21631947369210397,,0,0.0,,0,0.0,,0,0.0
37511814,render/train/37511814.png,train,,0,0.0,0.36461838,1,-0.08759616551854986,,0,0.0,,0,0.0,,0,0.0
37571918,render/train/37571918.png,train,,0,0.0,0.33562005,1,-1.0669789991435805,,0,0.0,,0,0.0,,0,0.0
37623475,render/train/37623475.png,train,,0,0.0,0.37320004,1,0.20223881766863946,,0,0.0,,0,0.0,,0,0.0
37727451,render/train/37727451.png,train,,0,0.0,0.34915334,1,-0.6099088192929043,,0,0.0,,0,0.0,,0,0.0
38112797,render/train/38112797.png,train,,0,0.0,0.39389056,1,0.9010356141315857,,0,0.0,,0,0.0,,0,0.0
38228922,render/train/38228922.png,train,,0,0.0,0.36599842,1,-0.04098701644976353,,0,0.0,,0,0.0,,0,0.0
38242048,render/train/38242048.png,train,,0,0.0,,0,0.0,0.102,1,-1.723674326236789,,0,0.0,,0,0.0
39109326,render/train/39109326.png,train,,0,0.0,0.36633956,1,-0.029465433659897358,,0,0.0,,0,0.0,,0,0.0
40088405,render/train/40088405.png,train,,0,0.0,0.39645555,1,0.9876649881134618,,0,0.0,,0,0.0,,0,0.0
40146140,render/train/40146140.png,train,,0,0.0,0.37477933,1,0.2555773897628147,,0,0.0,,0,0.0,,0,0.0
40417262,render/train/40417262.png,train,,0,0.0,0.33227609,1,-1.1799171242124633,,0,0.0,,0,0.0,,0,0.0
40655089,render/train/40655089.png,train,,0,0.0,0.36114325,1,-0.2049643955723269,,0,0.0,,0,0.0,,0,0.0
40953121,render/train/40953121.png,train,,0,0.0,0.37070669,1,0.11802899633689469,,0,0.0,,0,0.0,,0,0.0
41386383,render/train/41386383.png,train,,0,0.0,0.40628619,1,1.3196827304988878,,0,0.0,0.797183169,1,-1.2880655267769412,16.82724961,1,0.08841282738726927
41421570,render/train/41421570.png,train,,0,0.0,0.36563224,1,-0.053354294359105464,,0,0.0,,0,0.0,,0,0.0
41644742,render/train/41644742.png,train,,0,0.0,0.34909461,1,-0.6118923526142629,,0,0.0,,0,0.0,,0,0.0
41684723,render/train/41684723.png,train,81.55306128,1,-0.13395201762977765,,0,0.0,,0,0.0,,0,0.0,,0,0.0
41977066,render/train/41977066.png,train,,0,0.0,0.37549639,1,0.27979520695018917,0.109,1,-1.6454950977442209,,0,0.0,,0,0.0
42779237,render/train/42779237.png,train,35.51374296,1,-0.5478694016729599,,0,0.0,,0,0.0,,0,0.0,,0,0.0
43489811,render/train/43489811.png,train,,0,0.0,0.32981777,1,-1.262943850494877,,0,0.0,,0,0.0,,0,0.0
43517583,render/train/43517583.png,train,,0,0.0,,0,0.0,0.1905,1,-0.7352655088664626,,0,0.0,,0,0.0
44130721,render/train/44130721.png,train,,0,0.0,0.35931108,1,-0.2668436778028137,,0,0.0,,0,0.0,,0,0.0
44332410,render/train/44332410.png,train,,0,0.0,0.40501273,1,1.276673189490556,0.2669999999999999,1,0.11912177394517436,0.7966448,1,-1.2917482144837935,10.79657738,1,-1.220145037153166
45108843,render/train/45108843.png,train,,0,0.0,0.36246435,1,-0.16034587231591896,,0,0.0,,0,0.0,,0,0.0
45704443,render/train/45704443.png,train,,0,0.0,0.3798743,1,0.42765371815257014,,0,0.0,,0,0.0,,0,0.0
45818224,render/train/45818224.png,train,,0,0.0,0.2987695,1,-2.311560879536032,,0,0.0,,0,0.0,,0,0.0
45908417,render/train/45908417.png,train,,0,0.0,0.38456711,1,0.5861475885052377,,0,0.0,,0,0.0,,0,0.0
46067784,render/train/46067784.png,train,,0,0.0,0.3630391,1,-0.14093439987505776,,0,0.0,,0,0.0,,0,0.0
46369100,render/train/46369100.png,train,,0,0.0,0.35719832,1,-0.3381995412463158,,0,0.0,,0,0.0,,0,0.0
46473006,render/train/46473006.png,train,,0,0.0,0.39981874,1,1.1012525827169917,,0,0.0,,0,0.0,,0,0.0
46656995,render/train/46656995.png,train,,0,0.0,,0,0.0,0.201,1,-0.6179966661276102,0.817146131,1,-1.1515098284552165,9.7283551,1,-1.4519319113622648
47046176,render/train/47046176.png,train,,0,0.0,0.36207286,1,-0.17356796426176058,,0,0.0,,0,0.0,,0,0.0
48005195,render/train/48005195.png,train,122.5813993,1,0.23491405086499675,,0,0.0,,0,0.0,,0,0.0,,0,0.0
48202315,render/train/48202315.png,train,,0,0.0,0.40182864,1,1.169134476512357,,0,0.0,,0,0.0,,0,0.0
48308812,render/train/48308812.png,train,,0,0.0,0.3220757,1,-1.524422716854537,,0,0.0,,0,0.0,,0,0.0
48554956,render/train/48554956.png,train,,0,0.0,0.39082082,1,0.7973589313815072,,0,0.0,,0,0.0,,0,0.0
48717962,render/train/48717962.png,train,,0,0.0,0.35081859,1,-0.5536670542087051,,0,0.0,,0,0.0,,0,0.0
49062920,render/train/49062920.png,train,,0,0.0,0.36389929,1,-0.1118825434524328,,0,0.0,,0,0.0,,0,0.0
49325830,render/train/49325830.png,train,,0,0.0,0.38603498,1,0.6357230875078772,,0,0.0,,0,0.0,,0,0.0
49367014,render/train/49367014.png,train,,0,0.0,0.36502137,1,-0.07398567525505734,,0,0.0,,0,0.0,,0,0.0
49737348,render/train/49737348.png,train,206.6525359,1,0.9907572345789525,,0,0.0,,0,0.0,,0,0.0,,0,0.0
49886836,render/train/49886836.png,train,,0,0.0,0.39033829,1,0.7810620757105384,,0,0.0,,0,0.0,,0,0.0
50053709,render/train/50053709.png,train,,0,0.0,0.37058659,1,0.11397276694994801,,0,0.0,,0,0.0,,0,0.0
50438012,render/train/50438012.png,train,,0,0.0,,0,0.0,0.315,1,0.6552079121799287,,0,0.0,,0,0.0
51223278,render/train/51223278.png,train,,0,0.0,0.3563254,1,-0.3676813377196976,,0,0.0,,0,0.0,,0,0.0
51367162,render/train/51367162.png,train,,0,0.0,0.38365388,1,0.5553043714940727,,0,0.0,,0,0.0,,0,0.0
51939851,render/train/51939851.png,train,,0,0.0,0.38673273,1,0.6592887332592656,,0,0.0,,0,0.0,,0,0.0
51976096,render/train/51976096.png,train,,0,0.0,0.35062977,1,-0.5600442168468659,,0,0.0,,0,0.0,,0,0.0
52181246,render/train/52181246.png,train,55.30555285,1,-0.36993075110023826,,0,0.0,,0,0.0,,0,0.0,,0,0.0
52357313,render/train/52357313.png,train,,0,0.0,,0,0.0,0.233,1,-0.26060590730444133,1.06572076,1,0.5488531762010358,19.28801766,1,0.6223595022900993
52649125,render/train/52649125.png,train,,0,0.0,0.35087282,1,-0.5518355028377304,,0,0.0,,0,0.0,,0,0.0
52868719,render/train/52868719.png,train,,0,0.0,0.38452978,1,0.5848868137923758,0.18,1,-0.8525343516053149,1.085387972,1,0.6833858106217887,12.35091595,1,-0.8828788282860937
53248904,render/train/53248904.png,train,137.1087261,1,0.36552226414047995,,0,0.0,,0,0.0,,0,0.0,,0,0.0
53311142,render/train/53311142.png,train,,0,0.0,0.33475958,1,-1.0960403122208968,,0,0.0,,0,0.0,,0,0.0
53548350,render/train/53548350.png,train,,0,0.0,0.35475566,1,-0.42069737034138976,,0,0.0,,0,0.0,,0,0.0
53844809,render/train/53844809.png,train,,0,0.0,0.36783355,1,0.02099223613030985,,0,0.0,,0,0.0,,0,0.0
53951865,render/train/53951865.png,train,,0,0.0,0.31749993,1,-1.6789637055465216,,0,0.0,,0,0.0,,0,0.0
54084083,render/train/54084083.png,train,,0,0.0,,0,0.0,0.2583999999999999,1,0.023073007511447773,0.771934125,1,-1.4607804192551186,12.37609961,1,-0.8774143833462774
54206705,render/train/54206705.png,train,,0,0.0,0.41060554,1,1.465563449920257,,0,0.0,,0,0.0,,0,0.0
54625460,render/train/54625460.png,train,,0,0.0,0.35047536,1,-0.565259224171082,,0,0.0,,0,0.0,,0,0.0
55326263,render/train/55326263.png,train,,0,0.0,0.38854979,1,0.7206576938741245,,0,0.0,,0,0.0,,0,0.0
55400154,render/train/55400154.png,train,,0,0.0,0.40159385,1,1.161204733816593,,0,0.0,,0,0.0,,0,0.0
55701750,render/train/55701750.png,train,,0,0.0,0.43094205,1,2.1524039952152374,,0,0.0,,0,0.0,,0,0.0
55715472,render/train/55715472.png,train,,0,0.0,0.34502809,1,-0.7492340505876591,,0,0.0,,0,0.0,,0,0.0
55938751,render/train/55938751.png,train,,0,0.0,0.39730375,1,1.0163118970727285,,0,0.0,,0,0.0,,0,0.0
56235690,render/train/56235690.png,train,,0,0.0,0.39530481,1,0.948800163760968,,0,0.0,,0,0.0,,0,0.0
56319655,render/train/56319655.png,train,,0,0.0,0.36260258,1,-0.15567732453775365,,0,0.0,,0,0.0,,0,0.0
56734204,render/train/56734204.png,train,,0,0.0,,0,0.0,0.2239999999999999,1,-0.3611220582234589,0.91386168,1,-0.4899316852786698,10.8595327,1,-1.2064847558513814
56881469,render/train/56881469.png,train,,0,0.0,0.38067611,1,0.4547338620721993,,0,0.0,,0,0.0,,0,0.0
57070808,render/train/57070808.png,train,,0,0.0,0.38843318,1,0.716719334933143,,0,0.0,,0,0.0,,0,0.0
57222914,render/train/57222914.png,train,,0,0.0,0.36488932,1,-0.07844550115469294,,0,0.0,,0,0.0,,0,0.0
57727191,render/train/57727191.png,train,,0,0.0,,0,0.0,0.278,1,0.24197484729064,,0,0.0,,0,0.0
57989832,render/train/57989832.png,train,,0,0.0,0.33796381,1,-0.9878213955803073,,0,0.0,,0,0.0,,0,0.0
58312031,render/train/58312031.png,train,,0,0.0,0.3849002,1,0.5973972924727488,,0,0.0,,0,0.0,,0,0.0
58492814,render/train/58492814.png,train,,0,0.0,0.37263667,1,0.18321169069341914,,0,0.0,,0,0.0,,0,0.0
59233337,render/train/59233337.png,train,,0,0.0,0.37041296,1,0.10810862782875398,,0,0.0,,0,0.0,,0,0.0
59411967,render/train/59411967.png,train,,0,0.0,0.37867118,1,0.38701982389759243,,0,0.0,,0,0.0,,0,0.0
59671897,render/train/59671897.png,train,,0,0.0,0.37897847,1,0.3973981646828946,,0,0.0,,0,0.0,,0,0.0
59967073,render/train/59967073.png,train,,0,0.0,0.32263599,1,-1.5054996130809153,,0,0.0,,0,0.0,,0,0.0
60015302,render/train/60015302.png,train,,0,0.0,0.33756711,1,-1.0012194488509274,,0,0.0,,0,0.0,,0,0.0
60029399,render/train/60029399.png,train,,0,0.0,0.37726196,1,0.3394251563149746,,0,0.0,,0,0.0,,0,0.0
60738401,render/train/60738401.png,train,,0,0.0,0.38354504,1,0.551628434720757,,0,0.0,,0,0.0,,0,0.0
60763059,render/train/60763059.png,train,,0,0.0,0.4054389,1,1.2910665556673664,,0,0.0,,0,0.0,,0,0.0
60840755,render/train/60840755.png,train,,0,0.0,0.349142,1,-0.610291813807874,,0,0.0,,0,0.0,,0,0.0
61414691,render/train/61414691.png,train,,0,0.0,0.35170263,1,-0.5238096934490372,,0,0.0,,0,0.0,,0,0.0
61470142,render/train/61470142.png,train,,0,0.0,0.37984577,1,0.42669015258712917,,0,0.0,,0,0.0,,0,0.0
61636599,render/train/61636599.png,train,,0,0.0,0.37033233,1,0.10538544901551847,,0,0.0,,0,0.0,,0,0.0
61782925,render/train/61782925.png,train,,0,0.0,0.35306137,1,-0.47791992561207397,,0,0.0,,0,0.0,,0,0.0
61915107,render/train/61915107.png,train,,0,0.0,0.43074666,1,2.145804938929513,,0,0.0,,0,0.0,,0,0.0
62163979,render/train/62163979.png,train,,0,0.0,0.37162023,1,0.14888268321575293,,0,0.0,,0,0.0,,0,0.0
62269402,render/train/62269402.png,train,,0,0.0,0.3923948,1,0.8505181647742267,,0,0.0,1.073138282,1,0.5995923849680885,20.42938322,1,0.8700172795481405
62619308,render/train/62619308.png,train,,0,0.0,,0,0.0,0.1525,1,-1.1596670349689755,0.826660163,1,-1.086429542092139,12.18535631,1,-0.9188025795214486
62619449,render/train/62619449.png,train,,0,0.0,0.347323,1,-0.6717262955302333,,0,0.0,,0,0.0,,0,0.0
63090033,render/train/63090033.png,train,,0,0.0,0.36499516,1,-0.07487088568163494,,0,0.0,,0,0.0,,0,0.0
63333676,render/train/63333676.png,train,,0,0.0,0.36838082,1,0.039475605460818165,,0,0.0,,0,0.0,,0,0.0
63397318,render/train/63397318.png,train,,0,0.0,0.36684049,1,-0.012547140680687982,,0,0.0,,0,0.0,,0,0.0
63969847,render/train/63969847.png,train,87.36313445,1,-0.08171644213948695,,0,0.0,,0,0.0,,0,0.0,,0,0.0
64606581,render/train/64606581.png,train,42.35931484,1,-0.4863241549524353,,0,0.0,0.3353333333333333,1,0.882299956848817,0.892956655,1,-0.6329315210399216,21.77794424,1,1.1626331043238924
64725995,render/train/64725995.png,train,,0,0.0,0.41165064,1,1.5008604135530434,,0,0.0,,0,0.0,,0,0.0
65098291,render/train/65098291.png,train,,0,0.0,0.36614027,1,-0.03619620763595565,,0,0.0,,0,0.0,,0,0.0
66059501,render/train/66059501.png,train,,0,0.0,0.35799579,1,-0.31126597547439305,,0,0.0,,0,0.0,,0,0.0
66287866,render/train/66287866.png,train,,0,0.0,0.36796394,1,0.025395997577136214,,0,0.0,,0,0.0,,0,0.0
66714118,render/train/66714118.png,train,,0,0.0,0.36875438,1,0.05209213376879181,,0,0.0,,0,0.0,,0,0.0
66764672,render/train/66764672.png,train,,0,0.0,0.43283262,1,2.216255665424055,,0,0.0,,0,0.0,,0,0.0
66797597,render/train/66797597.png,train,,0,0.0,0.36634183,1,-0.029388767209370715,,0,0.0,,0,0.0,,0,0.0
67251636,render/train/67251636.png,train,,0,0.0,0.34210323,1,-0.8480175900106719,,0,0.0,,0,0.0,,0,0.0
67510171,render/train/67510171.png,train,,0,0.0,0.41251953,1,1.530206101746414,,0,0.0,,0,0.0,,0,0.0
67637672,render/train/67637672.png,train,,0,0.0,0.39149217,1,0.8200329496906348,,0,0.0,,0,0.0,,0,0.0
67701587,render/train/67701587.png,train,,0,0.0,0.36176424,1,-0.18399122415684208,,0,0.0,,0,0.0,,0,0.0
67919894,render/train/67919894.png,train,,0,0.0,0.37844588,1,0.37941059424830903,,0,0.0,1.144330703,1,1.0865807770147806,21.53470493,1,1.1098541271341658
68067670,render/train/68067670.png,train,,0,0.0,0.38008517,1,0.43477559234762,,0,0.0,,0,0.0,,0,0.0
68287641,render/train/68287641.png,train,,0,0.0,0.36814299,1,0.03144319051412863,,0,0.0,,0,0.0,,0,0.0
68342514,render/train/68342514.png,train,,0,0.0,0.35608042,1,-0.37595523509866613,,0,0.0,,0,0.0,,0,0.0
68581387,render/train/68581387.png,train,110.5188915,1,0.12646584060104243,,0,0.0,,0,0.0,,0,0.0,,0,0.0
68792546,render/train/68792546.png,train,,0,0.0,,0,0.0,0.3565,1,1.1186990525287255,0.939635943,1,-0.3136240570473091,24.65708372,1,1.7873595802416293
68905066,render/train/68905066.png,train,,0,0.0,0.34949792,1,-0.5982710547454096,,0,0.0,,0,0.0,,0,0.0
69087168,render/train/69087168.png,train,,0,0.0,0.35001333,1,-0.5808637176236282,,0,0.0,,0,0.0,,0,0.0
69121777,render/train/69121777.png,train,,0,0.0,0.34123375,1,-0.8773832047264252,,0,0.0,,0,0.0,,0,0.0
69694252,render/train/69694252.png,train,,0,0.0,0.3344037,1,-1.1080597203326898,,0,0.0,,0,0.0,,0,0.0
70273581,render/train/70273581.png,train,65.88587862,1,-0.2748081271160205,,0,0.0,,0,0.0,,0,0.0,,0,0.0
70329705,render/train/70329705.png,train,,0,0.0,0.33503076,1,-1.0868815421530198,,0,0.0,,0,0.0,,0,0.0
70414190,render/train/70414190.png,train,,0,0.0,0.34508223,1,-0.7474055388556925,,0,0.0,,0,0.0,,0,0.0
71102106,render/train/71102106.png,train,43.3930774,1,-0.47703009261243967,,0,0.0,,0,0.0,1.006135387,1,0.14126224757153552,25.25187791,1,1.9164202529864753
71135797,render/train/71135797.png,train,,0,0.0,0.34204989,1,-0.8498190827292359,,0,0.0,,0,0.0,,0,0.0
71203158,render/train/71203158.png,train,,0,0.0,0.3625688,1,-0.15681820237864438,,0,0.0,,0,0.0,,0,0.0
71861682,render/train/71861682.png,train,,0,0.0,0.36767673,1,0.015695834028220553,,0,0.0,,0,0.0,,0,0.0
72083210,render/train/72083210.png,train,,0,0.0,0.341417,1,-0.871194161969073,,0,0.0,,0,0.0,,0,0.0
72192148,render/train/72192148.png,train,,0,0.0,0.38538463,1,0.6137583183005448,,0,0.0,,0,0.0,,0,0.0
72343609,render/train/72343609.png,train,,0,0.0,0.36004959,1,-0.24190141331860404,,0,0.0,,0,0.0,,0,0.0
72459734,render/train/72459734.png,train,,0,0.0,0.29530816,1,-2.428463369346297,,0,0.0,,0,0.0,,0,0.0
72780876,render/train/72780876.png,train,,0,0.0,0.36666266,1,-0.018553129622243706,,0,0.0,,0,0.0,,0,0.0
73164224,render/train/73164224.png,train,,0,0.0,0.30277596,1,-2.1762476339937775,,0,0.0,,0,0.0,,0,0.0
73437424,render/train/73437424.png,train,,0,0.0,0.38393848,1,0.5649163855117665,,0,0.0,,0,0.0,,0,0.0
73489735,render/train/73489735.png,train,,0,0.0,0.33673412,1,-1.0293526588178907,,0,0.0,,0,0.0,,0,0.0
74066581,render/train/74066581.png,train,,0,0.0,0.34864845,1,-0.6269608563884517,,0,0.0,,0,0.0,,0,0.0
74313131,render/train/74313131.png,train,,0,0.0,0.35765237,1,-0.32286456245245326,,0,0.0,,0,0.0,,0,0.0
74688893,render/train/74688893.png,train,,0,0.0,0.38050025,1,0.4487944074511461,0.215,1,-0.46163820914247394,0.955743343,1,-0.2034421484133427,10.24635518,1,-1.3395343124437484
74865291,render/train/74865291.png,train,,0,0.0,0.31603172,1,-1.7285506876298546,,0,0.0,,0,0.0,,0,0.0
75135470,render/train/75135470.png,train,,0,0.0,0.35826873,1,-0.30204776357703156,,0,0.0,,0,0.0,,0,0.0
75252869,render/train/75252869.png,train,,0,0.0,0.37569363,1,0.28645674470440424,,0,0.0,,0,0.0,,0,0.0
75381552,render/train/75381552.png,train,,0,0.0,0.40978294,1,1.4377811493898487,,0,0.0,,0,0.0,,0,0.0
75443529,render/train/75443529.png,train,36.76976951,1,-0.5365770706212437,,0,0.0,,0,0.0,,0,0.0,,0,0.0
75466481,render/train/75466481.png,train,,0,0.0,0.34202194,1,-0.8507630595099616,,0,0.0,,0,0.0,,0,0.0
75536580,render/train/75536580.png,train,,0,0.0,0.36857397,1,0.04599900850901612,,0,0.0,,0,0.0,,0,0.0
75538162,render/train/75538162.png,train,,0,0.0,0.36360706,1,-0.12175225131044555,,0,0.0,,0,0.0,,0,0.0
75851204,render/train/75851204.png,train,,0,0.0,0.40662633,1,1.3311705395220006,,0,0.0,,0,0.0,,0,0.0
76090504,render/train/76090504.png,train,,0,0.0,0.35515201,1,-0.4073111378891305,,0,0.0,,0,0.0,,0,0.0
76415472,render/train/76415472.png,train,,0,0.0,0.37630261,1,0.30702429318119423,,0,0.0,,0,0.0,,0,0.0
76724169,render/train/76724169.png,train,,0,0.0,0.37755684,1,0.3493843646548806,,0,0.0,,0,0.0,,0,0.0
76990549,render/train/76990549.png,train,,0,0.0,0.35064415,1,-0.559558550080969,,0,0.0,,0,0.0,,0,0.0
77456502,render/train/77456502.png,train,373.476202,1,2.4905886393069565,,0,0.0,,0,0.0,,0,0.0,,0,0.0
79415769,render/train/79415769.png,train,42.46691504,1,-0.48535677326800286,,0,0.0,,0,0.0,,0,0.0,,0,0.0
79940149,render/train/79940149.png,train,,0,0.0,0.39025113,1,0.7781183542004124,,0,0.0,,0,0.0,,0,0.0
80116442,render/train/80116442.png,train,,0,0.0,0.34043284,1,-0.9044329522559764,,0,0.0,,0,0.0,,0,0.0
80376161,render/train/80376161.png,train,,0,0.0,0.37247097,1,0.17761537754257017,,0,0.0,,0,0.0,,0,0.0
80487296,render/train/80487296.png,train,,0,0.0,0.36132487,1,-0.19883040405478186,,0,0.0,,0,0.0,,0,0.0
80883741,render/train/80883741.png,train,,0,0.0,0.34231811,1,-0.8407602830109455,,0,0.0,,0,0.0,,0,0.0
80922127,render/train/80922127.png,train,,0,0.0,0.37552155,1,0.2806449549216749,,0,0.0,,0,0.0,,0,0.0
80929895,render/train/80929895.png,train,,0,0.0,0.35130308,1,-0.537304001954903,,0,0.0,,0,0.0,,0,0.0
81065395,render/train/81065395.png,train,,0,0.0,0.35406496,1,-0.44402491103717456,,0,0.0,,0,0.0,,0,0.0
81137216,render/train/81137216.png,train,,0,0.0,0.37913267,1,0.4026060795160927,0.425,1,1.8837386456345715,0.889143617,1,-0.6590144273149158,23.85283439,1,1.6128505461429758
81531670,render/train/81531670.png,train,-6.032415023,1,-0.9213909405854444,,0,0.0,,0,0.0,,0,0.0,,0,0.0
81725470,render/train/81725470.png,train,,0,0.0,,0,0.0,0.242,1,-0.1600897563854253,0.969832402,1,-0.10706660602434356,13.49779574,1,-0.6340245527342975
82529518,render/train/82529518.png,train,,0,0.0,0.37144246,1,0.14287872070020313,,0,0.0,,0,0.0,,0,0.0
82633177,render/train/82633177.png,train,,0,0.0,0.42698874,1,2.0188858253758637,0.13,1,-1.410957412266516,0.889251685,1,-0.6582751932670713,12.77290213,1,-0.7913146852674343
82784880,render/train/82784880.png,train,,0,0.0,0.3308451,1,-1.228247046697279,,0,0.0,,0,0.0,,0,0.0
82911538,render/train/82911538.png,train,,0,0.0,0.35793265,1,-0.3133984511071294,,0,0.0,,0,0.0,,0,0.0
82950702,render/train/82950702.png,train,,0,0.0,0.34443591,1,-0.7692341997830117,,0,0.0,,0,0.0,,0,0.0
82977315,render/train/82977315.png,train,,0,0.0,,0,0.0,0.507,1,2.799552465118942,0.89522718,1,-0.6174001020585131,20.57750836,1,0.9021580276257647
83711501,render/train/83711501.png,train,,0,0.0,0.328363025,1,-1.3120760688088928,,0,0.0,,0,0.0,,0,0.0
83752896,render/train/83752896.png,train,,0,0.0,0.42093042,1,1.8142735387853204,,0,0.0,,0,0.0,,0,0.0
83890516,render/train/83890516.png,train,,0,0.0,0.35853406,1,-0.29308657004465444,,0,0.0,,0,0.0,,0,0.0
84000426,render/train/84000426.png,train,,0,0.0,0.42292902,1,1.8817737890163837,,0,0.0,,0,0.0,,0,0.0
84183521,render/train/84183521.png,train,,0,0.0,0.36924197,1,0.06855988469952509,,0,0.0,,0,0.0,,0,0.0
84553861,render/train/84553861.png,train,,0,0.0,0.41330473,1,1.556725263400287,,0,0.0,,0,0.0,,0,0.0
84753546,render/train/84753546.png,train,,0,0.0,0.36216048,1,-0.1706087068189273,,0,0.0,,0,0.0,,0,0.0
85350789,render/train/85350789.png,train,,0,0.0,0.37513853,1,0.26770892678022623,,0,0.0,,0,0.0,,0,0.0
85512320,render/train/85512320.png,train,,0,0.0,0.365223,1,-0.06717587066479912,,0,0.0,,0,0.0,,0,0.0
86043004,render/train/86043004.png,train,,0,0.0,0.48499786,1,3.978072313759658,,0,0.0,,0,0.0,,0,0.0
86169021,render/train/86169021.png,train,,0,0.0,0.36481591,1,-0.08092483337197612,,0,0.0,,0,0.0,,0,0.0
86465615,render/train/86465615.png,train,,0,0.0,0.32509916,1,-1.4223090840297534,,0,0.0,,0,0.0,,0,0.0
86721128,render/train/86721128.png,train,,0,0.0,0.39356228,1,0.8899483619821538,,0,0.0,,0,0.0,,0,0.0
86909617,render/train/86909617.png,train,,0,0.0,0.37643744,1,0.3115780101524023,,0,0.0,,0,0.0,,0,0.0
86993682,render/train/86993682.png,train,,0,0.0,0.3436634,1,-0.7953247723367993,,0,0.0,,0,0.0,,0,0.0
87338341,render/train/87338341.png,train,,0,0.0,0.35145128,1,-0.5322987297222187,,0,0.0,,0,0.0,,0,0.0
87721068,render/train/87721068.png,train,,0,0.0,0.34308994,1,-0.8146926766185505,,0,0.0,,0,0.0,,0,0.0
88136935,render/train/88136935.png,train,,0,0.0,0.36253604,1,-0.15792463097744908,,0,0.0,,0,0.0,,0,0.0
88832421,render/train/88832421.png,train,,0,0.0,0.38583905,1,0.6291057933881067,,0,0.0,,0,0.0,,0,0.0
89077090,render/train/89077090.png,train,4.279694171,1,-0.8286797229283857,,0,0.0,,0,0.0,,0,0.0,,0,0.0
89099554,render/train/89099554.png,train,,0,0.0,0.35265054,1,-0.4917952022069036,0.199,1,-0.6403335885540582,1.092735648,1,0.7336472411260281,10.74609762,1,-1.231098324685444
89164117,render/train/89164117.png,train,,0,0.0,0.36405508,1,-0.10662092833009876,,0,0.0,,0,0.0,,0,0.0
89377326,render/train/89377326.png,train,,0,0.0,0.3649896,1,-0.07505866782477615,,0,0.0,,0,0.0,,0,0.0
89692209,render/train/89692209.png,train,,0,0.0,0.36204045,1,-0.1746625720422007,,0,0.0,,0,0.0,,0,0.0
90074942,render/train/90074942.png,train,,0,0.0,0.35188537,1,-0.5176378753127308,,0,0.0,,0,0.0,,0,0.0
90183382,render/train/90183382.png,train,,0,0.0,0.38043932,1,0.44673657184293236,,0,0.0,,0,0.0,,0,0.0
90208491,render/train/90208491.png,train,,0,0.0,0.33785141,1,-0.9916175669632598,,0,0.0,,0,0.0,,0,0.0
90217162,render/train/90217162.png,train,,0,0.0,0.35315661,1,-0.474703312066589,,0,0.0,,0,0.0,,0,0.0
90460674,render/train/90460674.png,train,,0,0.0,0.34628726,1,-0.7067071367062181,,0,0.0,,0,0.0,,0,0.0
90954727,render/train/90954727.png,train,,0,0.0,0.31968065,1,-1.6053125769145349,,0,0.0,,0,0.0,,0,0.0
91029862,render/train/91029862.png,train,,0,0.0,0.40199506,1,1.174755106775268,,0,0.0,,0,0.0,,0,0.0
91669068,render/train/91669068.png,train,,0,0.0,0.38534918,1,0.6125610382691775,,0,0.0,,0,0.0,,0,0.0
91718962,render/train/91718962.png,train,,0,0.0,0.36177328,1,-0.18368590930540302,,0,0.0,,0,0.0,,0,0.0
91927958,render/train/91927958.png,train,,0,0.0,0.36463818,1,-0.08692744493685653,,0,0.0,,0,0.0,,0,0.0
92209780,render/train/92209780.png,train,,0,0.0,0.35619083,1,-0.3722262735115491,,0,0.0,,0,0.0,,0,0.0
92330874,render/train/92330874.png,train,,0,0.0,0.3613898,1,-0.19663747337955895,,0,0.0,,0,0.0,,0,0.0
92595615,render/train/92595615.png,train,,0,0.0,0.35001678,1,-0.5807471981283323,,0,0.0,,0,0.0,,0,0.0
92619090,render/train/92619090.png,train,,0,0.0,0.3609429,1,-0.2117309697411425,0.193,1,-0.7073443558334024,1.051609028,1,0.4523225402268228,13.5752804,1,-0.6172116407806593
92814383,render/train/92814383.png,train,,0,0.0,,0,0.0,0.4325,1,1.9675021047337518,0.866351429,1,-0.8149233124102255,21.86411406,1,1.1813305548479167
92922401,render/train/92922401.png,train,,0,0.0,0.36870251,1,0.05034028848735182,,0,0.0,,0,0.0,,0,0.0
92946122,render/train/92946122.png,train,,0,0.0,0.36600725,1,-0.04068879408934058,,0,0.0,,0,0.0,,0,0.0
93073928,render/train/93073928.png,train,,0,0.0,0.35447107,1,-0.4303090466214142,,0,0.0,,0,0.0,,0,0.0
93319116,render/train/93319116.png,train,,0,0.0,0.32347655,1,-1.477110735699637,,0,0.0,,0,0.0,,0,0.0
93467042,render/train/93467042.png,train,,0,0.0,0.35176694,1,-0.5216377025092008,,0,0.0,,0,0.0,,0,0.0
94248723,render/train/94248723.png,train,,0,0.0,0.34969049,1,-0.5917672404819271,,0,0.0,,0,0.0,,0,0.0
94344742,render/train/94344742.png,train,,0,0.0,0.39742985,1,1.020570769060187,,0,0.0,,0,0.0,,0,0.0
94543909,render/train/94543909.png,train,,0,0.0,0.37066043,1,0.11646662188693452,,0,0.0,,0,0.0,,0,0.0
95310452,render/train/95310452.png,train,,0,0.0,0.36304161,1,-0.1408496277205092,0.1816666666666666,1,-0.8339202495832757,,0,0.0,,0,0.0
95396471,render/train/95396471.png,train,,0,0.0,0.42664647,1,2.0073260782295685,,0,0.0,,0,0.0,,0,0.0
95579704,render/train/95579704.png,train,,0,0.0,0.3914683,1,0.8192267698782589,,0,0.0,,0,0.0,,0,0.0
95950675,render/train/95950675.png,train,,0,0.0,0.3950498,1,0.9401875155014745,,0,0.0,,0,0.0,,0,0.0
96953852,render/train/96953852.png,train,,0,0.0,0.3505442,1,-0.5629342380678578,,0,0.0,,0,0.0,,0,0.0
97597340,render/train/97597340.png,train,,0,0.0,0.37330351,1,0.2057333893144955,0.348,1,1.0237671322163213,,0,0.0,,0,0.0
97633900,render/train/97633900.png,train,,0,0.0,0.37425307,1,0.23780360727177094,,0,0.0,,0,0.0,,0,0.0
98585154,render/train/98585154.png,train,,0,0.0,0.43056013,1,2.1395051182172136,,0,0.0,,0,0.0,,0,0.0
98641557,render/train/98641557.png,train,,0,0.0,0.36929236,1,0.0702617448061718,,0,0.0,,0,0.0,,0,0.0
98940224,render/train/98940224.png,train,,0,0.0,0.36387145,1,-0.11282280511881572,,0,0.0,,0,0.0,,0,0.0
99321215,render/train/99321215.png,train,,0,0.0,0.3473227,1,-0.6717364276602593,,0,0.0,,0,0.0,,0,0.0
99440116,render/train/99440116.png,train,,0,0.0,0.37077177,1,0.12022699307713154,,0,0.0,,0,0.0,,0,0.0
99885429,render/train/99885429.png,train,,0,0.0,0.36393423,1,-0.11070248804210756,,0,0.0,,0,0.0,,0,0.0
99908460,render/train/99908460.png,train,,0,0.0,0.34257003,1,-0.832251995690716,,0,0.0,,0,0.0,,0,0.0
100028701,render/train/100028701.png,train,,0,0.0,0.3228214,1,-1.499237618987379,,0,0.0,,0,0.0,,0,0.0
100174621,render/train/100174621.png,train,,0,0.0,0.38851796,1,0.7195826748783998,0.153,1,-1.1540828043623637,0.856410503,1,-0.8829237470097896,10.86090269,1,-1.2061874902862058
100767985,render/train/100767985.png,train,,0,0.0,0.35104794,1,-0.5459210408040739,,0,0.0,,0,0.0,,0,0.0
101151007,render/train/101151007.png,train,,0,0.0,0.35908585,1,-0.27445054328842566,,0,0.0,,0,0.0,,0,0.0
101268497,render/train/101268497.png,train,,0,0.0,0.37467147,1,0.2519345512809156,,0,0.0,,0,0.0,,0,0.0
101351388,render/train/101351388.png,train,,0,0.0,0.35500792,1,-0.4121775999404648,,0,0.0,,0,0.0,,0,0.0
101355121,render/train/101355121.png,train,,0,0.0,0.38382631,1,0.5611279820951648,,0,0.0,,0,0.0,,0,0.0
101541565,render/train/101541565.png,train,,0,0.0,0.4103927,1,1.4583750414047065,,0,0.0,,0,0.0,,0,0.0
101762204,render/train/101762204.png,train,,0,0.0,0.36946761,1,0.07618059742950568,,0,0.0,,0,0.0,,0,0.0
102315862,render/train/102315862.png,train,,0,0.0,0.36199402,1,-0.1762306880325076,,0,0.0,,0,0.0,,0,0.0
102324503,render/train/102324503.png,train,,0,0.0,0.37130166,1,0.13812337434148522,,0,0.0,,0,0.0,,0,0.0
102434627,render/train/102434627.png,train,,0,0.0,0.36683276,1,-0.012808211897684262,,0,0.0,,0,0.0,,0,0.0
102464376,render/train/102464376.png,train,,0,0.0,0.36999333,1,0.09393614208650346,,0,0.0,,0,0.0,,0,0.0
102545459,render/train/102545459.png,train,,0,0.0,0.35148366,1,-0.5312051351547806,,0,0.0,,0,0.0,,0,0.0
102606896,render/train/102606896.png,train,,0,0.0,0.36981309,1,0.08784875836707638,,0,0.0,,0,0.0,,0,0.0
102779162,render/train/102779162.png,train,,0,0.0,,0,0.0,0.39725,1,1.5738138469676046,0.883511374,1,-0.6975415194359468,15.35786351,1,-0.23042007612163162
103257739,render/train/103257739.png,train,,0,0.0,0.38996211,1,0.7683570601336736,,0,0.0,,0,0.0,,0,0.0
103265366,render/train/103265366.png,train,,0,0.0,0.34115264,1,-0.8801225949477007,,0,0.0,,0,0.0,,0,0.0
103451865,render/train/103451865.png,train,,0,0.0,0.49824253,1,4.425394709050298,,0,0.0,,0,0.0,,0,0.0
103929649,render/train/103929649.png,train,,0,0.0,0.37987007,1,0.4275108551192083,,0,0.0,,0,0.0,,0,0.0
104251154,render/train/104251154.png,train,,0,0.0,0.34734825,1,-0.6708735079197377,,0,0.0,,0,0.0,,0,0.0
104578958,render/train/104578958.png,train,,0,0.0,0.38564585,1,0.6225807016515702,,0,0.0,,0,0.0,,0,0.0
104743895,render/train/104743895.png,train,,0,0.0,0.35327947,1,-0.47055386708340635,,0,0.0,1.174206042,1,1.290941621850494,15.15828898,1,-0.2737245056832861
104905382,render/train/104905382.png,train,,0,0.0,0.39776859,1,1.0320112948098474,,0,0.0,,0,0.0,,0,0.0
104973461,render/train/104973461.png,train,,0,0.0,,0,0.0,,0,0.0,1.1275851,1,0.9720332709140634,,0,0.0
105391120,render/train/105391120.png,train,,0,0.0,0.36153949,1,-0.1915818782344121,,0,0.0,,0,0.0,,0,0.0
105613036,render/train/105613036.png,train,,0,0.0,0.35967534,1,-0.25454124552563573,,0,0.0,,0,0.0,,0,0.0
105789643,render/train/105789643.png,train,,0,0.0,0.36484641,1,-0.07989473348603261,,0,0.0,,0,0.0,,0,0.0
106050783,render/train/106050783.png,train,,0,0.0,0.40376048,1,1.2343799900750396,,0,0.0,,0,0.0,,0,0.0
106083096,render/train/106083096.png,train,,0,0.0,0.3106329,1,-1.9108891750472856,,0,0.0,,0,0.0,,0,0.0
106612314,render/train/106612314.png,train,,0,0.0,0.38149457,1,0.4823763392082519,,0,0.0,,0,0.0,,0,0.0
106732867,render/train/106732867.png,train,,0,0.0,0.37100735,1,0.12818341704862912,,0,0.0,,0,0.0,,0,0.0
106795224,render/train/106795224.png,train,,0,0.0,0.35744625,1,-0.32982601125542804,,0,0.0,,0,0.0,,0,0.0
106825904,render/train/106825904.png,train,,0,0.0,0.36508444,1,-0.07185556378599242,,0,0.0,,0,0.0,,0,0.0
106963136,render/train/106963136.png,train,,0,0.0,0.35278394,1,-0.48728978172215204,,0,0.0,,0,0.0,,0,0.0
107158685,render/train/107158685.png,train,,0,0.0,0.40390264,1,1.2391812687565407,,0,0.0,,0,0.0,,0,0.0
107530968,render/train/107530968.png,train,,0,0.0,0.37988049,1,0.4278627777687672,,0,0.0,,0,0.0,,0,0.0
107562247,render/train/107562247.png,train,,0,0.0,0.34711182,1,-0.6788586395929745,,0,0.0,,0,0.0,,0,0.0
108528555,render/train/108528555.png,train,,0,0.0,0.34744506,1,-0.6676038695604533,,0,0.0,,0,0.0,,0,0.0
108998578,render/train/108998578.png,train,,0,0.0,0.37723883,1,0.33864396908999544,,0,0.0,,0,0.0,,0,0.0
109027922,render/train/109027922.png,train,,0,0.0,0.37196889,1,0.1606582447315955,,0,0.0,,0,0.0,,0,0.0
109081671,render/train/109081671.png,train,,0,0.0,0.3630483,1,-0.1406236812209374,,0,0.0,,0,0.0,,0,0.0
109313016,render/train/109313016.png,train,,0,0.0,0.36149499,1,-0.19308481085488774,,0,0.0,,0,0.0,,0,0.0
109395625,render/train/109395625.png,train,,0,0.0,0.36603626,1,-0.039709017115857684,0.0829999999999999,1,-1.9358750892880463,1.354866985,1,2.526744266309079,14.15089535,1,-0.4923125514183528
109705207,render/train/109705207.png,train,,0,0.0,0.32341384,1,-1.4792286886126698,,0,0.0,,0,0.0,,0,0.0
110596247,render/train/110596247.png,train,,0,0.0,0.35205318,1,-0.5119702995140326,,0,0.0,,0,0.0,,0,0.0
110986650,render/train/110986650.png,train,,0,0.0,0.3581334,1,-0.3066183674316144,,0,0.0,,0,0.0,,0,0.0
111009795,render/train/111009795.png,train,,0,0.0,0.34325805,1,-0.8090149686898283,,0,0.0,,0,0.0,,0,0.0
111108341,render/train/111108341.png,train,,0,0.0,0.42229227,1,1.860268343036884,,0,0.0,,0,0.0,,0,0.0
111650158,render/train/111650158.png,train,,0,0.0,0.35930853,1,-0.26692980090803164,,0,0.0,,0,0.0,,0,0.0
111668732,render/train/111668732.png,train,,0,0.0,0.34341642,1,-0.8036662172492725,,0,0.0,,0,0.0,,0,0.0
111707044,render/train/111707044.png,train,,0,0.0,0.3496808,1,-0.5920945082817567,,0,0.0,,0,0.0,,0,0.0
111708400,render/train/111708400.png,train,,0,0.0,0.34655026,1,-0.6978246360503736,,0,0.0,,0,0.0,,0,0.0
112017015,render/train/112017015.png,train,,0,0.0,0.34702207,1,-0.6818898351589898,,0,0.0,,0,0.0,,0,0.0
112351140,render/train/112351140.png,train,-41.84388225,1,-1.2433546310623456,,0,0.0,,0,0.0,,0,0.0,,0,0.0
112553722,render/train/112553722.png,train,63.68828699,1,-0.2945656172761136,,0,0.0,,0,0.0,,0,0.0,,0,0.0
112989596,render/train/112989596.png,train,,0,0.0,0.31955507,1,-1.6095538865432841,,0,0.0,,0,0.0,,0,0.0
113181684,render/train/113181684.png,train,,0,0.0,0.41205158,1,1.5144016675946927,,0,0.0,,0,0.0,,0,0.0
113263690,render/train/113263690.png,train,,0,0.0,0.36641724,1,-0.026841887458582944,,0,0.0,,0,0.0,,0,0.0
113817075,render/train/113817075.png,train,,0,0.0,0.35451524,1,-0.42881725934396664,,0,0.0,,0,0.0,,0,0.0
113985401,render/train/113985401.png,train,,0,0.0,0.34614089,1,-0.7116506029457464,,0,0.0,,0,0.0,,0,0.0
114257024,render/train/114257024.png,train,,0,0.0,0.37338058,1,0.2083363335180925,,0,0.0,,0,0.0,,0,0.0
114287113,render/train/114287113.png,train,,0,0.0,0.36979921,1,0.0873799784845543,,0,0.0,,0,0.0,,0,0.0
114988183,render/train/114988183.png,train,,0,0.0,0.40345337,1,1.2240077285677533,,0,0.0,,0,0.0,,0,0.0
115242060,render/train/115242060.png,train,,0,0.0,0.3438323,1,-0.7896203831323437,,0,0.0,,0,0.0,,0,0.0
115627985,render/train/115627985.png,train,,0,0.0,0.36007197,1,-0.241145556418687,,0,0.0,,0,0.0,,0,0.0
116018739,render/train/116018739.png,train,,0,0.0,0.40782502,1,1.371654815990266,,0,0.0,,0,0.0,,0,0.0
116082085,render/train/116082085.png,train,,0,0.0,0.3502113,1,-0.5741775250196838,,0,0.0,,0,0.0,,0,0.0
116488904,render/train/116488904.png,train,,0,0.0,,0,0.0,0.294,1,0.4206702267022239,0.910678639,1,-0.5117051268421853,20.53765653,1,0.8935108281803343
116842973,render/train/116842973.png,train,,0,0.0,0.35759716,1,-0.3247292121148445,,0,0.0,,0,0.0,,0,0.0
116907306,render/train/116907306.png,train,,0,0.0,0.356451,1,-0.3634393526156138,,0,0.0,,0,0.0,,0,0.0
117726673,render/train/117726673.png,train,,0,0.0,0.35725227,1,-0.3363774465300325,,0,0.0,,0,0.0,,0,0.0
118056137,render/train/118056137.png,train,,0,0.0,0.33120706,1,-1.2160222940836316,,0,0.0,,0,0.0,,0,0.0
118556246,render/train/118556246.png,train,,0,0.0,0.4178534,1,1.7103509830132835,,0,0.0,,0,0.0,,0,0.0
118829848,render/train/118829848.png,train,,0,0.0,0.3636249,1,-0.12114972731158555,,0,0.0,,0,0.0,,0,0.0
118919299,render/train/118919299.png,train,,0,0.0,0.47395904,1,3.605249781859488,,0,0.0,,0,0.0,,0,0.0
118991284,render/train/118991284.png,train,,0,0.0,0.33298601,1,-1.1559404517197007,,0,0.0,,0,0.0,,0,0.0
119301714,render/train/119301714.png,train,112.5256843,1,0.144507950180494,,0,0.0,,0,0.0,,0,0.0,,0,0.0
119392727,render/train/119392727.png,train,,0,0.0,0.35699838,1,-0.3449522681707628,,0,0.0,,0,0.0,,0,0.0
120060047,render/train/120060047.png,train,,0,0.0,0.38701526,1,0.6688308355797814,,0,0.0,,0,0.0,,0,0.0
120425171,render/train/120425171.png,train,,0,0.0,0.37294076,1,0.19348195542511282,,0,0.0,,0,0.0,,0,0.0
120794322,render/train/120794322.png,train,,0,0.0,0.43936443,1,2.4368594928341256,,0,0.0,,0,0.0,,0,0.0
121214961,render/train/121214961.png,train,,0,0.0,0.35851232,1,-0.29382081173384833,,0,0.0,,0,0.0,,0,0.0
122170493,render/train/122170493.png,train,,0,0.0,0.46355784,1,3.253962079115893,,0,0.0,,0,0.0,,0,0.0
122752033,render/train/122752033.png,train,,0,0.0,0.34313577,1,-0.8131448248882936,,0,0.0,,0,0.0,,0,0.0
122815777,render/train/122815777.png,train,,0,0.0,0.3713436,1,0.13953984611907555,,0,0.0,,0,0.0,,0,0.0
123479038,render/train/123479038.png,train,,0,0.0,,0,0.0,0.1365,1,-1.33836241438056,1.048000594,1,0.42763921794639903,18.18607796,1,0.3832564959102729
123524661,render/train/123524661.png,train,,0,0.0,0.34625699,1,-0.707729468625809,,0,0.0,,0,0.0,,0,0.0
123705047,render/train/123705047.png,train,,0,0.0,0.37406215,1,0.23135551972342838,,0,0.0,,0,0.0,,0,0.0
124053674,render/train/124053674.png,train,-0.214281278,1,-0.8690828963393245,,0,0.0,,0,0.0,,0,0.0,,0,0.0
124111614,render/train/124111614.png,train,,0,0.0,0.38805343,1,0.7038937470089723,,0,0.0,,0,0.0,,0,0.0
124665758,render/train/124665758.png,train,,0,0.0,,0,0.0,0.2306666666666666,1,-0.2866656501352982,0.776895965,1,-1.4268391871794042,12.02548488,1,-0.9534920816305401
124836094,render/train/124836094.png,train,,0,0.0,0.34942241,1,-0.6008213118728728,,0,0.0,,0,0.0,,0,0.0
125425163,render/train/125425163.png,train,,0,0.0,0.40668067,1,1.3330058060073198,,0,0.0,,0,0.0,,0,0.0
125472122,render/train/125472122.png,train,,0,0.0,0.31360037,1,-1.8106665354229592,,0,0.0,,0,0.0,,0,0.0
125514208,render/train/125514208.png,train,,0,0.0,0.40081529,1,1.1349098299739548,,0,0.0,,0,0.0,,0,0.0
125846951,render/train/125846951.png,train,,0,0.0,0.38047103,1,0.44780753798664524,,0,0.0,,0,0.0,,0,0.0
125969488,render/train/125969488.png,train,,0,0.0,0.3184913,1,-1.6454814064013352,,0,0.0,,0,0.0,,0,0.0
126334280,render/train/126334280.png,train,,0,0.0,0.3678366,1,0.021095246118904388,,0,0.0,,0,0.0,,0,0.0
126444620,render/train/126444620.png,train,,0,0.0,0.34871423,1,-0.6247392180114876,,0,0.0,,0,0.0,,0,0.0
126841859,render/train/126841859.png,train,,0,0.0,0.3285221,1,-1.306703506862777,,0,0.0,,0,0.0,,0,0.0
127626732,render/train/127626732.png,train,,0,0.0,0.32998468,1,-1.2573066710862584,,0,0.0,,0,0.0,,0,0.0
127834200,render/train/127834200.png,train,,0,0.0,0.32683261,1,-1.3637639480530495,,0,0.0,,0,0.0,,0,0.0
127883611,render/train/127883611.png,train,,0,0.0,0.36408964,1,-0.10545370695114013,,0,0.0,,0,0.0,,0,0.0
127891371,render/train/127891371.png,train,,0,0.0,0.36659274,1,-0.020914591393561683,,0,0.0,,0,0.0,,0,0.0
128067074,render/train/128067074.png,train,,0,0.0,0.43454903,1,2.2742252964152994,,0,0.0,,0,0.0,,0,0.0
128211105,render/train/128211105.png,train,,0,0.0,0.38474727,1,0.5922322703233242,,0,0.0,,0,0.0,,0,0.0
129058504,render/train/129058504.png,train,,0,0.0,0.32591099,1,-1.3948905269672667,,0,0.0,,0,0.0,,0,0.0
129677973,render/train/129677973.png,train,,0,0.0,0.40362445,1,1.2297857445837315,,0,0.0,,0,0.0,,0,0.0
130236950,render/train/130236950.png,train,,0,0.0,0.37077884,1,0.12046577360806994,,0,0.0,,0,0.0,,0,0.0
130348754,render/train/130348754.png,train,,0,0.0,0.38621425,1,0.641777710673553,,0,0.0,,0,0.0,,0,0.0
130603875,render/train/130603875.png,train,,0,0.0,0.3627942,1,-0.14920559535268568,,0,0.0,,0,0.0,,0,0.0
131030961,render/train/131030961.png,train,,0,0.0,0.38062557,1,0.45302693590054055,,0,0.0,,0,0.0,,0,0.0
131086449,render/train/131086449.png,train,,0,0.0,0.39388382,1,0.9008079789436754,,0,0.0,,0,0.0,,0,0.0
131094319,render/train/131094319.png,train,,0,0.0,0.39302909,1,0.8719405272875181,,0,0.0,,0,0.0,,0,0.0
131123838,render/train/131123838.png,train,,0,0.0,0.36034333,1,-0.2319807070727941,,0,0.0,,0,0.0,,0,0.0
131275030,render/train/131275030.png,train,,0,0.0,,0,0.0,0.2095,1,-0.5230647458152061,0.91413913,1,-0.4880338016630338,12.27591848,1,-0.8991520604310838
131448132,render/train/131448132.png,train,,0,0.0,0.33122927,1,-1.215272178724063,,0,0.0,,0,0.0,,0,0.0
131486630,render/train/131486630.png,train,,0,0.0,0.34979846,1,-0.5881206868856872,,0,0.0,,0,0.0,,0,0.0
131992742,render/train/131992742.png,train,120.4503456,1,0.2157547712547173,,0,0.0,,0,0.0,,0,0.0,,0,0.0
132133665,render/train/132133665.png,train,,0,0.0,0.36227874,1,-0.16661462116280581,,0,0.0,,0,0.0,,0,0.0
132181866,render/train/132181866.png,train,,0,0.0,0.36454415,1,-0.09010319222457032,,0,0.0,,0,0.0,,0,0.0
132706466,render/train/132706466.png,train,,0,0.0,0.40016775,1,1.113039965051197,,0,0.0,,0,0.0,,0,0.0
132725176,render/train/132725176.png,train,,0,0.0,0.41625991,1,1.6565328234312275,,0,0.0,,0,0.0,,0,0.0
133123853,render/train/133123853.png,train,,0,0.0,0.3294033,1,-1.2769420636006856,,0,0.0,,0,0.0,,0,0.0
133124835,render/train/133124835.png,train,,0,0.0,0.36528492,1,-0.06508459902749948,,0,0.0,,0,0.0,,0,0.0
133986624,render/train/133986624.png,train,53.41644401,1,-0.38691482075545663,,0,0.0,,0,0.0,,0,0.0,,0,0.0
134240821,render/train/134240821.png,train,,0,0.0,0.42294334,1,1.8822574293562764,,0,0.0,,0,0.0,,0,0.0
134957671,render/train/134957671.png,train,,0,0.0,0.34245153,1,-0.8362541870508593,,0,0.0,,0,0.0,,0,0.0
135202428,render/train/135202428.png,train,,0,0.0,0.38523355,1,0.6086557776196128,,0,0.0,,0,0.0,,0,0.0
135272498,render/train/135272498.png,train,,0,0.0,0.36388977,1,-0.1122040697119138,,0,0.0,,0,0.0,,0,0.0
135399849,render/train/135399849.png,train,,0,0.0,0.37438756,1,0.2423458411622818,,0,0.0,,0,0.0,,0,0.0
135571738,render/train/135571738.png,train,,0,0.0,0.36595891,1,-0.04232141797414409,,0,0.0,,0,0.0,,0,0.0
136037972,render/train/136037972.png,train,,0,0.0,0.39144941,1,0.818588783424309,,0,0.0,,0,0.0,,0,0.0
136482029,render/train/136482029.png,train,,0,0.0,0.35258622,1,-0.4939675308844091,,0,0.0,,0,0.0,,0,0.0
136535007,render/train/136535007.png,train,,0,0.0,0.37638503,1,0.3098079270369163,,0,0.0,,0,0.0,,0,0.0
136564910,render/train/136564910.png,train,,0,0.0,0.32170639,1,-1.5368957066538143,,0,0.0,,0,0.0,,0,0.0
136668087,render/train/136668087.png,train,,0,0.0,0.35168899,1,-0.5242703676275392,,0,0.0,,0,0.0,,0,0.0
136676580,render/train/136676580.png,train,,0,0.0,0.33487592,1,-1.0921110721969394,,0,0.0,,0,0.0,,0,0.0
137060513,render/train/137060513.png,train,,0,0.0,0.3611032,1,-0.20631703493075532,,0,0.0,,0,0.0,,0,0.0
137117611,render/train/137117611.png,train,,0,0.0,0.35975635,1,-0.2518052326810355,,0,0.0,,0,0.0,,0,0.0
137415290,render/train/137415290.png,train,,0,0.0,0.31440807,1,-1.7833874640171608,,0,0.0,,0,0.0,,0,0.0
138808143,render/train/138808143.png,train,,0,0.0,0.32465489,1,-1.4373137553847801,,0,0.0,,0,0.0,,0,0.0
138809640,render/train/138809640.png,train,,0,0.0,0.35127788,1,-0.5381551008770601,,0,0.0,,0,0.0,,0,0.0
139085360,render/train/139085360.png,train,,0,0.0,0.31720928,1,-1.688780050853066,0.1985,1,-0.6459178191606703,0.996128545,1,0.07281091768846686,14.52607342,1,-0.4109050075529485
139188730,render/train/139188730.png,train,,0,0.0,0.3724538,1,0.17703548196743352,,0,0.0,,0,0.0,,0,0.0
139200098,render/train/139200098.png,train,,0,0.0,0.32644555,1,-1.3768364222121803,,0,0.0,,0,0.0,,0,0.0
139585639,render/train/139585639.png,train,,0,0.0,0.3884516,1,0.7173414477167203,,0,0.0,,0,0.0,,0,0.0
139914608,render/train/139914608.png,train,,0,0.0,0.388028525,1,0.7030526113480086,,0,0.0,,0,0.0,,0,0.0
139977598,render/train/139977598.png,train,,0,0.0,0.40878882,1,1.4042059723860936,,0,0.0,,0,0.0,,0,0.0
140168832,render/train/140168832.png,train,,0,0.0,0.34533311,1,-0.7389323762528854,,0,0.0,,0,0.0,,0,0.0
140415340,render/train/140415340.png,train,,0,0.0,0.41369555,1,1.5699247269224055,,0,0.0,,0,0.0,,0,0.0
141066783,render/train/141066783.png,train,,0,0.0,0.3670318,1,-0.006085881363313339,,0,0.0,1.154810331,1,1.158266177191963,19.52705482,1,0.6742266812223903
141135744,render/train/141135744.png,train,,0,0.0,,0,0.0,0.163,1,-1.0423981922301233,0.814226421,1,-1.171481966755481,15.84965404,1,-0.12370952360035647
141962685,render/train/141962685.png,train,,0,0.0,0.38366054,1,0.5555293047806426,,0,0.0,,0,0.0,,0,0.0
142147775,render/train/142147775.png,train,,0,0.0,0.3498749,1,-0.5855390201551441,,0,0.0,,0,0.0,,0,0.0
142186672,render/train/142186672.png,train,,0,0.0,,0,0.0,0.2125,1,-0.48955936217553403,,0,0.0,,0,0.0
142224028,render/train/142224028.png,train,,0,0.0,0.41914206,1,1.7538738852762494,,0,0.0,,0,0.0,,0,0.0
142367496,render/train/142367496.png,train,,0,0.0,0.39420659,1,0.9117091376383029,,0,0.0,,0,0.0,,0,0.0
142490647,render/train/142490647.png,train,,0,0.0,0.3726534,1,0.18377672581118512,,0,0.0,,0,0.0,,0,0.0
142802262,render/train/142802262.png,train,,0,0.0,0.36931239,1,0.07093823335421968,,0,0.0,,0,0.0,,0,0.0
143774509,render/train/143774509.png,train,,0,0.0,0.34620954,1,-0.7093320338582038,,0,0.0,,0,0.0,,0,0.0
143809812,render/train/143809812.png,train,,0,0.0,0.38536846,1,0.6132121964921614,,0,0.0,,0,0.0,,0,0.0
143899690,render/train/143899690.png,train,,0,0.0,0.36754794,1,0.011346110608197481,,0,0.0,,0,0.0,,0,0.0
143924095,render/train/143924095.png,train,,0,0.0,0.36294756,1,-0.14402605048355957,,0,0.0,,0,0.0,,0,0.0
144238786,render/train/144238786.png,train,,0,0.0,0.35420513,1,-0.43929084215151065,,0,0.0,,0,0.0,,0,0.0
144472572,render/train/144472572.png,train,,0,0.0,0.3833667,1,0.5456052211581591,,0,0.0,,0,0.0,,0,0.0
144839830,render/train/144839830.png,train,,0,0.0,0.36302483,1,-0.14141635152661192,,0,0.0,,0,0.0,,0,0.0
145920765,render/train/145920765.png,train,,0,0.0,0.34380582,1,-0.7905147124759434,,0,0.0,,0,0.0,,0,0.0
146156380,render/train/146156380.png,train,,0,0.0,0.37347921,1,0.2116674401328674,,0,0.0,,0,0.0,,0,0.0
146165767,render/train/146165767.png,train,,0,0.0,0.34193667,1,-0.8536429486009275,,0,0.0,,0,0.0,,0,0.0
146221251,render/train/146221251.png,train,,0,0.0,0.41117013,1,1.4846317808909157,,0,0.0,,0,0.0,,0,0.0
146716935,render/train/146716935.png,train,,0,0.0,0.348692,1,-0.6254900088463906,,0,0.0,,0,0.0,,0,0.0
147030895,render/train/147030895.png,train,,0,0.0,0.37036169,1,0.10637704680736593,,0,0.0,,0,0.0,,0,0.0
147633092,render/train/147633092.png,train,,0,0.0,0.33635489,1,-1.0421606843833502,,0,0.0,,0,0.0,,0,0.0
147677118,render/train/147677118.png,train,,0,0.0,,0,0.0,0.212,1,-0.4951435927821461,1.013471369,1,0.1914436858213093,12.39029756,1,-0.8743336589387346
148111753,render/train/148111753.png,train,,0,0.0,0.3272277,1,-1.3504202705469,,0,0.0,,0,0.0,,0,0.0
148248890,render/train/148248890.png,train,,0,0.0,0.3615965,1,-0.18965643579186692,0.2375,1,-0.21034783184493347,0.960101927,1,-0.17362746050210515,11.45757736,1,-1.0767187839425731
148252767,render/train/148252767.png,train,,0,0.0,0.38294962,1,0.5315188585211266,,0,0.0,,0,0.0,,0,0.0
148616974,render/train/148616974.png,train,,0,0.0,0.34983248,1,-0.5869717033407745,,0,0.0,,0,0.0,,0,0.0
149053950,render/train/149053950.png,train,,0,0.0,0.38371723,1,0.557443939617829,,0,0.0,,0,0.0,,0,0.0
149101883,render/train/149101883.png,train,,0,0.0,0.37557123,1,0.282322835653927,,0,0.0,,0,0.0,,0,0.0
149152941,render/train/149152941.png,train,,0,0.0,0.37562904,1,0.2842752971098767,,0,0.0,,0,0.0,,0,0.0
150274872,render/train/150274872.png,train,,0,0.0,0.3589821,1,-0.27795457158897113,,0,0.0,,0,0.0,,0,0.0
150383443,render/train/150383443.png,train,14.21396213,1,-0.7393654942208117,,0,0.0,,0,0.0,,0,0.0,,0,0.0
150398974,render/train/150398974.png,train,,0,0.0,0.37423891,1,0.2373253707345576,,0,0.0,,0,0.0,,0,0.0
150541495,render/train/150541495.png,train,,0,0.0,0.36553114,1,-0.05676882217775953,,0,0.0,,0,0.0,,0,0.0
151009154,render/train/151009154.png,train,,0,0.0,0.33806241,1,-0.9844913021785345,,0,0.0,,0,0.0,,0,0.0
151282337,render/train/151282337.png,train,,0,0.0,0.38326204,1,0.5420704587298685,,0,0.0,,0,0.0,,0,0.0
151355449,render/train/151355449.png,train,,0,0.0,0.34050222,1,-0.9020897283187044,,0,0.0,,0,0.0,,0,0.0
151560379,render/train/151560379.png,train,,0,0.0,0.35673043,1,-0.3540019489720311,,0,0.0,,0,0.0,,0,0.0
151874358,render/train/151874358.png,train,,0,0.0,0.34027795,1,-0.9096641709882344,,0,0.0,,0,0.0,,0,0.0
151905187,render/train/151905187.png,train,,0,0.0,0.33926085,1,-0.9440154691519567,,0,0.0,,0,0.0,,0,0.0
152255453,render/train/152255453.png,train,,0,0.0,0.34811185,1,-0.6450838596277136,,0,0.0,,0,0.0,,0,0.0
152289390,render/train/152289390.png,train,,0,0.0,0.36602103,1,-0.04022339158349381,,0,0.0,,0,0.0,,0,0.0
152393943,render/train/152393943.png,train,,0,0.0,0.36407339,1,-0.10600253066086418,,0,0.0,,0,0.0,,0,0.0
152467749,render/train/152467749.png,train,199.6619548,1,0.9279082796543366,,0,0.0,,0,0.0,,0,0.0,,0,0.0
152612020,render/train/152612020.png,train,,0,0.0,0.36948879,1,0.07689592580931885,,0,0.0,,0,0.0,,0,0.0
152623829,render/train/152623829.png,train,,0,0.0,0.36060711,1,-0.22307186287888356,,0,0.0,,0,0.0,,0,0.0
153052486,render/train/153052486.png,train,,0,0.0,0.40426914,1,1.2515593542712453,,0,0.0,,0,0.0,,0,0.0
153647431,render/train/153647431.png,train,,0,0.0,0.32655452,1,-1.3731560948491852,,0,0.0,,0,0.0,,0,0.0
153735651,render/train/153735651.png,train,,0,0.0,0.34651154,1,-0.6991323562990208,,0,0.0,,0,0.0,,0,0.0
153736542,render/train/153736542.png,train,,0,0.0,0.34429229,1,-0.7740847881639714,,0,0.0,,0,0.0,,0,0.0
153783159,render/train/153783159.png,train,,0,0.0,0.37142885,1,0.14241905973470498,0.2314999999999999,1,-0.2773585991242786,1.0222365,1,0.251401150279059,11.6806072,1,-1.0283249333022781
153852064,render/train/153852064.png,train,,0,0.0,0.36887719,1,0.056239890063637686,,0,0.0,,0,0.0,,0,0.0
154178646,render/train/154178646.png,train,,0,0.0,0.34963968,1,-0.5934832855706098,,0,0.0,,0,0.0,,0,0.0
154318869,render/train/154318869.png,train,,0,0.0,0.36467521,1,-0.08567680235401873,,0,0.0,,0,0.0,,0,0.0
154607078,render/train/154607078.png,train,,0,0.0,0.36064897,1,-0.22165809300263387,,0,0.0,,0,0.0,,0,0.0
154881704,render/train/154881704.png,train,,0,0.0,0.3520042,1,-0.5136245386095594,,0,0.0,,0,0.0,,0,0.0
154956060,render/train/154956060.png,train,,0,0.0,0.33585092,1,-1.0591816496134867,,0,0.0,,0,0.0,,0,0.0
155701787,render/train/155701787.png,train,,0,0.0,0.36320884,1,-0.13520164070653024,,0,0.0,,0,0.0,,0,0.0
155951033,render/train/155951033.png,train,53.2795594,1,-0.38814548449580916,,0,0.0,,0,0.0,,0,0.0,,0,0.0
156397667,render/train/156397667.png,train,,0,0.0,0.39004417,1,0.7711285354333657,,0,0.0,,0,0.0,,0,0.0
156526173,render/train/156526173.png,train,,0,0.0,0.37456116,1,0.2482089670704738,,0,0.0,,0,0.0,,0,0.0
157448813,render/train/157448813.png,train,,0,0.0,0.36772669,1,0.01738317141516393,,0,0.0,,0,0.0,,0,0.0
157842166,render/train/157842166.png,train,,0,0.0,0.39815003,1,1.0448939603998293,,0,0.0,,0,0.0,,0,0.0
157943579,render/train/157943579.png,train,,0,0.0,0.40700493,1,1.3439572876144061,,0,0.0,,0,0.0,,0,0.0
158153643,render/train/158153643.png,train,,0,0.0,0.39560548,1,0.9589549222103698,,0,0.0,,0,0.0,,0,0.0
159062110,render/train/159062110.png,train,,0,0.0,0.40285522,1,1.203805949984891,,0,0.0,,0,0.0,,0,0.0
159202130,render/train/159202130.png,train,,0,0.0,0.33082098,1,-1.229061669951344,,0,0.0,,0,0.0,,0,0.0
159242278,render/train/159242278.png,train,,0,0.0,0.35402154,1,-0.44549136798955635,,0,0.0,,0,0.0,,0,0.0
159632571,render/train/159632571.png,train,,0,0.0,0.38649399,1,0.6512255841848309,,0,0.0,,0,0.0,,0,0.0
159895291,render/train/159895291.png,train,,0,0.0,0.35255561,1,-0.4950013458846953,,0,0.0,,0,0.0,,0,0.0
160086436,render/train/160086436.png,train,,0,0.0,0.36657618,1,-0.02147388497097905,,0,0.0,,0,0.0,,0,0.0
160203629,render/train/160203629.png,train,,0,0.0,0.35524043,1,-0.4043248614328965,0.182,1,-0.8301974291788669,1.094513754,1,0.7458102912044718,11.86407254,1,-0.9885159361670475
160829220,render/train/160829220.png,train,,0,0.0,,0,0.0,0.192,1,-0.7185128170466265,0.99179579,1,0.04317291183132232,13.46142519,1,-0.6419163709968467
161010769,render/train/161010769.png,train,,0,0.0,0.38823069,1,0.7098804849034781,,0,0.0,,0,0.0,,0,0.0
161201125,render/train/161201125.png,train,,0,0.0,0.38012306,1,0.4360552803698625,0.2205,1,-0.40021167246974176,0.909612952,1,-0.5189949084125445,11.78379961,1,-1.0059338573962375
161607336,render/train/161607336.png,train,,0,0.0,0.36165997,1,-0.1875128148161007,,0,0.0,,0,0.0,,0,0.0
161723503,render/train/161723503.png,train,,0,0.0,0.36435311,1,-0.0965553326249229,,0,0.0,,0,0.0,,0,0.0
162025525,render/train/162025525.png,train,,0,0.0,0.36876206,1,0.05235151629744949,,0,0.0,,0,0.0,,0,0.0
162133188,render/train/162133188.png,train,,0,0.0,0.35644292,1,-0.36371224465097274,,0,0.0,,0,0.0,,0,0.0
163611533,render/train/163611533.png,train,,0,0.0,0.3443427,1,-0.77238225258199,,0,0.0,,0,0.0,,0,0.0
163724879,render/train/163724879.png,train,,0,0.0,0.36803803,1,0.02789829595581197,,0,0.0,,0,0.0,,0,0.0
163827064,render/train/163827064.png,train,,0,0.0,0.36767472,1,0.01562794875704862,,0,0.0,,0,0.0,,0,0.0
164182648,render/train/164182648.png,train,,0,0.0,0.34320724,1,-0.8107310137785091,,0,0.0,,0,0.0,,0,0.0
164916720,render/train/164916720.png,train,,0,0.0,0.37107899,1,0.1306029696987604,,0,0.0,,0,0.0,,0,0.0
164960718,render/train/164960718.png,train,,0,0.0,0.3879693,1,0.7010523600121061,,0,0.0,,0,0.0,,0,0.0
165064963,render/train/165064963.png,train,,0,0.0,0.36700436,1,-0.007012633522996849,,0,0.0,,0,0.0,,0,0.0
165170378,render/train/165170378.png,train,,0,0.0,0.3852781,1,0.610160398928427,,0,0.0,,0,0.0,,0,0.0
165675920,render/train/165675920.png,train,,0,0.0,0.36822035,1,0.034055929110082386,,0,0.0,,0,0.0,,0,0.0
165704886,render/train/165704886.png,train,,0,0.0,0.36444978,1,-0.09329042259298133,,0,0.0,,0,0.0,,0,0.0
165718490,render/train/165718490.png,train,,0,0.0,0.34002777,1,-0.9181136919543141,,0,0.0,,0,0.0,,0,0.0
166073456,render/train/166073456.png,train,,0,0.0,0.35691907,1,-0.3476308656118844,0.186,1,-0.7855235843259707,1.089194614,1,0.7094249653609908,17.59804845,1,0.2556636487870996
166405771,render/train/166405771.png,train,,0,0.0,,0,0.0,0.319,1,0.6998817570328248,,0,0.0,,0,0.0
166484126,render/train/166484126.png,train,,0,0.0,0.35913139,1,-0.2729124859505275,,0,0.0,,0,0.0,,0,0.0
166538508,render/train/166538508.png,train,,0,0.0,0.37035052,1,0.10599979383274304,,0,0.0,,0,0.0,,0,0.0
166991206,render/train/166991206.png,train,,0,0.0,,0,0.0,0.3545,1,1.0963621301022775,0.899322314,1,-0.5893875314244044,23.96801429,1,1.6378427125605457
167315243,render/train/167315243.png,train,,0,0.0,0.37967697,1,0.42098914075934707,,0,0.0,1.050887217,1,0.44738502618650783,20.17560548,1,0.8149516343170293
167636925,render/train/167636925.png,train,,0,0.0,0.40790715,1,1.3744286554536294,,0,0.0,,0,0.0,,0,0.0
168537867,render/train/168537867.png,train,,0,0.0,0.39327219,1,0.8801509299849922,,0,0.0,,0,0.0,,0,0.0
169123787,render/train/169123787.png,train,,0,0.0,0.40404304,1,1.2439231056085593,,0,0.0,,0,0.0,,0,0.0
169172468,render/train/169172468.png,train,,0,0.0,0.37649698,1,0.3135889002248307,,0,0.0,,0,0.0,,0,0.0
169292990,render/train/169292990.png,train,,0,0.0,0.37292398,1,0.19291523161901014,,0,0.0,,0,0.0,,0,0.0
169412293,render/train/169412293.png,train,,0,0.0,,0,0.0,0.269,1,0.14145869637162367,,0,0.0,,0,0.0
169491723,render/train/169491723.png,train,,0,0.0,0.37148684,1,0.14437760046866874,,0,0.0,,0,0.0,,0,0.0
169582663,render/train/169582663.png,train,,0,0.0,0.36754584,1,0.011275185698017574,,0,0.0,,0,0.0,,0,0.0
169699943,render/train/169699943.png,train,,0,0.0,0.33325517,1,-1.146849904660663,,0,0.0,,0,0.0,,0,0.0
169832897,render/train/169832897.png,train,,0,0.0,0.37684712,1,0.3254144469154666,,0,0.0,,0,0.0,,0,0.0
170092813,render/train/170092813.png,train,,0,0.0,0.36801316,1,0.02705834237668295,,0,0.0,,0,0.0,,0,0.0
170253465,render/train/170253465.png,train,,0,0.0,0.35077616,1,-0.5551000751320028,,0,0.0,,0,0.0,,0,0.0
170762410,render/train/170762410.png,train,,0,0.0,0.3695966,1,0.08053707560287941,,0,0.0,,0,0.0,,0,0.0
171128702,render/train/171128702.png,train,,0,0.0,0.34460962,1,-0.763367358760477,,0,0.0,,0,0.0,,0,0.0
171195170,render/train/171195170.png,train,,0,0.0,,0,0.0,0.2463333333333333,1,-0.11169309112812156,,0,0.0,,0,0.0
172004497,render/train/172004497.png,train,,0,0.0,0.39303801,1,0.8722417892869473,,0,0.0,,0,0.0,,0,0.0
172704550,render/train/172704550.png,train,,0,0.0,0.41626444,1,1.6566858185946154,,0,0.0,,0,0.0,,0,0.0
173018796,render/train/173018796.png,train,,0,0.0,0.37955991,1,0.41703558362332754,,0,0.0,,0,0.0,,0,0.0
173214636,render/train/173214636.png,train,,0,0.0,0.36717844,1,-0.0011332962067629236,,0,0.0,,0,0.0,,0,0.0
173616711,render/train/173616711.png,train,,0,0.0,0.40266196,1,1.1972788318223484,,0,0.0,,0,0.0,,0,0.0
174572139,render/train/174572139.png,train,,0,0.0,0.37520737,1,0.2700339128834503,,0,0.0,,0,0.0,,0,0.0
174718000,render/train/174718000.png,train,,0,0.0,0.3715986,1,0.14815215664090173,,0,0.0,,0,0.0,,0,0.0
175197734,render/train/175197734.png,train,,0,0.0,0.34861668,1,-0.6280338489581705,,0,0.0,,0,0.0,,0,0.0
175226564,render/train/175226564.png,train,,0,0.0,0.36313657,1,-0.13764247082971548,,0,0.0,,0,0.0,,0,0.0
175456331,render/train/175456331.png,train,40.58060093,1,-0.5023157168489674,,0,0.0,,0,0.0,,0,0.0,,0,0.0
175513548,render/train/175513548.png,train,1.783806133,1,-0.851119052728472,,0,0.0,0.285,1,0.32015407578320765,,0,0.0,,0,0.0
175985223,render/train/175985223.png,train,,0,0.0,0.39181191,1,0.8308317738720025,0.2175,1,-0.43371705610941386,1.039476536,1,0.36933080195458046,13.18158821,1,-0.7026364477980105
176911109,render/train/176911109.png,train,,0,0.0,,0,0.0,0.1425,1,-1.2713516471012158,1.365901109,1,2.602222670174623,17.04190977,1,0.13499059349005574
177156003,render/train/177156003.png,train,,0,0.0,0.34368741,1,-0.7945138641970769,,0,0.0,,0,0.0,,0,0.0
177272960,render/train/177272960.png,train,,0,0.0,0.56389708,1,6.642796166974816,,0,0.0,,0,0.0,,0,0.0
177304158,render/train/177304158.png,train,,0,0.0,,0,0.0,0.0465,1,-2.3435239235707224,1.240147043,1,1.7420079235139705,13.23674474,1,-0.6906683771817331
177634653,render/train/177634653.png,train,,0,0.0,0.35668305,1,-0.35560215004075263,,0,0.0,,0,0.0,,0,0.0
177677392,render/train/177677392.png,train,,0,0.0,0.35959663,1,-0.2571995787067073,,0,0.0,,0,0.0,,0,0.0
177977769,render/train/177977769.png,train,383.4,1,2.5798087376451315,,0,0.0,,0,0.0,,0,0.0,,0,0.0
177999649,render/train/177999649.png,train,,0,0.0,0.41493555,1,1.611804197695205,,0,0.0,,0,0.0,,0,0.0
178586120,render/train/178586120.png,train,,0,0.0,0.34432797,1,-0.7728797401662515,,0,0.0,,0,0.0,,0,0.0
179710096,render/train/179710096.png,train,,0,0.0,0.33270357,1,-1.1654795144012084,,0,0.0,,0,0.0,,0,0.0
179732838,render/train/179732838.png,train,,0,0.0,0.32132816,1,-1.5496699584525222,,0,0.0,,0,0.0,,0,0.0
179923409,render/train/179923409.png,train,,0,0.0,0.34462277,1,-0.7629232337276842,,0,0.0,,0,0.0,,0,0.0
179976364,render/train/179976364.png,train,,0,0.0,0.35575698,1,-0.38687902221701703,,0,0.0,,0,0.0,,0,0.0
180279074,render/train/180279074.png,train,,0,0.0,0.35942779,1,-0.26290194148515694,,0,0.0,,0,0.0,,0,0.0
180321996,render/train/180321996.png,train,,0,0.0,0.76931541,1,13.58054693103335,,0,0.0,,0,0.0,,0,0.0
180324539,render/train/180324539.png,train,,0,0.0,0.36688477,1,-0.011051638288897702,,0,0.0,,0,0.0,,0,0.0
180355416,render/train/180355416.png,train,,0,0.0,0.3816141,1,0.48641331754815054,,0,0.0,,0,0.0,,0,0.0
180651708,render/train/180651708.png,train,-39.13613776,1,-1.2190106017227262,,0,0.0,,0,0.0,,0,0.0,,0,0.0
180714059,render/train/180714059.png,train,,0,0.0,0.34647823,1,-0.7002573604695388,,0,0.0,,0,0.0,,0,0.0
180949734,render/train/180949734.png,train,,0,0.0,0.36125209,1,-0.20128845879901108,,0,0.0,,0,0.0,,0,0.0
181297795,render/train/181297795.png,train,,0,0.0,0.36487066,1,-0.07907571964229021,,0,0.0,,0,0.0,,0,0.0
181346795,render/train/181346795.png,train,,0,0.0,0.35275364,1,-0.4883131268547468,,0,0.0,,0,0.0,,0,0.0
181691220,render/train/181691220.png,train,,0,0.0,0.30107699,1,-2.2336282504928633,,0,0.0,,0,0.0,,0,0.0
182042962,render/train/182042962.png,train,,0,0.0,0.37130723,1,0.13831149422229563,,0,0.0,,0,0.0,,0,0.0
182803961,render/train/182803961.png,train,,0,0.0,0.37664419,1,0.3185607364284311,,0,0.0,,0,0.0,,0,0.0
182838821,render/train/182838821.png,train,,0,0.0,0.41744785,1,1.696654031906906,,0,0.0,,0,0.0,,0,0.0
182963487,render/train/182963487.png,train,,0,0.0,0.37806189,1,0.3664418055531091,,0,0.0,,0,0.0,,0,0.0
183287787,render/train/183287787.png,train,,0,0.0,0.38996204,1,0.7683546959700022,,0,0.0,,0,0.0,,0,0.0
183910750,render/train/183910750.png,train,,0,0.0,0.31291135,1,-1.833937336190602,,0,0.0,,0,0.0,,0,0.0
184043122,render/train/184043122.png,train,-11.37918107,1,-0.969461144403031,,0,0.0,,0,0.0,,0,0.0,,0,0.0
184129336,render/train/184129336.png,train,,0,0.0,0.36779908,1,0.019828054390359194,,0,0.0,,0,0.0,,0,0.0
184214887,render/train/184214887.png,train,,0,0.0,0.37908759,1,0.4010835581108998,,0,0.0,,0,0.0,,0,0.0
184273461,render/train/184273461.png,train,,0,0.0,0.3300236,1,-1.2559921960842606,,0,0.0,,0,0.0,,0,0.0
184399060,render/train/184399060.png,train,,0,0.0,0.41886249,1,1.7444317533053202,,0,0.0,,0,0.0,,0,0.0
184854748,render/train/184854748.png,train,,0,0.0,0.36145459,1,-0.19444927103167886,0.143,1,-1.265767416494604,1.070408699,1,0.5809208014279249,12.24675377,1,-0.9054803285216115
184918589,render/train/184918589.png,train,,0,0.0,0.35810319,1,-0.3076386729251993,,0,0.0,,0,0.0,,0,0.0
185502634,render/train/185502634.png,train,,0,0.0,0.34680666,1,-0.6891650422550948,,0,0.0,,0,0.0,,0,0.0
185789282,render/train/185789282.png,train,,0,0.0,0.41131014,1,1.4893604459738985,0.1545,1,-1.1373301125425275,,0,0.0,,0,0.0
185974329,render/train/185974329.png,train,,0,0.0,,0,0.0,0.171,1,-0.9530505025243309,0.955409279,1,-0.20572729742099757,13.40669452,1,-0.6537920369141216
186514002,render/train/186514002.png,train,,0,0.0,0.34336471,1,-0.8054126587280311,,0,0.0,,0,0.0,,0,0.0
187577688,render/train/187577688.png,train,,0,0.0,0.34121483,1,-0.8780222043933772,,0,0.0,,0,0.0,,0,0.0
187968183,render/train/187968183.png,train,,0,0.0,0.3285942,1,-1.3042684182799384,,0,0.0,,0,0.0,,0,0.0
188178084,render/train/188178084.png,train,,0,0.0,0.36659408,1,-0.020869334546113102,,0,0.0,,0,0.0,,0,0.0
188574710,render/train/188574710.png,train,,0,0.0,0.3432777,1,-0.8083513141731451,,0,0.0,,0,0.0,,0,0.0
188691845,render/train/188691845.png,train,,0,0.0,0.36477351,1,-0.08235684108227183,,0,0.0,,0,0.0,,0,0.0
189225250,render/train/189225250.png,train,,0,0.0,0.36716787,1,-0.0014902849213338787,,0,0.0,,0,0.0,,0,0.0
189385552,render/train/189385552.png,train,,0,0.0,0.32470853,1,-1.4355021305361884,,0,0.0,,0,0.0,,0,0.0
189585434,render/train/189585434.png,train,,0,0.0,0.35716326,1,-0.3393836495086511,,0,0.0,,0,0.0,,0,0.0
189637201,render/train/189637201.png,train,,0,0.0,0.38400866,1,0.5672866284624392,,0,0.0,,0,0.0,,0,0.0
189875275,render/train/189875275.png,train,,0,0.0,0.37237347,1,0.17432243528422398,,0,0.0,,0,0.0,,0,0.0
189877162,render/train/189877162.png,train,,0,0.0,0.39779257,1,1.0328211897365678,,0,0.0,,0,0.0,,0,0.0
190124790,render/train/190124790.png,train,,0,0.0,0.35477943,1,-0.41989456790568747,,0,0.0,,0,0.0,,0,0.0
190194752,render/train/190194752.png,train,-41.92176029,1,-1.244054795090995,,0,0.0,,0,0.0,,0,0.0,,0,0.0
190344544,render/train/190344544.png,train,,0,0.0,0.29592785,1,-2.4075341038275893,,0,0.0,,0,0.0,,0,0.0
190407869,render/train/190407869.png,train,,0,0.0,,0,0.0,0.424,1,1.8725701844213474,1.081206735,1,0.6547842564845013,22.51988264,1,1.3236216792782547
190689808,render/train/190689808.png,train,,0,0.0,0.38497632,1,0.5999681515979293,0.171,1,-0.9530505025243309,0.933317386,1,-0.35684584765737054,12.10539551,1,-0.9361527736133177
190870051,render/train/190870051.png,train,,0,0.0,0.36892883,1,0.05798396737872311,,0,0.0,,0,0.0,,0,0.0
191380298,render/train/191380298.png,train,,0,0.0,0.35838591,1,-0.2980901535890021,,0,0.0,,0,0.0,,0,0.0
191414295,render/train/191414295.png,train,,0,0.0,0.35297912,1,-0.4806978179274475,,0,0.0,,0,0.0,,0,0.0
191656364,render/train/191656364.png,train,,0,0.0,,0,0.0,,0,0.0,1.042562737,1,0.39044181407373346,30.03662597,1,2.9546328211660575
191836476,render/train/191836476.png,train,,0,0.0,0.33330839,1,-1.1450524647941072,,0,0.0,,0,0.0,,0,0.0
192948428,render/train/192948428.png,train,,0,0.0,0.33745828,1,-1.004895047886576,,0,0.0,,0,0.0,,0,0.0
192960125,render/train/192960125.png,train,,0,0.0,0.34619216,1,-0.7099190219243565,,0,0.0,,0,0.0,,0,0.0
193203313,render/train/193203313.png,train,,0,0.0,0.34023648,1,-0.9110647690954502,,0,0.0,,0,0.0,,0,0.0
193475796,render/train/193475796.png,train,,0,0.0,0.36194506,1,-0.17788425165269964,,0,0.0,,0,0.0,,0,0.0
193587045,render/train/193587045.png,train,,0,0.0,0.31201093,1,-1.8643479112496693,,0,0.0,,0,0.0,,0,0.0
194134308,render/train/194134308.png,train,,0,0.0,0.34329076,1,-0.8079102287793622,,0,0.0,,0,0.0,,0,0.0
195032699,render/train/195032699.png,train,,0,0.0,0.3464418,1,-0.7014877387923228,,0,0.0,,0,0.0,,0,0.0
195040498,render/train/195040498.png,train,,0,0.0,0.387972,1,0.7011435491823361,,0,0.0,,0,0.0,,0,0.0
195313590,render/train/195313590.png,train,,0,0.0,0.36003088,1,-0.24253332049453805,,0,0.0,,0,0.0,,0,0.0
195349220,render/train/195349220.png,train,,0,0.0,0.3737643,1,0.22129600329626847,,0,0.0,,0,0.0,,0,0.0
195585477,render/train/195585477.png,train,,0,0.0,0.39207045,1,0.8395636435281324,,0,0.0,,0,0.0,,0,0.0
196134048,render/train/196134048.png,train,,0,0.0,0.40859696,1,1.3977261374970056,0.1674999999999999,1,-0.9921401167706163,,0,0.0,,0,0.0
196264517,render/train/196264517.png,train,9.575432391,1,-0.7810682857788555,,0,0.0,,0,0.0,,0,0.0,,0,0.0
197075441,render/train/197075441.png,train,,0,0.0,0.37269141,1,0.1850604666854377,,0,0.0,,0,0.0,,0,0.0
197916751,render/train/197916751.png,train,,0,0.0,0.35296749,1,-0.4810906068347757,,0,0.0,,0,0.0,,0,0.0
197924325,render/train/197924325.png,train,,0,0.0,0.36428861,1,-0.0987337405804425,,0,0.0,,0,0.0,,0,0.0
198466108,render/train/198466108.png,train,,0,0.0,0.35036936,1,-0.5688392434468212,,0,0.0,,0,0.0,,0,0.0
199188552,render/train/199188552.png,train,,0,0.0,0.36932897,1,0.07149820240697174,,0,0.0,,0,0.0,,0,0.0
199261804,render/train/199261804.png,train,,0,0.0,0.36179389,1,-0.18298983197263788,,0,0.0,,0,0.0,,0,0.0
199401973,render/train/199401973.png,train,,0,0.0,0.35673875,1,-0.3537209512326521,,0,0.0,,0,0.0,,0,0.0
199573915,render/train/199573915.png,train,,0,0.0,0.35026517,1,-0.5723581322047392,,0,0.0,,0,0.0,,0,0.0
199989730,render/train/199989730.png,train,,0,0.0,0.38367366,1,0.5559724166004333,,0,0.0,,0,0.0,,0,0.0
200483739,render/train/200483739.png,train,,0,0.0,0.35053912,1,-0.563105808802959,,0,0.0,,0,0.0,,0,0.0
200513526,render/train/200513526.png,train,,0,0.0,0.37145321,1,0.14324178869279006,,0,0.0,,0,0.0,,0,0.0
200916875,render/train/200916875.png,train,,0,0.0,0.42946115,1,2.102388424031817,,0,0.0,,0,0.0,,0,0.0
200989241,render/train/200989241.png,train,,0,0.0,0.40515813,1,1.2815838951763352,,0,0.0,,0,0.0,,0,0.0
201251785,render/train/201251785.png,train,277.0792131,1,1.6239296414956332,,0,0.0,,0,0.0,,0,0.0,,0,0.0
201564281,render/train/201564281.png,train,,0,0.0,0.35180531,1,-0.5203418030789163,,0,0.0,,0,0.0,,0,0.0
201596108,render/train/201596108.png,train,,0,0.0,,0,0.0,0.2925,1,0.4039175348823879,0.899716416,1,-0.5866916953145129,13.5860206,1,-0.6148811919284032
201709435,render/train/201709435.png,train,,0,0.0,0.36404303,1,-0.107027902219463,,0,0.0,,0,0.0,,0,0.0
201838282,render/train/201838282.png,train,,0,0.0,0.40374823,1,1.2339662614323248,,0,0.0,,0,0.0,,0,0.0
202074426,render/train/202074426.png,train,,0,0.0,0.35458448,1,-0.4264787637340412,,0,0.0,,0,0.0,,0,0.0
202457389,render/train/202457389.png,train,,0,0.0,0.3862015,1,0.6413470951474616,,0,0.0,,0,0.0,,0,0.0
203166993,render/train/203166993.png,train,,0,0.0,0.34147075,1,-0.8693788220061403,,0,0.0,,0,0.0,,0,0.0
203328995,render/train/203328995.png,train,,0,0.0,,0,0.0,0.38525,1,1.4397923124089163,,0,0.0,,0,0.0
203569820,render/train/203569820.png,train,,0,0.0,0.37230953,1,0.17216294063808507,,0,0.0,,0,0.0,,0,0.0
204188551,render/train/204188551.png,train,,0,0.0,,0,0.0,0.114,1,-1.5896527916781007,,0,0.0,,0,0.0
204433294,render/train/204433294.png,train,,0,0.0,0.33476928,1,-1.0957127066833998,,0,0.0,,0,0.0,,0,0.0
204583818,render/train/204583818.png,train,,0,0.0,0.31336206,1,-1.8187151617776907,,0,0.0,,0,0.0,,0,0.0
204710529,render/train/204710529.png,train,,0,0.0,0.39032537,1,0.7806257186441002,,0,0.0,,0,0.0,,0,0.0
204753687,render/train/204753687.png,train,,0,0.0,0.35004228,1,-0.5798859670761513,,0,0.0,,0,0.0,,0,0.0
204849258,render/train/204849258.png,train,,0,0.0,0.36120255,1,-0.20296161120391848,,0,0.0,,0,0.0,,0,0.0
205078323,render/train/205078323.png,train,,0,0.0,0.36210675,1,-0.17242337130652718,,0,0.0,,0,0.0,,0,0.0
205238044,render/train/205238044.png,train,,0,0.0,0.36219625,1,-0.1694006191821993,,0,0.0,,0,0.0,,0,0.0
205810542,render/train/205810542.png,train,,0,0.0,0.34615054,1,-0.7113246860965863,,0,0.0,,0,0.0,,0,0.0
206145001,render/train/206145001.png,train,,0,0.0,0.37060642,1,0.11464250074464526,,0,0.0,,0,0.0,,0,0.0
206778782,render/train/206778782.png,train,,0,0.0,0.42612429,1,1.9896900927068748,,0,0.0,,0,0.0,,0,0.0
207198573,render/train/207198573.png,train,136.5678336,1,0.36065935963150236,,0,0.0,,0,0.0,,0,0.0,,0,0.0
207258565,render/train/207258565.png,train,,0,0.0,0.41767157,1,1.7042098990047205,0.376,1,1.3364840461865943,0.786503256,1,-1.3611209670332645,27.96449264,1,2.505013564483646
207627808,render/train/207627808.png,train,,0,0.0,0.36859748,1,0.04679302976536188,,0,0.0,,0,0.0,,0,0.0
207945160,render/train/207945160.png,train,,0,0.0,0.37508167,1,0.26578855040269117,,0,0.0,,0,0.0,,0,0.0
208376671,render/train/208376671.png,train,,0,0.0,0.40028133,1,1.1168759894789186,,0,0.0,,0,0.0,,0,0.0
208448147,render/train/208448147.png,train,,0,0.0,0.3375562,1,-1.0015879206461957,0.172,1,-0.9418820413111072,1.081813241,1,0.6589330321204173,12.32614241,1,-0.888254283851104
208451383,render/train/208451383.png,train,,0,0.0,0.3399788,1,-0.9197675933121716,,0,0.0,,0,0.0,,0,0.0
209437861,render/train/209437861.png,train,,0,0.0,0.34646463,1,-0.7007166836973696,,0,0.0,,0,0.0,,0,0.0
210091509,render/train/210091509.png,train,,0,0.0,0.36466644,1,-0.08597299828843762,,0,0.0,,0,0.0,,0,0.0
210562725,render/train/210562725.png,train,,0,0.0,0.34119605,1,-0.8786564757329863,,0,0.0,,0,0.0,,0,0.0
210731746,render/train/210731746.png,train,,0,0.0,0.31899407,1,-1.6285009696913006,,0,0.0,,0,0.0,,0,0.0
210803302,render/train/210803302.png,train,153.0278775,1,0.5086437034692836,,0,0.0,,0,0.0,,0,0.0,,0,0.0
210909359,render/train/210909359.png,train,,0,0.0,0.35159394,1,-0.5274805641573409,,0,0.0,,0,0.0,,0,0.0
210914084,render/train/210914084.png,train,,0,0.0,0.35319666,1,-0.47335067270816056,,0,0.0,,0,0.0,,0,0.0
210989195,render/train/210989195.png,train,,0,0.0,0.37859256,1,0.3843645303555307,,0,0.0,,0,0.0,,0,0.0
211760119,render/train/211760119.png,train,,0,0.0,0.40884949,1,1.4062550268149525,,0,0.0,,0,0.0,,0,0.0
211825763,render/train/211825763.png,train,,0,0.0,0.3634429,1,-0.1272965528604953,,0,0.0,,0,0.0,,0,0.0
212654540,render/train/212654540.png,train,,0,0.0,0.37028116,1,0.10365724537080574,0.1953333333333333,1,-0.6812846130025467,,0,0.0,,0,0.0
212760661,render/train/212760661.png,train,,0,0.0,0.33649448,1,-1.0374462042824035,,0,0.0,,0,0.0,,0,0.0
213054047,render/train/213054047.png,train,,0,0.0,0.4006666,1,1.1298880085955612,,0,0.0,,0,0.0,,0,0.0
213771383,render/train/213771383.png,train,,0,0.0,0.35474585,1,-0.4210286909932294,,0,0.0,,0,0.0,,0,0.0
213984999,render/train/213984999.png,train,,0,0.0,0.37483877,1,0.2575849024585678,,0,0.0,,0,0.0,,0,0.0
214162824,render/train/214162824.png,train,,0,0.0,,0,0.0,0.2233333333333333,1,-0.3685676990322741,,0,0.0,,0,0.0
214279994,render/train/214279994.png,train,,0,0.0,0.38077316,1,0.45801160613550557,0.296,1,0.443007149128672,0.962511767,1,-0.15714306384575605,22.76143272,1,1.376034121011035
214573613,render/train/214573613.png,train,,0,0.0,0.336425,1,-1.0397928055963508,,0,0.0,,0,0.0,,0,0.0
214883571,render/train/214883571.png,train,,0,0.0,0.37434007,1,0.2407419249792176,,0,0.0,,0,0.0,,0,0.0
215105340,render/train/215105340.png,train,,0,0.0,0.40691826,1,1.3410301152499875,,0,0.0,,0,0.0,,0,0.0
215128069,render/train/215128069.png,train,,0,0.0,,0,0.0,0.3125,1,0.6272867591468686,0.952363037,1,-0.22656497188869207,18.83632464,1,0.5243494577815088
215274198,render/train/215274198.png,train,49.13696662,1,-0.42538954520790906,,0,0.0,,0,0.0,,0,0.0,,0,0.0
215595067,render/train/215595067.png,train,,0,0.0,0.353962,1,-0.4475022580619867,,0,0.0,,0,0.0,,0,0.0
215880524,render/train/215880524.png,train,,0,0.0,0.33036591,1,-1.2444310979872946,,0,0.0,,0,0.0,,0,0.0
215968936,render/train/215968936.png,train,,0,0.0,0.46732994,1,3.3813601046820887,,0,0.0,,0,0.0,,0,0.0
216165703,render/train/216165703.png,train,,0,0.0,0.37345371,1,0.2108062090806844,,0,0.0,,0,0.0,,0,0.0
216288111,render/train/216288111.png,train,,0,0.0,0.35823538,1,-0.303174118698219,,0,0.0,,0,0.0,,0,0.0
216414863,render/train/216414863.png,train,,0,0.0,0.35839515,1,-0.29777808398421046,,0,0.0,,0,0.0,,0,0.0
216608930,render/train/216608930.png,train,,0,0.0,0.33135087,1,-1.2111652886869884,,0,0.0,,0,0.0,,0,0.0
216626801,render/train/216626801.png,train,,0,0.0,,0,0.0,0.339,1,0.9232509812973055,0.946624284,1,-0.26582064063218297,20.81567785,1,0.9538369362692686
216772383,render/train/216772383.png,train,,0,0.0,0.38677194,1,0.6606130026536202,0.2096666666666666,1,-0.5212033356130027,0.940569983,1,-0.3072348005601989,11.37399833,1,-1.0948540751416378
218059466,render/train/218059466.png,train,206.5698859,1,0.9900141681513962,,0,0.0,,0,0.0,,0,0.0,,0,0.0
218216912,render/train/218216912.png,train,,0,0.0,0.32834937,1,-1.312537249593895,,0,0.0,,0,0.0,,0,0.0
218350404,render/train/218350404.png,train,3.667443154,1,-0.8341841775680698,,0,0.0,0.294,1,0.4206702267022239,0.941870155,1,-0.2983410354266305,20.56975581,1,0.9004758502687734
219039564,render/train/219039564.png,train,418.69,1,2.8970841669066116,,0,0.0,0.506,1,2.7883840039057177,1.086875784,1,0.6935631183094686,27.5268485,1,2.4100518986152566
219386483,render/train/219386483.png,train,,0,0.0,0.37130199,1,0.1381345196845151,,0,0.0,,0,0.0,,0,0.0
219718402,render/train/219718402.png,train,,0,0.0,0.35342866,1,-0.46551515882163613,,0,0.0,,0,0.0,,0,0.0
219873035,render/train/219873035.png,train,,0,0.0,0.38755299,1,0.6869920031754722,,0,0.0,,0,0.0,,0,0.0
220000766,render/train/220000766.png,train,,0,0.0,0.3869788,1,0.6675994440439935,0.2309999999999999,1,-0.28294282973089063,0.893389668,1,-0.6299695160730543,10.99379023,1,-1.177353053769925
220223317,render/train/220223317.png,train,,0,0.0,0.37640128,1,0.3103567507466404,,0,0.0,,0,0.0,,0,0.0
220286370,render/train/220286370.png,train,,0,0.0,0.36459187,1,-0.08849150807515342,,0,0.0,,0,0.0,,0,0.0
221632888,render/train/221632888.png,train,,0,0.0,0.35484533,1,-0.4176688766767133,,0,0.0,,0,0.0,,0,0.0
222144803,render/train/222144803.png,train,,0,0.0,0.33646603,1,-1.0384070679465038,,0,0.0,,0,0.0,,0,0.0
222164121,render/train/222164121.png,train,,0,0.0,0.34211001,1,-0.8477886038720902,,0,0.0,,0,0.0,,0,0.0
222724508,render/train/222724508.png,train,,0,0.0,,0,0.0,0.1929999999999999,1,-0.7073443558334037,,0,0.0,,0,0.0
223538531,render/train/223538531.png,train,,0,0.0,0.34446761,1,-0.7681635713769661,,0,0.0,,0,0.0,,0,0.0
223648222,render/train/223648222.png,train,,0,0.0,0.34605853,1,-0.7144322103754627,,0,0.0,,0,0.0,,0,0.0
223739255,render/train/223739255.png,train,,0,0.0,0.38307246,1,0.5356676280289745,,0,0.0,,0,0.0,,0,0.0
223791997,render/train/223791997.png,train,33.82674704,1,-0.5630363712020153,,0,0.0,,0,0.0,,0,0.0,,0,0.0
224878400,render/train/224878400.png,train,,0,0.0,0.37197293,1,0.16079469074927405,,0,0.0,,0,0.0,,0,0.0
225113015,render/train/225113015.png,train,,0,0.0,0.34459575,1,-0.7638358009053318,,0,0.0,,0,0.0,,0,0.0
225199973,render/train/225199973.png,train,,0,0.0,0.35401521,1,-0.4457051559330981,,0,0.0,,0,0.0,,0,0.0
225304239,render/train/225304239.png,train,,0,0.0,0.36000298,1,-0.2434756085869269,,0,0.0,,0,0.0,,0,0.0
225689380,render/train/225689380.png,train,,0,0.0,0.37500133,1,0.2630751659818162,,0,0.0,,0,0.0,,0,0.0
225811773,render/train/225811773.png,train,,0,0.0,0.34463445,1,-0.7625287561320192,,0,0.0,,0,0.0,,0,0.0
226076507,render/train/226076507.png,train,,0,0.0,0.35053641,1,-0.5631973357108563,,0,0.0,,0,0.0,,0,0.0
226216876,render/train/226216876.png,train,,0,0.0,0.35943133,1,-0.262782382350855,,0,0.0,,0,0.0,,0,0.0
226520604,render/train/226520604.png,train,,0,0.0,0.37079204,1,0.12091158732919945,,0,0.0,,0,0.0,,0,0.0
226546629,render/train/226546629.png,train,,0,0.0,0.35413594,1,-0.4416276490730993,,0,0.0,,0,0.0,,0,0.0
226561298,render/train/226561298.png,train,,0,0.0,0.38273527,1,0.5242794516177808,,0,0.0,,0,0.0,,0,0.0
226567495,render/train/226567495.png,train,,0,0.0,0.35949967,1,-0.2604742831310056,,0,0.0,,0,0.0,,0,0.0
226643768,render/train/226643768.png,train,,0,0.0,,0,0.0,0.148,1,-1.2099251104284838,1.093859396,1,0.7413341862235372,13.31500903,1,-0.6736862981884975
226759816,render/train/226759816.png,train,,0,0.0,0.36364076,1,-0.12061407537089357,,0,0.0,,0,0.0,,0,0.0
227298587,render/train/227298587.png,train,,0,0.0,0.34727992,1,-0.6731812694019197,,0,0.0,,0,0.0,,0,0.0
227838325,render/train/227838325.png,train,,0,0.0,0.4079258,1,1.3750585362035592,,0,0.0,,0,0.0,,0,0.0
228251537,render/train/228251537.png,train,,0,0.0,0.35878998,1,-0.28444318765741566,,0,0.0,,0,0.0,,0,0.0
228252916,render/train/228252916.png,train,,0,0.0,0.42087423,1,1.8123757908315106,,0,0.0,,0,0.0,,0,0.0
228347866,render/train/228347866.png,train,,0,0.0,0.32982991,1,-1.2625338369665047,,0,0.0,,0,0.0,,0,0.0
228476998,render/train/228476998.png,train,,0,0.0,0.35362996,1,-0.4587164995744059,,0,0.0,,0,0.0,,0,0.0
228510296,render/train/228510296.png,train,,0,0.0,0.34069727,1,-0.8955021551136771,,0,0.0,,0,0.0,,0,0.0
228992973,render/train/228992973.png,train,,0,0.0,0.40284317,1,1.2033989760955248,,0,0.0,,0,0.0,,0,0.0
229505065,render/train/229505065.png,train,,0,0.0,0.36351582,1,-0.12483376978892138,,0,0.0,,0,0.0,,0,0.0
229703472,render/train/229703472.png,train,,0,0.0,0.38017203,1,0.43770918172772005,,0,0.0,,0,0.0,,0,0.0
229766352,render/train/229766352.png,train,,0,0.0,0.37991556,1,0.4290472237687679,,0,0.0,,0,0.0,,0,0.0
230018905,render/train/230018905.png,train,,0,0.0,0.36279792,1,-0.1490799569403678,,0,0.0,,0,0.0,,0,0.0
230210475,render/train/230210475.png,train,,0,0.0,0.36413773,1,-0.10382952650802398,,0,0.0,,0,0.0,,0,0.0
230305493,render/train/230305493.png,train,,0,0.0,,0,0.0,0.289,1,0.36482792063610375,0.958044519,1,-0.1877010627146776,16.89480393,1,0.10307101694695626
230397925,render/train/230397925.png,train,,0,0.0,0.40146108,1,1.1567205908048972,0.371,1,1.2806417401204742,0.806729205,1,-1.2227663185640354,19.12833616,1,0.5877112119043
230432971,render/train/230432971.png,train,,0,0.0,0.36767095,1,0.015500621656392133,,0,0.0,,0,0.0,,0,0.0
231066951,render/train/231066951.png,train,,0,0.0,0.37754837,1,0.34909830085048954,,0,0.0,,0,0.0,,0,0.0
231144775,render/train/231144775.png,train,,0,0.0,0.38585396,1,0.6296093602503822,,0,0.0,,0,0.0,,0,0.0
231347203,render/train/231347203.png,train,,0,0.0,0.32591931,1,-1.3946095292278875,,0,0.0,,0,0.0,,0,0.0
231567628,render/train/231567628.png,train,,0,0.0,0.35173384,1,-0.522755614188699,,0,0.0,,0,0.0,,0,0.0
231654446,render/train/231654446.png,train,,0,0.0,0.37364004,1,0.21709927503963322,,0,0.0,,0,0.0,,0,0.0
232089797,render/train/232089797.png,train,,0,0.0,0.35754875,1,-0.32636420016332135,,0,0.0,,0,0.0,,0,0.0
232335054,render/train/232335054.png,train,,0,0.0,0.38115589,1,0.47093783988459753,,0,0.0,,0,0.0,,0,0.0
232528549,render/train/232528549.png,train,,0,0.0,0.37471715,1,0.2534773369461585,,0,0.0,,0,0.0,,0,0.0
232607063,render/train/232607063.png,train,,0,0.0,0.36758677,1,0.012657545971187345,,0,0.0,,0,0.0,,0,0.0
232782325,render/train/232782325.png,train,,0,0.0,0.38958964,1,0.7557773452314611,,0,0.0,,0,0.0,,0,0.0
232863145,render/train/232863145.png,train,,0,0.0,0.33326912,1,-1.1463787606144695,,0,0.0,,0,0.0,,0,0.0
233782359,render/train/233782359.png,train,,0,0.0,0.41938162,1,1.7619647288394213,,0,0.0,,0,0.0,,0,0.0
233996434,render/train/233996434.png,train,242.6534046,1,1.314423742671292,,0,0.0,,0,0.0,,0,0.0,,0,0.0
234298821,render/train/234298821.png,train,,0,0.0,0.35439862,1,-0.43275595602261546,,0,0.0,,0,0.0,,0,0.0
234298840,render/train/234298840.png,train,,0,0.0,0.38210588,1,0.5030225805615763,,0,0.0,,0,0.0,,0,0.0
234377391,render/train/234377391.png,train,,0,0.0,0.37489895,1,0.2596174077417195,0.368,1,1.247136356480802,0.906986266,1,-0.5369626298860364,23.47308455,1,1.5304510024871312
234483624,render/train/234483624.png,train,136.0523749,1,0.3560251181945778,,0,0.0,,0,0.0,,0,0.0,,0,0.0
234538951,render/train/234538951.png,train,132.5253262,1,0.324315118468915,,0,0.0,,0,0.0,,0,0.0,,0,0.0
234724783,render/train/234724783.png,train,,0,0.0,0.38703609,1,0.6695343431412301,,0,0.0,,0,0.0,,0,0.0
234741357,render/train/234741357.png,train,,0,0.0,0.34015211,1,-0.9139142617963383,,0,0.0,,0,0.0,,0,0.0
234747929,render/train/234747929.png,train,,0,0.0,0.36346408,1,-0.12658122448068215,,0,0.0,,0,0.0,,0,0.0
235082589,render/train/235082589.png,train,,0,0.0,0.36352019,1,-0.12468617842821296,,0,0.0,,0,0.0,,0,0.0
235587729,render/train/235587729.png,train,,0,0.0,0.37882713,1,0.39228684282260773,,0,0.0,,0,0.0,,0,0.0
235628108,render/train/235628108.png,train,,0,0.0,0.40933062,1,1.4225045992124667,,0,0.0,,0,0.0,,0,0.0
236163730,render/train/236163730.png,train,170.3261787,1,0.664164415816248,,0,0.0,,0,0.0,,0,0.0,,0,0.0
236477815,render/train/236477815.png,train,,0,0.0,0.37210124,1,0.1651282027612571,,0,0.0,,0,0.0,,0,0.0
236843078,render/train/236843078.png,train,,0,0.0,0.3730141,1,0.1959589234787246,,0,0.0,,0,0.0,,0,0.0
238179937,render/train/238179937.png,train,,0,0.0,0.33933851,1,-0.9413925984259769,,0,0.0,,0,0.0,,0,0.0
238223157,render/train/238223157.png,train,150.7130657,1,0.48783234309794493,,0,0.0,,0,0.0,,0,0.0,,0,0.0
238571886,render/train/238571886.png,train,,0,0.0,0.34998488,1,-0.5818245812877304,,0,0.0,,0,0.0,,0,0.0
238619204,render/train/238619204.png,train,,0,0.0,0.33594994,1,-1.055837371229678,,0,0.0,,0,0.0,,0,0.0
238841218,render/train/238841218.png,train,,0,0.0,0.3538557,1,-0.4510924094677519,,0,0.0,,0,0.0,,0,0.0
238997456,render/train/238997456.png,train,,0,0.0,0.3395961,1,-0.9326928138482615,,0,0.0,,0,0.0,,0,0.0
239786978,render/train/239786978.png,train,,0,0.0,0.35739857,1,-0.3314363444541755,,0,0.0,,0,0.0,,0,0.0
240082161,render/train/240082161.png,train,,0,0.0,0.34603548,1,-0.7152106956991011,,0,0.0,,0,0.0,,0,0.0
240111092,render/train/240111092.png,train,,0,0.0,0.37492289,1,0.26042595171776856,,0,0.0,,0,0.0,,0,0.0
240232361,render/train/240232361.png,train,95.07860424,1,-0.01235036139207328,,0,0.0,,0,0.0,,0,0.0,,0,0.0
240796718,render/train/240796718.png,train,,0,0.0,0.33962658,1,-0.9316633894376527,0.1684999999999999,1,-0.9809716555573923,1.040351207,1,0.37531394760234393,13.63736539,1,-0.6037402069444329
241359312,render/train/241359312.png,train,,0,0.0,0.38315859,1,0.5385765625593472,,0,0.0,,0,0.0,,0,0.0
241371117,render/train/241371117.png,train,,0,0.0,0.47689077,1,3.7042653470600886,,0,0.0,,0,0.0,,0,0.0
241512397,render/train/241512397.png,train,,0,0.0,0.35416456,1,-0.44066104386864846,,0,0.0,,0,0.0,,0,0.0
241814157,render/train/241814157.png,train,,0,0.0,,0,0.0,0.263,1,0.07444792909227946,,0,0.0,,0,0.0
241915001,render/train/241915001.png,train,,0,0.0,0.34542529,1,-0.7358191104336623,,0,0.0,,0,0.0,,0,0.0
242653142,render/train/242653142.png,train,,0,0.0,0.31935888,1,-1.6161799618424093,,0,0.0,,0,0.0,,0,0.0
242836460,render/train/242836460.png,train,,0,0.0,0.33534513,1,-1.076264083099112,,0,0.0,,0,0.0,,0,0.0
242840603,render/train/242840603.png,train,,0,0.0,0.45544781,1,2.980055817542072,,0,0.0,,0,0.0,,0,0.0
242927288,render/train/242927288.png,train,,0,0.0,0.34363418,1,-0.7963116418013002,,0,0.0,,0,0.0,,0,0.0
243127357,render/train/243127357.png,train,,0,0.0,0.37544351,1,0.2780092501643286,,0,0.0,,0,0.0,,0,0.0
243290882,render/train/243290882.png,train,,0,0.0,0.38182575,1,0.4935615352812664,,0,0.0,,0,0.0,,0,0.0
243418714,render/train/243418714.png,train,,0,0.0,0.34294351,1,-0.819638169284083,,0,0.0,,0,0.0,,0,0.0
243622593,render/train/243622593.png,train,,0,0.0,0.33521285,1,-1.0807316769651003,,0,0.0,,0,0.0,,0,0.0
243711331,render/train/243711331.png,train,,0,0.0,0.36723846,1,0.0008938052737074483,,0,0.0,,0,0.0,,0,0.0
243853291,render/train/243853291.png,train,19.42674542,1,-0.6924998649779152,,0,0.0,,0,0.0,,0,0.0,,0,0.0
243952176,render/train/243952176.png,train,,0,0.0,0.3240054,1,-1.459249479152704,,0,0.0,,0,0.0,,0,0.0
244278527,render/train/244278527.png,train,,0,0.0,0.36332291,1,-0.13134906713309932,,0,0.0,,0,0.0,,0,0.0
244304146,render/train/244304146.png,train,,0,0.0,0.3968899,1,1.0023346237023063,,0,0.0,,0,0.0,,0,0.0
244332189,render/train/244332189.png,train,,0,0.0,0.36678226,1,-0.014513787118671758,,0,0.0,,0,0.0,,0,0.0
244803582,render/train/244803582.png,train,,0,0.0,0.35353153,1,-0.46204085143583207,,0,0.0,,0,0.0,,0,0.0
244913940,render/train/244913940.png,train,,0,0.0,0.35794829,1,-0.31287022939512465,,0,0.0,,0,0.0,,0,0.0
245591935,render/train/245591935.png,train,,0,0.0,0.32944697,1,-1.2754671632066146,,0,0.0,,0,0.0,,0,0.0
245779778,render/train/245779778.png,train,105.8292511,1,0.08430353765425926,,0,0.0,,0,0.0,0.919975664,1,-0.44810926660914346,25.84971423,1,2.0461410185011863
246955408,render/train/246955408.png,train,,0,0.0,0.3636083,1,-0.12171037183967229,,0,0.0,,0,0.0,,0,0.0
247237663,render/train/247237663.png,train,,0,0.0,0.3708276,1,0.12211258247490944,,0,0.0,,0,0.0,,0,0.0
247440971,render/train/247440971.png,train,,0,0.0,0.36399382,1,-0.10868990928134051,,0,0.0,,0,0.0,,0,0.0
247441113,render/train/247441113.png,train,,0,0.0,0.37881264,1,0.39179746094236634,,0,0.0,,0,0.0,,0,0.0
247473503,render/train/247473503.png,train,,0,0.0,0.38180613,1,0.4928988939775871,0.1875,1,-0.7687708925061346,1.111901096,1,0.864747582612863,13.24819081,1,-0.6881847660111456
247558689,render/train/247558689.png,train,,0,0.0,0.35241412,1,-0.49977999614247315,,0,0.0,,0,0.0,,0,0.0
247866107,render/train/247866107.png,train,,0,0.0,0.35047717,1,-0.5651980936532607,,0,0.0,,0,0.0,,0,0.0
247996319,render/train/247996319.png,train,,0,0.0,0.35589429,1,-0.3822415463042643,,0,0.0,,0,0.0,,0,0.0
248016214,render/train/248016214.png,train,,0,0.0,0.35596729,1,-0.3797760613313498,0.168,1,-0.986555886164003,1.048543977,1,0.4313562036833438,11.43837267,1,-1.0808858895615039
248038345,render/train/248038345.png,train,,0,0.0,0.36033906,1,-0.23212492105682722,,0,0.0,,0,0.0,,0,0.0
248424742,render/train/248424742.png,train,,0,0.0,0.37176001,1,0.15360358033238292,,0,0.0,,0,0.0,,0,0.0
248434754,render/train/248434754.png,train,,0,0.0,0.34161456,1,-0.8645218166094971,,0,0.0,,0,0.0,,0,0.0
248544464,render/train/248544464.png,train,,0,0.0,0.36643788,1,-0.026144796912815772,,0,0.0,,0,0.0,,0,0.0
249614010,render/train/249614010.png,train,,0,0.0,0.36288949,1,-0.14598729311886394,,0,0.0,,0,0.0,,0,0.0
250010482,render/train/250010482.png,train,,0,0.0,0.35957001,1,-0.2580986363776517,,0,0.0,,0,0.0,,0,0.0
250039671,render/train/250039671.png,train,,0,0.0,0.36225862,1,-0.16729414934986167,,0,0.0,,0,0.0,,0,0.0
250587037,render/train/250587037.png,train,,0,0.0,0.39689903,1,1.0026429781927535,,0,0.0,,0,0.0,,0,0.0
251202338,render/train/251202338.png,train,,0,0.0,0.34943466,1,-0.6004075832301579,,0,0.0,,0,0.0,,0,0.0
251297590,render/train/251297590.png,train,,0,0.0,0.38575647,1,0.6263167557297052,,0,0.0,,0,0.0,,0,0.0
252276774,render/train/252276774.png,train,,0,0.0,0.34183349,1,-0.857127725854425,,0,0.0,,0,0.0,,0,0.0
252299281,render/train/252299281.png,train,,0,0.0,,0,0.0,0.2259999999999999,1,-0.3387851357970108,0.92947228,1,-0.38314811357116885,12.6370902,1,-0.8207836668870698
252836035,render/train/252836035.png,train,,0,0.0,0.37104971,1,0.12961407380825357,,0,0.0,,0,0.0,,0,0.0
253276168,render/train/253276168.png,train,,0,0.0,0.28803561,1,-2.6740847767404365,,0,0.0,,0,0.0,,0,0.0
253355524,render/train/253355524.png,train,,0,0.0,0.41199988,1,1.5126555638536014,,0,0.0,,0,0.0,,0,0.0
253518655,render/train/253518655.png,train,,0,0.0,0.41315553,1,1.5516862174008497,,0,0.0,,0,0.0,,0,0.0
253610686,render/train/253610686.png,train,,0,0.0,0.41535856,1,1.6260908387690782,,0,0.0,,0,0.0,,0,0.0
253726027,render/train/253726027.png,train,,0,0.0,0.35611323,1,-0.37484711781152474,,0,0.0,,0,0.0,,0,0.0
254267891,render/train/254267891.png,train,,0,0.0,0.41742983,1,1.69604542863003,0.199,1,-0.6403335885540582,,0,0.0,,0,0.0
254408923,render/train/254408923.png,train,,0,0.0,0.35408719,1,-0.44327412020227147,,0,0.0,,0,0.0,,0,0.0
254419051,render/train/254419051.png,train,,0,0.0,0.35818164,1,-0.30498912092348435,,0,0.0,,0,0.0,,0,0.0
254630145,render/train/254630145.png,train,,0,0.0,0.36437379,1,-0.09585689112848635,,0,0.0,,0,0.0,,0,0.0
254694603,render/train/254694603.png,train,,0,0.0,0.34862273,1,-0.6278295176693199,,0,0.0,,0,0.0,,0,0.0
254845509,render/train/254845509.png,train,,0,0.0,,0,0.0,0.1095,1,-1.6399108671376088,1.49945764,1,3.5158098100054778,12.31638522,1,-0.8903714355090567
255108764,render/train/255108764.png,train,,0,0.0,0.36084666,1,-0.21498135705338073,,0,0.0,,0,0.0,,0,0.0
255514575,render/train/255514575.png,train,,0,0.0,0.39087447,1,0.7991708939677645,,0,0.0,,0,0.0,,0,0.0
255574677,render/train/255574677.png,train,,0,0.0,0.36146511,1,-0.1940939710054465,,0,0.0,,0,0.0,,0,0.0
255628383,render/train/255628383.png,train,,0,0.0,0.37262971,1,0.1829766252768234,0.179,1,-0.8637028128185389,0.98541293,1,-0.000488740411957055,13.85902924,1,-0.5556427539343209
255934897,render/train/255934897.png,train,,0,0.0,0.33648171,1,-1.0378774952838297,,0,0.0,,0,0.0,,0,0.0
256392827,render/train/256392827.png,train,,0,0.0,0.37884475,1,0.39288193659278237,,0,0.0,,0,0.0,,0,0.0
256452381,render/train/256452381.png,train,,0,0.0,0.35367739,1,-0.4571146098173477,,0,0.0,,0,0.0,,0,0.0
256964530,render/train/256964530.png,train,,0,0.0,0.32360402,1,-1.4728055936517257,,0,0.0,,0,0.0,,0,0.0
257055666,render/train/257055666.png,train,,0,0.0,0.37771161,1,0.35461153053512673,,0,0.0,,0,0.0,,0,0.0
257349913,render/train/257349913.png,train,,0,0.0,0.37587647,1,0.29263194021738786,,0,0.0,,0,0.0,,0,0.0
257379568,render/train/257379568.png,train,,0,0.0,0.37822963,1,0.3721070171881321,0.233,1,-0.26060590730444133,1.15692241,1,1.17271375379686,22.05257254,1,1.22222298221556
257538013,render/train/257538013.png,train,,0,0.0,0.44963517,1,2.7837410699672205,,0,0.0,,0,0.0,,0,0.0
257696451,render/train/257696451.png,train,,0,0.0,0.32102943,1,-1.5597591957944235,,0,0.0,,0,0.0,,0,0.0
257850952,render/train/257850952.png,train,39.38257392,1,-0.5130866019117216,,0,0.0,,0,0.0,,0,0.0,,0,0.0
258103927,render/train/258103927.png,train,,0,0.0,0.44281771,1,2.553489766084366,,0,0.0,,0,0.0,,0,0.0
258160847,render/train/258160847.png,train,,0,0.0,0.36051806,1,-0.2260794168081734,,0,0.0,,0,0.0,,0,0.0
258763444,render/train/258763444.png,train,,0,0.0,,0,0.0,0.3647499999999999,1,1.2108388575378228,0.992488687,1,0.04791264102081028,22.57173018,1,1.3348717528416252
258775514,render/train/258775514.png,train,,0,0.0,0.39721388,1,1.0132766486547033,0.317,1,0.6775448346063768,0.861197166,1,-0.8501808049255559,12.32577198,1,-0.888334661140944
258956403,render/train/258956403.png,train,,0,0.0,0.34800933,1,-0.648546346195155,,0,0.0,,0,0.0,,0,0.0
258994540,render/train/258994540.png,train,,0,0.0,0.35665131,1,-0.3566741293974694,,0,0.0,,0,0.0,,0,0.0
258997794,render/train/258997794.png,train,,0,0.0,0.40056446,1,1.1264383560594864,,0,0.0,,0,0.0,,0,0.0
259074348,render/train/259074348.png,train,,0,0.0,0.34041504,1,-0.905034125304167,,0,0.0,,0,0.0,,0,0.0
259180745,render/train/259180745.png,train,,0,0.0,0.39504944,1,0.9401753569454426,,0,0.0,,0,0.0,,0,0.0
259297341,render/train/259297341.png,train,,0,0.0,0.38796769,1,0.7009979842476336,,0,0.0,,0,0.0,,0,0.0
259345713,render/train/259345713.png,train,,0,0.0,0.3823599,1,0.5116017927919839,,0,0.0,,0,0.0,,0,0.0
259345728,render/train/259345728.png,train,,0,0.0,0.34130286,1,-0.8750490997061772,,0,0.0,,0,0.0,,0,0.0
259439423,render/train/259439423.png,train,,0,0.0,0.3650485,1,-0.07306939296306902,,0,0.0,,0,0.0,,0,0.0
259788945,render/train/259788945.png,train,,0,0.0,0.3477642,1,-0.6568253096391357,,0,0.0,,0,0.0,,0,0.0
259984370,render/train/259984370.png,train,,0,0.0,0.3966168,1,0.9931110080022636,,0,0.0,,0,0.0,,0,0.0
260073812,render/train/260073812.png,train,,0,0.0,0.35907903,1,-0.27468088037767485,0.234,1,-0.24943744609121726,1.125159714,1,0.9554425325792554,19.71902254,1,0.7158805566385141
260077968,render/train/260077968.png,train,,0,0.0,0.35484206,1,-0.4177793168939932,,0,0.0,,0,0.0,,0,0.0
260201518,render/train/260201518.png,train,,0,0.0,0.33975909,1,-0.9271880276053117,,0,0.0,,0,0.0,,0,0.0
260366998,render/train/260366998.png,train,,0,0.0,0.35659382,1,-0.35861578324805654,,0,0.0,,0,0.0,,0,0.0
260773607,render/train/260773607.png,train,,0,0.0,0.37808348,1,0.36717098117729097,,0,0.0,,0,0.0,,0,0.0
260812845,render/train/260812845.png,train,,0,0.0,0.38758383,1,0.688033586142113,,0,0.0,,0,0.0,,0,0.0
261071879,render/train/261071879.png,train,,0,0.0,,0,0.0,0.1856666666666666,1,-0.7892464047303795,0.894079517,1,-0.6252506365835504,12.1318108,1,-0.9304210849797244
261334701,render/train/261334701.png,train,,0,0.0,0.37406348,1,0.2314004388332096,,0,0.0,,0,0.0,,0,0.0
262074826,render/train/262074826.png,train,,0,0.0,0.36927526,1,0.06968421339470844,,0,0.0,,0,0.0,,0,0.0
262353559,render/train/262353559.png,train,,0,0.0,0.39273082,1,0.8618668258783204,,0,0.0,,0,0.0,,0,0.0
262479772,render/train/262479772.png,train,,0,0.0,0.35492706,1,-0.4149085467200511,,0,0.0,,0,0.0,,0,0.0
262850499,render/train/262850499.png,train,,0,0.0,0.41845298,1,1.7306010580826026,,0,0.0,,0,0.0,,0,0.0
263068772,render/train/263068772.png,train,,0,0.0,0.37379395,1,0.22229739548047267,,0,0.0,,0,0.0,,0,0.0
263087206,render/train/263087206.png,train,,0,0.0,0.35326079,1,-0.47118476104633833,,0,0.0,,0,0.0,,0,0.0
263236795,render/train/263236795.png,train,,0,0.0,0.3235597,1,-1.4743024469941854,,0,0.0,,0,0.0,,0,0.0
263279017,render/train/263279017.png,train,,0,0.0,0.35442058,1,-0.43201428410473625,,0,0.0,,0,0.0,,0,0.0
263293393,render/train/263293393.png,train,,0,0.0,0.38174047,1,0.490681308452633,,0,0.0,,0,0.0,,0,0.0
264131865,render/train/264131865.png,train,,0,0.0,0.37349224,1,0.2121075123136483,,0,0.0,,0,0.0,,0,0.0
264402592,render/train/264402592.png,train,,0,0.0,0.31854458,1,-1.6436819401087732,,0,0.0,,0,0.0,,0,0.0
264552260,render/train/264552260.png,train,,0,0.0,0.37551441,1,0.2804038102270651,,0,0.0,,0,0.0,,0,0.0
264939963,render/train/264939963.png,train,,0,0.0,0.35102684,1,-0.5466336672825465,,0,0.0,,0,0.0,,0,0.0
265038627,render/train/265038627.png,train,-72.01996519,1,-1.5146532898387273,,0,0.0,,0,0.0,,0,0.0,,0,0.0
265862660,render/train/265862660.png,train,,0,0.0,0.36689919,1,-0.010564620572331498,0.268,1,0.13029023515839963,,0,0.0,,0,0.0
265889946,render/train/265889946.png,train,,0,0.0,0.35865674,1,-0.28894320433948784,,0,0.0,,0,0.0,,0,0.0
265939765,render/train/265939765.png,train,,0,0.0,,0,0.0,0.354,1,1.0907778994956654,0.92848585,1,-0.3898957413778797,19.40336561,1,0.6473881328265523
266241866,render/train/266241866.png,train,,0,0.0,0.37084263,1,0.1226202021891968,,0,0.0,,0,0.0,,0,0.0
266415058,render/train/266415058.png,train,,0,0.0,0.32424675,1,-1.451098180547047,,0,0.0,,0,0.0,,0,0.0
266479070,render/train/266479070.png,train,,0,0.0,0.35896412,1,-0.2785618239151777,,0,0.0,,0,0.0,,0,0.0
266620737,render/train/266620737.png,train,,0,0.0,0.35820494,1,-0.3042021921581566,,0,0.0,,0,0.0,,0,0.0
266988735,render/train/266988735.png,train,,0,0.0,0.35359242,1,-0.4599843667782858,,0,0.0,,0,0.0,,0,0.0
267049794,render/train/267049794.png,train,-64.11657159,1,-1.4435976764337277,,0,0.0,,0,0.0,,0,0.0,,0,0.0
267912832,render/train/267912832.png,train,73.37639604,1,-0.20746448501284417,,0,0.0,,0,0.0,,0,0.0,,0,0.0
268323392,render/train/268323392.png,train,,0,0.0,0.35627685,1,-0.36932105409552096,,0,0.0,,0,0.0,,0,0.0
268434909,render/train/268434909.png,train,,0,0.0,0.37180837,1,0.155236879692523,,0,0.0,,0,0.0,,0,0.0
268436916,render/train/268436916.png,train,,0,0.0,0.3604463,1,-0.2285030223103147,,0,0.0,,0,0.0,,0,0.0
268533943,render/train/268533943.png,train,,0,0.0,0.35719446,1,-0.3383299079859803,,0,0.0,,0,0.0,,0,0.0
268805413,render/train/268805413.png,train,,0,0.0,0.3854823,1,0.6170570020992378,0.21,1,-0.5174805152085942,1.056565871,1,0.4862295905601441,14.20899208,1,-0.47970650518566255
269136469,render/train/269136469.png,train,,0,0.0,0.33466725,1,-1.099158644105132,,0,0.0,,0,0.0,,0,0.0
269301575,render/train/269301575.png,train,,0,0.0,0.3513212,1,-0.5366920213013517,,0,0.0,,0,0.0,,0,0.0
269388015,render/train/269388015.png,train,,0,0.0,0.35657352,1,-0.3593013907131284,,0,0.0,,0,0.0,,0,0.0
269527017,render/train/269527017.png,train,,0,0.0,0.36042586,1,-0.22919335810273123,,0,0.0,,0,0.0,,0,0.0
270193915,render/train/270193915.png,train,,0,0.0,0.35801119,1,-0.3107458594664083,,0,0.0,,0,0.0,,0,0.0
270468068,render/train/270468068.png,train,,0,0.0,0.36832614,1,0.03762885589480554,,0,0.0,,0,0.0,,0,0.0
270662526,render/train/270662526.png,train,419.5781202,1,2.90506882878507,,0,0.0,,0,0.0,,0,0.0,,0,0.0
270794936,render/train/270794936.png,train,,0,0.0,0.35345588,1,-0.4645958368906399,,0,0.0,,0,0.0,,0,0.0
271080458,render/train/271080458.png,train,,0,0.0,0.3444038,1,-0.7703186754334277,,0,0.0,,0,0.0,,0,0.0
271082869,render/train/271082869.png,train,,0,0.0,0.33856563,1,-0.9674956672734619,,0,0.0,,0,0.0,,0,0.0
271540328,render/train/271540328.png,train,,0,0.0,0.36399911,1,-0.10851124605522136,,0,0.0,,0,0.0,,0,0.0
271698010,render/train/271698010.png,train,,0,0.0,0.37040317,1,0.10777798265224904,,0,0.0,,0,0.0,,0,0.0
271737793,render/train/271737793.png,train,,0,0.0,0.38077271,1,0.45799640794046753,,0,0.0,,0,0.0,,0,0.0
272150874,render/train/272150874.png,train,,0,0.0,0.40149462,1,1.157853362941768,0.3409999999999999,1,0.9455879037237523,0.848617516,1,-0.9362313063688223,12.88977254,1,-0.76595570565372
272832139,render/train/272832139.png,train,,0,0.0,0.34243851,1,-0.8366939214939748,,0,0.0,,0,0.0,,0,0.0
273139332,render/train/273139332.png,train,,0,0.0,,0,0.0,0.3747499999999999,1,1.3225234696700634,0.90435478,1,-0.5549631855327303,14.34826035,1,-0.44948755395782547
273204422,render/train/273204422.png,train,,0,0.0,,0,0.0,0.1843333333333333,1,-0.8041376863480112,0.918485757,1,-0.45830090504533444,13.27096728,1,-0.683242642180123
273571217,render/train/273571217.png,train,,0,0.0,0.32001736,1,-1.5939406119113833,,0,0.0,,0,0.0,,0,0.0
273593115,render/train/273593115.png,train,,0,0.0,0.39155142,1,0.8220340453707065,,0,0.0,,0,0.0,,0,0.0
273667291,render/train/273667291.png,train,,0,0.0,0.34780473,1,-0.6554564588726672,,0,0.0,,0,0.0,,0,0.0
274064100,render/train/274064100.png,train,,0,0.0,0.34139872,1,-0.8718115464253055,,0,0.0,,0,0.0,,0,0.0
274098381,render/train/274098381.png,train,,0,0.0,0.37731962,1,0.34137255170591035,,0,0.0,,0,0.0,,0,0.0
274614510,render/train/274614510.png,train,-24.82439314,1,-1.0903405842166007,,0,0.0,,0,0.0,,0,0.0,,0,0.0
275666084,render/train/275666084.png,train,,0,0.0,0.36026363,1,-0.23467247628294968,,0,0.0,,0,0.0,,0,0.0
276378650,render/train/276378650.png,train,,0,0.0,0.37426308,1,0.2381416826769612,,0,0.0,,0,0.0,,0,0.0
277002638,render/train/277002638.png,train,,0,0.0,0.34342057,1,-0.8035260561172513,,0,0.0,,0,0.0,,0,0.0
277986602,render/train/277986602.png,train,,0,0.0,0.37760079,1,0.35086872170364286,,0,0.0,,0,0.0,,0,0.0
278061089,render/train/278061089.png,train,,0,0.0,0.38951494,1,0.7532544448550661,,0,0.0,,0,0.0,,0,0.0
278123349,render/train/278123349.png,train,,0,0.0,,0,0.0,0.204,1,-0.5844912824879384,0.931405406,1,-0.3699246565073386,11.28939719,1,-1.1132111475995592
278169291,render/train/278169291.png,train,,0,0.0,0.34618661,1,-0.7101064663298323,,0,0.0,,0,0.0,,0,0.0
278692232,render/train/278692232.png,train,,0,0.0,0.36862142,1,0.047601573741410955,,0,0.0,,0,0.0,,0,0.0
278844630,render/train/278844630.png,train,,0,0.0,0.33032067,1,-1.2459590231951667,,0,0.0,,0,0.0,,0,0.0
278926278,render/train/278926278.png,train,,0,0.0,0.37490919,1,0.2599632511132624,,0,0.0,,0,0.0,,0,0.0
279552323,render/train/279552323.png,train,,0,0.0,0.36505048,1,-0.07300252090489912,,0,0.0,,0,0.0,,0,0.0
279624532,render/train/279624532.png,train,,0,0.0,0.38445052,1,0.5822099050395928,,0,0.0,,0,0.0,,0,0.0
279990409,render/train/279990409.png,train,,0,0.0,,0,0.0,0.412,1,1.738548649862659,,0,0.0,,0,0.0
280111011,render/train/280111011.png,train,,0,0.0,0.36122133,1,-0.20232733986431117,,0,0.0,,0,0.0,,0,0.0
280819340,render/train/280819340.png,train,,0,0.0,0.39075711,1,0.7952072047017209,,0,0.0,,0,0.0,,0,0.0
280901586,render/train/280901586.png,train,,0,0.0,0.38363841,1,0.5547818913224147,,0,0.0,,0,0.0,,0,0.0
281000054,render/train/281000054.png,train,,0,0.0,0.37040323,1,0.10778000907825498,,0,0.0,,0,0.0,,0,0.0
281136178,render/train/281136178.png,train,,0,0.0,0.33949603,1,-0.9360725546871603,,0,0.0,,0,0.0,,0,0.0
281150361,render/train/281150361.png,train,,0,0.0,0.40021921,1,1.1147779630882684,,0,0.0,,0,0.0,,0,0.0
281517661,render/train/281517661.png,train,,0,0.0,,0,0.0,,0,0.0,1.114657106,1,0.8835999387978642,12.21503123,1,-0.9123636041527594
281814625,render/train/281814625.png,train,,0,0.0,0.35895487,1,-0.2788742312576366,,0,0.0,,0,0.0,,0,0.0
281920156,render/train/281920156.png,train,,0,0.0,0.34688893,1,-0.6863864744643866,0.2299999999999999,1,-0.29411129094411465,1.092668338,1,0.73318681025139,12.97526971,1,-0.7474042092479121
281967969,render/train/281967969.png,train,,0,0.0,0.36054021,1,-0.22533132787460905,,0,0.0,,0,0.0,,0,0.0
282298315,render/train/282298315.png,train,,0,0.0,0.43139276,1,2.167626169628147,,0,0.0,,0,0.0,,0,0.0
282747611,render/train/282747611.png,train,,0,0.0,0.39070984,1,0.7936107187473401,,0,0.0,,0,0.0,,0,0.0
283523819,render/train/283523819.png,train,,0,0.0,0.39126569,1,0.812383866996584,,0,0.0,,0,0.0,,0,0.0
283582804,render/train/283582804.png,train,,0,0.0,0.40534797,1,1.2879955070565838,,0,0.0,,0,0.0,,0,0.0
284421147,render/train/284421147.png,train,,0,0.0,0.37733686,1,0.3419548114447184,,0,0.0,,0,0.0,,0,0.0
284595179,render/train/284595179.png,train,26.25521298,1,-0.6311083949779976,,0,0.0,,0,0.0,,0,0.0,,0,0.0
285133703,render/train/285133703.png,train,,0,0.0,0.38618396,1,0.6407547032786275,,0,0.0,,0,0.0,,0,0.0
285241910,render/train/285241910.png,train,,0,0.0,0.38137962,1,0.4784940447200796,,0,0.0,,0,0.0,,0,0.0
285299858,render/train/285299858.png,train,,0,0.0,0.30799614,1,-1.9999424922689721,,0,0.0,,0,0.0,,0,0.0
285419416,render/train/285419416.png,train,,0,0.0,0.35989821,1,-0.24701408612956027,,0,0.0,,0,0.0,,0,0.0
285781116,render/train/285781116.png,train,,0,0.0,0.36032585,1,-0.23257107251562406,,0,0.0,,0,0.0,,0,0.0
286143083,render/train/286143083.png,train,,0,0.0,0.36856174,1,0.045585955341637806,,0,0.0,,0,0.0,,0,0.0
286285970,render/train/286285970.png,train,,0,0.0,0.32305957,1,-1.4911937209599924,,0,0.0,,0,0.0,,0,0.0
286520814,render/train/286520814.png,train,-28.98581149,1,-1.1277538965808074,,0,0.0,,0,0.0,,0,0.0,,0,0.0
286659449,render/train/286659449.png,train,31.196908,1,-0.5866799900828483,,0,0.0,,0,0.0,,0,0.0,,0,0.0
286702486,render/train/286702486.png,train,,0,0.0,0.34821769,1,-0.6415092441546538,,0,0.0,,0,0.0,,0,0.0
286760389,render/train/286760389.png,train,,0,0.0,0.39161329,1,0.8241236283196693,,0,0.0,,0,0.0,,0,0.0
286863590,render/train/286863590.png,train,,0,0.0,0.38856425,1,0.7211460625413619,,0,0.0,,0,0.0,,0,0.0
286904793,render/train/286904793.png,train,,0,0.0,0.35172909,1,-0.5229160395807722,,0,0.0,,0,0.0,,0,0.0
286907970,render/train/286907970.png,train,7.02246836,1,-0.8040207584006928,,0,0.0,,0,0.0,,0,0.0,,0,0.0
286918876,render/train/286918876.png,train,,0,0.0,,0,0.0,0.3455,1,0.9958459791832611,0.900783398,1,-0.5793930553578417,13.84301628,1,-0.5591173060146568
287377564,render/train/287377564.png,train,,0,0.0,0.40143862,1,1.1559620320036414,,0,0.0,,0,0.0,,0,0.0
287416791,render/train/287416791.png,train,7.54081281,1,-0.7993605725724395,,0,0.0,,0,0.0,,0,0.0,,0,0.0
287463310,render/train/287463310.png,train,,0,0.0,0.35364772,1,-0.45811667747688656,,0,0.0,,0,0.0,,0,0.0
287576128,render/train/287576128.png,train,,0,0.0,0.36102011,1,-0.2091232972102008,,0,0.0,,0,0.0,,0,0.0
287781923,render/train/287781923.png,train,,0,0.0,,0,0.0,0.365,1,1.2136309728411299,0.900179408,1,-0.5835246204146374,11.69721179,1,-1.0247220071270033
288191338,render/train/288191338.png,train,,0,0.0,0.34522255,1,-0.7426664039050146,,0,0.0,,0,0.0,,0,0.0
288320875,render/train/288320875.png,train,,0,0.0,0.41115337,1,1.4840657325601478,,0,0.0,,0,0.0,,0,0.0
288350972,render/train/288350972.png,train,,0,0.0,0.36729276,1,0.002727720808355344,,0,0.0,1.237872849,1,1.7264514069114207,16.18613012,1,-0.050699682587369184
288433754,render/train/288433754.png,train,,0,0.0,0.35105406,1,-0.5457143453515502,0.1644999999999999,1,-1.0256455004102885,1.120527982,1,0.9237593886801148,12.47317176,1,-0.8563513043949036
288686571,render/train/288686571.png,train,,0,0.0,0.3682145,1,0.03385835257458255,,0,0.0,,0,0.0,,0,0.0
288758624,render/train/288758624.png,train,,0,0.0,0.36209961,1,-0.172664516001137,,0,0.0,,0,0.0,,0,0.0
288986880,render/train/288986880.png,train,,0,0.0,0.34865046,1,-0.6268929711172797,,0,0.0,,0,0.0,,0,0.0
289030100,render/train/289030100.png,train,,0,0.0,0.38578532,1,0.6272911289005069,,0,0.0,,0,0.0,,0,0.0
289287510,render/train/289287510.png,train,,0,0.0,0.3410204,1,-0.8845888378630197,,0,0.0,,0,0.0,,0,0.0
289478370,render/train/289478370.png,train,184.9515774,1,0.7956543464102628,,0,0.0,,0,0.0,,0,0.0,,0,0.0
289637508,render/train/289637508.png,train,,0,0.0,0.3794888,1,0.4146339310695749,0.19,1,-0.7408497394730745,,0,0.0,,0,0.0
289857593,render/train/289857593.png,train,,0,0.0,,0,0.0,0.322,1,0.733387140672497,,0,0.0,,0,0.0
289881295,render/train/289881295.png,train,,0,0.0,,0,0.0,0.34125,1,0.9483800190270594,0.881232316,1,-0.7131313080006758,22.79770371,1,1.383904336371615
289972048,render/train/289972048.png,train,187.1036635,1,0.8150027182205537,,0,0.0,,0,0.0,,0,0.0,,0,0.0
290244345,render/train/290244345.png,train,,0,0.0,0.32138495,1,-1.5477519462386604,,0,0.0,,0,0.0,,0,0.0
290253227,render/train/290253227.png,train,,0,0.0,0.38116077,1,0.47110265586634803,,0,0.0,,0,0.0,,0,0.0
290300802,render/train/290300802.png,train,,0,0.0,0.29982078,1,-2.276055194024718,,0,0.0,,0,0.0,,0,0.0
290418374,render/train/290418374.png,train,,0,0.0,0.35769875,1,-0.32129813515048306,,0,0.0,,0,0.0,,0,0.0
291057839,render/train/291057839.png,train,,0,0.0,0.37590326,1,0.2935367394286808,,0,0.0,,0,0.0,,0,0.0
291499422,render/train/291499422.png,train,,0,0.0,0.32018631,1,-1.588234534018589,,0,0.0,,0,0.0,,0,0.0
291719291,render/train/291719291.png,train,,0,0.0,0.39827635,1,1.049160262615975,,0,0.0,,0,0.0,,0,0.0
291812607,render/train/291812607.png,train,,0,0.0,0.35280461,1,-0.4865916779633829,,0,0.0,,0,0.0,,0,0.0
292223018,render/train/292223018.png,train,,0,0.0,0.34607139,1,-0.7139978797350285,,0,0.0,,0,0.0,,0,0.0
292271271,render/train/292271271.png,train,,0,0.0,0.35676805,1,-0.3527313798668106,,0,0.0,,0,0.0,,0,0.0
292300264,render/train/292300264.png,train,,0,0.0,0.3913528,1,0.8153258998183733,,0,0.0,,0,0.0,,0,0.0
292368159,render/train/292368159.png,train,,0,0.0,0.31212102,1,-1.860629757267913,,0,0.0,,0,0.0,,0,0.0
292543407,render/train/292543407.png,train,,0,0.0,0.41528164,1,1.623492960630495,,0,0.0,,0,0.0,,0,0.0
293023790,render/train/293023790.png,train,36.67582945,1,-0.5374216405521406,,0,0.0,,0,0.0,,0,0.0,,0,0.0
293350949,render/train/293350949.png,train,,0,0.0,0.43086202,1,2.149701080662054,,0,0.0,,0,0.0,,0,0.0
293363115,render/train/293363115.png,train,,0,0.0,,0,0.0,0.203,1,-0.595659743701162,0.82398912,1,-1.1047006855282862,14.35476002,1,-0.44807723119926
293508970,render/train/293508970.png,train,,0,0.0,0.35954171,1,-0.25905443397673994,,0,0.0,,0,0.0,,0,0.0
293562405,render/train/293562405.png,train,,0,0.0,,0,0.0,0.151,1,-1.1764197267888117,1.017456329,1,0.21870261641408204,12.06665155,1,-0.9445595832736463
293886642,render/train/293886642.png,train,,0,0.0,0.49681739,1,4.377262363100985,,0,0.0,,0,0.0,,0,0.0
294224638,render/train/294224638.png,train,,0,0.0,,0,0.0,0.203,1,-0.595659743701162,0.886596201,1,-0.6764399060988723,12.63604574,1,-0.821010297732699
294498348,render/train/294498348.png,train,,0,0.0,0.36557344,1,-0.05534019184413727,,0,0.0,,0,0.0,,0,0.0
294894075,render/train/294894075.png,train,,0,0.0,0.47578212,1,3.6668220605501953,,0,0.0,,0,0.0,,0,0.0
295260492,render/train/295260492.png,train,,0,0.0,0.36062899,1,-0.222332892862345,,0,0.0,,0,0.0,,0,0.0
295275980,render/train/295275980.png,train,,0,0.0,0.36392032,1,-0.11117228113763168,,0,0.0,,0,0.0,,0,0.0
295305734,render/train/295305734.png,train,,0,0.0,,0,0.0,0.182,1,-0.8301974291788669,1.062096371,1,0.5240607144969768,11.04114403,1,-1.1670780487551236
295343824,render/train/295343824.png,train,179.9023847,1,0.7502594815387289,,0,0.0,,0,0.0,,0,0.0,,0,0.0
295492872,render/train/295492872.png,train,,0,0.0,0.38770631,1,0.6921701970939289,,0,0.0,,0,0.0,,0,0.0
295884244,render/train/295884244.png,train,,0,0.0,0.39566509,1,0.9609681764464715,,0,0.0,,0,0.0,,0,0.0
296205481,render/train/296205481.png,train,,0,0.0,0.36776724,1,0.018752697656967098,0.3445,1,0.9846775179700371,0.938959785,1,-0.3182492838982052,22.70955044,1,1.3647765094322533
296253043,render/train/296253043.png,train,,0,0.0,0.34584996,1,-0.7214764049069801,,0,0.0,,0,0.0,,0,0.0
296446712,render/train/296446712.png,train,,0,0.0,0.34334548,1,-0.8060621282626783,0.179,1,-0.8637028128185389,0.955845655,1,-0.20274228801153002,17.46864859,1,0.2275859821496888
296474292,render/train/296474292.png,train,,0,0.0,0.3417127,1,-0.8612072591404315,,0,0.0,,0,0.0,,0,0.0
296559312,render/train/296559312.png,train,,0,0.0,0.3598661,1,-0.24809856177997444,,0,0.0,,0,0.0,,0,0.0
296620653,render/train/296620653.png,train,,0,0.0,0.34759302,1,-0.662606703031789,,0,0.0,,0,0.0,,0,0.0
296709911,render/train/296709911.png,train,,0,0.0,0.37489694,1,0.2595495224705475,,0,0.0,,0,0.0,,0,0.0
296780712,render/train/296780712.png,train,-26.75831261,1,-1.1077275247096976,,0,0.0,,0,0.0,,0,0.0,,0,0.0
296827731,render/train/296827731.png,train,,0,0.0,0.34971424,1,-0.5909651135215613,,0,0.0,,0,0.0,,0,0.0
296831504,render/train/296831504.png,train,,0,0.0,0.36469857,1,-0.0848878471626869,,0,0.0,,0,0.0,,0,0.0
297020286,render/train/297020286.png,train,,0,0.0,,0,0.0,0.256,1,-0.003731299400288797,0.919376466,1,-0.4522080522163583,12.57676107,1,-0.8338741076392083
297297701,render/train/297297701.png,train,,0,0.0,0.37391211,1,0.22628810375992073,,0,0.0,,0,0.0,,0,0.0
297474668,render/train/297474668.png,train,,0,0.0,0.3682254,1,0.03422648663218151,,0,0.0,,0,0.0,,0,0.0
297502549,render/train/297502549.png,train,,0,0.0,0.33163789,1,-1.201471542153756,,0,0.0,,0,0.0,,0,0.0
297731512,render/train/297731512.png,train,,0,0.0,0.35562062,1,-0.3914844130513551,,0,0.0,,0,0.0,,0,0.0
298003696,render/train/298003696.png,train,,0,0.0,0.37168327,1,0.1510117814718158,,0,0.0,,0,0.0,,0,0.0
298173145,render/train/298173145.png,train,,0,0.0,0.32647685,1,-1.3757793033128343,,0,0.0,,0,0.0,,0,0.0
298248052,render/train/298248052.png,train,,0,0.0,0.38817266,1,0.707920593218845,,0,0.0,,0,0.0,,0,0.0
298750870,render/train/298750870.png,train,,0,0.0,,0,0.0,0.103,1,-1.712505865023565,1.001212493,1,0.10758742376864273,12.31035991,1,-0.8916788298568331
299097300,render/train/299097300.png,train,,0,0.0,0.33876364,1,-0.9608081237188482,,0,0.0,,0,0.0,,0,0.0
299152684,render/train/299152684.png,train,,0,0.0,,0,0.0,0.3485,1,1.0293513628229334,0.93702543,1,-0.33148114787846583,20.75684225,1,0.9410705672545563
299349220,render/train/299349220.png,train,19.96697332,1,-0.6876429355681241,,0,0.0,,0,0.0,,0,0.0,,0,0.0
299618473,render/train/299618473.png,train,,0,0.0,0.3655908,1,-0.0547538792533192,,0,0.0,,0,0.0,,0,0.0
299922696,render/train/299922696.png,train,,0,0.0,0.38697246,1,0.6673853183627845,,0,0.0,,0,0.0,,0,0.0
300005769,render/train/300005769.png,train,,0,0.0,0.36282504,1,-0.14816401238604682,,0,0.0,,0,0.0,,0,0.0
300892142,render/train/300892142.png,train,,0,0.0,0.34112021,1,-0.8812178782034774,,0,0.0,,0,0.0,,0,0.0
300941372,render/train/300941372.png,train,,0,0.0,0.34047754,1,-0.9029232648821501,,0,0.0,,0,0.0,,0,0.0
301268217,render/train/301268217.png,train,,0,0.0,,0,0.0,0.353,1,1.0796094382824415,,0,0.0,,0,0.0
301459957,render/train/301459957.png,train,,0,0.0,0.38569497,1,0.6242396690744416,,0,0.0,,0,0.0,,0,0.0
301935252,render/train/301935252.png,train,,0,0.0,0.35218285,1,-0.5075908551792682,,0,0.0,,0,0.0,,0,0.0
302206099,render/train/302206099.png,train,,0,0.0,0.36066913,1,-0.22097721386490862,,0,0.0,,0,0.0,,0,0.0
302309984,render/train/302309984.png,train,,0,0.0,0.36551009,1,-0.057479759967893465,,0,0.0,,0,0.0,,0,0.0
302979803,render/train/302979803.png,train,,0,0.0,0.34376894,1,-0.7917602889937654,,0,0.0,,0,0.0,,0,0.0
303176560,render/train/303176560.png,train,,0,0.0,0.35257654,1,-0.49429446094657137,,0,0.0,,0,0.0,,0,0.0
303191070,render/train/303191070.png,train,,0,0.0,0.36538573,1,-0.06167986560120404,,0,0.0,,0,0.0,,0,0.0
303219921,render/train/303219921.png,train,,0,0.0,0.35208407,1,-0.5109270278590552,,0,0.0,,0,0.0,,0,0.0
303267980,render/train/303267980.png,train,,0,0.0,0.34567408,1,-0.7274165350033679,,0,0.0,,0,0.0,,0,0.0
303343344,render/train/303343344.png,train,,0,0.0,0.47028838,1,3.481277767192642,,0,0.0,,0,0.0,,0,0.0
303682893,render/train/303682893.png,train,,0,0.0,0.38690449,1,0.6650897154366324,,0,0.0,,0,0.0,,0,0.0
303795473,render/train/303795473.png,train,,0,0.0,0.34132981,1,-0.8741388966922029,,0,0.0,,0,0.0,,0,0.0
304139587,render/train/304139587.png,train,,0,0.0,0.38803882,1,0.7034003122767228,,0,0.0,,0,0.0,,0,0.0
305079648,render/train/305079648.png,train,,0,0.0,0.34795585,1,-0.6503525672410657,,0,0.0,,0,0.0,,0,0.0
305318799,render/train/305318799.png,train,,0,0.0,0.42097491,1,1.8157761336681268,0.46,1,2.2746347880974125,0.85144236,1,-0.9169080944591907,20.23991085,1,0.8289048545280508
305819221,render/train/305819221.png,train,,0,0.0,0.39611043,1,0.9760089857319231,,0,0.0,,0,0.0,,0,0.0
307030577,render/train/307030577.png,train,,0,0.0,0.36614228,1,-0.03612832236478372,,0,0.0,,0,0.0,,0,0.0
307396008,render/train/307396008.png,train,,0,0.0,0.3604384,1,-0.22876983506765772,,0,0.0,,0,0.0,,0,0.0
307817942,render/train/307817942.png,train,,0,0.0,0.35768777,1,-0.32166897110942266,,0,0.0,,0,0.0,,0,0.0
308504449,render/train/308504449.png,train,,0,0.0,,0,0.0,0.3305,1,0.8283190609849013,0.931588685,1,-0.36867094516767307,28.27457475,1,2.5722963429565513
308535213,render/train/308535213.png,train,,0,0.0,0.36429958,1,-0.09836324235917025,,0,0.0,,0,0.0,,0,0.0
308745808,render/train/308745808.png,train,77.84678315,1,-0.1672733830210552,,0,0.0,,0,0.0,,0,0.0,,0,0.0
308992648,render/train/308992648.png,train,,0,0.0,0.32276362,1,-1.5011890672303247,,0,0.0,,0,0.0,,0,0.0
309072874,render/train/309072874.png,train,,0,0.0,0.40611726,1,1.3139773280814282,,0,0.0,,0,0.0,,0,0.0
309419979,render/train/309419979.png,train,,0,0.0,0.42198142,1,1.8497697676419436,,0,0.0,,0,0.0,,0,0.0
309733373,render/train/309733373.png,train,,0,0.0,0.36077317,1,-0.21746339117200456,,0,0.0,,0,0.0,,0,0.0
310196546,render/train/310196546.png,train,,0,0.0,0.34944602,1,-0.6000239132398517,,0,0.0,,0,0.0,,0,0.0
310395295,render/train/310395295.png,train,,0,0.0,0.40672617,1,1.334542512394547,,0,0.0,,0,0.0,,0,0.0
310494439,render/train/310494439.png,train,,0,0.0,0.35410749,1,-0.4425885127371996,,0,0.0,,0,0.0,,0,0.0
310611274,render/train/310611274.png,train,,0,0.0,0.3435142,1,-0.8003638183362368,,0,0.0,,0,0.0,,0,0.0
310843241,render/train/310843241.png,train,,0,0.0,0.34782459,1,-0.6547857118649679,,0,0.0,,0,0.0,,0,0.0
310898724,render/train/310898724.png,train,,0,0.0,0.38241769,1,0.513553578772597,,0,0.0,,0,0.0,,0,0.0
311037297,render/train/311037297.png,train,,0,0.0,0.32611657,1,-1.3879473159983378,,0,0.0,,0,0.0,,0,0.0
311737289,render/train/311737289.png,train,,0,0.0,0.37973562,1,0.4229699721793668,,0,0.0,,0,0.0,,0,0.0
311750318,render/train/311750318.png,train,,0,0.0,0.34521945,1,-0.7427711025819478,,0,0.0,,0,0.0,,0,0.0
312401249,render/train/312401249.png,train,,0,0.0,0.39255677,1,0.8559885017750904,,0,0.0,,0,0.0,,0,0.0
312938401,render/train/312938401.png,train,,0,0.0,0.39082082,1,0.7973589313815072,,0,0.0,,0,0.0,,0,0.0
313210022,render/train/313210022.png,train,,0,0.0,,0,0.0,0.3143333333333333,1,0.6477622713711123,0.823772683,1,-1.1061812126002541,18.69881957,1,0.4945130922984716
313256095,render/train/313256095.png,train,,0,0.0,0.3722511,1,0.17018953944675064,,0,0.0,,0,0.0,,0,0.0
313737003,render/train/313737003.png,train,,0,0.0,0.36942122,1,0.07461383238986816,,0,0.0,,0,0.0,,0,0.0
313765532,render/train/313765532.png,train,,0,0.0,0.35218928,1,-0.5073736898590512,,0,0.0,,0,0.0,,0,0.0
313831314,render/train/313831314.png,train,,0,0.0,,0,0.0,0.1906666666666666,1,-0.7334040986642594,,0,0.0,,0,0.0
313842947,render/train/313842947.png,train,,0,0.0,0.42784564,1,2.0478265661058757,,0,0.0,,0,0.0,,0,0.0
313907766,render/train/313907766.png,train,61.93714913,1,-0.31030925616043004,,0,0.0,,0,0.0,,0,0.0,,0,0.0
313933456,render/train/313933456.png,train,,0,0.0,0.36100204,1,-0.20973358917541346,,0,0.0,,0,0.0,,0,0.0
314234289,render/train/314234289.png,train,,0,0.0,0.34075834,1,-0.8934395911781169,,0,0.0,,0,0.0,,0,0.0
314354319,render/train/314354319.png,train,,0,0.0,0.36051644,1,-0.22613413031031138,,0,0.0,,0,0.0,,0,0.0
314797178,render/train/314797178.png,train,,0,0.0,0.34625008,1,-0.7079628453540661,,0,0.0,,0,0.0,,0,0.0
314863833,render/train/314863833.png,train,,0,0.0,0.39086188,1,0.7987456822443543,,0,0.0,,0,0.0,,0,0.0
314916411,render/train/314916411.png,train,240.3936293,1,1.294107189020343,,0,0.0,,0,0.0,,0,0.0,,0,0.0
315380987,render/train/315380987.png,train,,0,0.0,0.41473896,1,1.6051646128893786,,0,0.0,,0,0.0,,0,0.0
315519001,render/train/315519001.png,train,,0,0.0,0.36079153,1,-0.21684330481443137,,0,0.0,,0,0.0,,0,0.0
315538569,render/train/315538569.png,train,,0,0.0,0.40245453,1,1.190273139384927,,0,0.0,,0,0.0,,0,0.0
315696598,render/train/315696598.png,train,,0,0.0,0.3478015,1,-0.6555655481392777,,0,0.0,,0,0.0,,0,0.0
316809152,render/train/316809152.png,train,,0,0.0,0.42319171,1,1.8906458198045348,,0,0.0,,0,0.0,,0,0.0
317007708,render/train/317007708.png,train,,0,0.0,0.35069342,1,-0.5578945165930855,,0,0.0,,0,0.0,,0,0.0
317020980,render/train/317020980.png,train,,0,0.0,0.48837644,1,4.092179686633505,,0,0.0,,0,0.0,,0,0.0
317112247,render/train/317112247.png,train,,0,0.0,,0,0.0,0.196,1,-0.6738389721937303,0.892538398,1,-0.6357925882860019,13.24845393,1,-0.6881276732473233
317286954,render/train/317286954.png,train,,0,0.0,0.39177135,1,0.8294619098925319,,0,0.0,,0,0.0,,0,0.0
317794773,render/train/317794773.png,train,,0,0.0,0.34144884,1,-0.8701188052356827,,0,0.0,,0,0.0,,0,0.0
317893081,render/train/317893081.png,train,,0,0.0,0.33765399,1,-0.9982851839954908,,0,0.0,,0,0.0,,0,0.0
318193611,render/train/318193611.png,train,,0,0.0,0.37988388,1,0.4279772708380571,,0,0.0,,0,0.0,,0,0.0
318514421,render/train/318514421.png,train,,0,0.0,0.37390145,1,0.2259280754063418,,0,0.0,,0,0.0,,0,0.0
318909763,render/train/318909763.png,train,,0,0.0,0.35870758,1,-0.2872261460378012,,0,0.0,,0,0.0,,0,0.0
318923469,render/train/318923469.png,train,,0,0.0,0.3223982,1,-1.5135306770769335,,0,0.0,,0,0.0,,0,0.0
318933021,render/train/318933021.png,train,,0,0.0,0.36697686,1,-0.007941412108682553,,0,0.0,,0,0.0,,0,0.0
319236312,render/train/319236312.png,train,,0,0.0,0.38072604,1,0.4564201862461387,,0,0.0,,0,0.0,,0,0.0
319319228,render/train/319319228.png,train,,0,0.0,0.34606066,1,-0.7143602722522788,,0,0.0,,0,0.0,,0,0.0
320070845,render/train/320070845.png,train,,0,0.0,0.35848188,1,-0.29484888519378777,,0,0.0,,0,0.0,,0,0.0
321187243,render/train/321187243.png,train,,0,0.0,0.35149035,1,-0.530979188655207,,0,0.0,,0,0.0,,0,0.0
321215899,render/train/321215899.png,train,,0,0.0,0.34931445,1,-0.6044675277314473,,0,0.0,,0,0.0,,0,0.0
321268777,render/train/321268777.png,train,,0,0.0,0.35281212,1,-0.4863380369750738,,0,0.0,,0,0.0,,0,0.0
321308254,render/train/321308254.png,train,,0,0.0,0.40747116,1,1.359703630887312,,0,0.0,,0,0.0,,0,0.0
321519190,render/train/321519190.png,train,,0,0.0,,0,0.0,0.267,1,0.1191217739451756,0.932721325,1,-0.360923174764307,20.89267331,1,0.9705436997732946
321552204,render/train/321552204.png,train,,0,0.0,,0,0.0,0.332,1,0.8450717528047373,,0,0.0,,0,0.0
321955140,render/train/321955140.png,train,0.713924343,1,-0.8607378457061226,,0,0.0,,0,0.0,,0,0.0,,0,0.0
322065979,render/train/322065979.png,train,,0,0.0,0.37995335,1,0.43032353441433707,,0,0.0,,0,0.0,,0,0.0
322351570,render/train/322351570.png,train,,0,0.0,0.34860734,1,-0.6283492959396374,,0,0.0,,0,0.0,,0,0.0
322605911,render/train/322605911.png,train,,0,0.0,0.34897667,1,-0.6158756306650256,,0,0.0,,0,0.0,,0,0.0
323040540,render/train/323040540.png,train,,0,0.0,0.36646307,1,-0.025294035728326093,,0,0.0,,0,0.0,,0,0.0
323411656,render/train/323411656.png,train,,0,0.0,0.34360475,1,-0.797305603756819,,0,0.0,,0,0.0,,0,0.0
323702728,render/train/323702728.png,train,,0,0.0,0.36176304,1,-0.18403175267694596,,0,0.0,,0,0.0,,0,0.0
324341393,render/train/324341393.png,train,,0,0.0,0.38062816,1,0.4531144099564278,,0,0.0,,0,0.0,,0,0.0
324348126,render/train/324348126.png,train,,0,0.0,0.43765265,1,2.379046234382944,,0,0.0,,0,0.0,,0,0.0
324392817,render/train/324392817.png,train,,0,0.0,0.38506928,1,0.6031077609552203,,0,0.0,,0,0.0,,0,0.0
324827592,render/train/324827592.png,train,,0,0.0,0.38883651,1,0.7303413082773328,,0,0.0,,0,0.0,,0,0.0
324904007,render/train/324904007.png,train,,0,0.0,0.37329335,1,0.2053902478442932,,0,0.0,,0,0.0,,0,0.0
324919224,render/train/324919224.png,train,,0,0.0,0.3533756,1,-0.4673071948855108,,0,0.0,,0,0.0,,0,0.0
325038822,render/train/325038822.png,train,,0,0.0,0.38731405,1,0.6789220993476887,,0,0.0,,0,0.0,,0,0.0
325850735,render/train/325850735.png,train,,0,0.0,0.34802156,1,-0.6481332930277749,,0,0.0,,0,0.0,,0,0.0
325853121,render/train/325853121.png,train,,0,0.0,0.44645964,1,2.6764914604324206,,0,0.0,,0,0.0,,0,0.0
326740697,render/train/326740697.png,train,,0,0.0,0.34376939,1,-0.7917450907987273,,0,0.0,,0,0.0,,0,0.0
327326654,render/train/327326654.png,train,,0,0.0,0.38318487,1,0.5394641371495962,,0,0.0,,0,0.0,,0,0.0
327432808,render/train/327432808.png,train,,0,0.0,0.36846516,1,0.04232408494870422,,0,0.0,,0,0.0,,0,0.0
327552819,render/train/327552819.png,train,-17.96880959,1,-1.0287053273828182,,0,0.0,,0,0.0,,0,0.0,,0,0.0
327962548,render/train/327962548.png,train,,0,0.0,0.35273936,1,-0.48879541624396833,,0,0.0,,0,0.0,,0,0.0
328019914,render/train/328019914.png,train,,0,0.0,0.35295173,1,-0.4816228813987905,,0,0.0,,0,0.0,,0,0.0
328180933,render/train/328180933.png,train,,0,0.0,0.37445789,1,0.24472115017796842,,0,0.0,,0,0.0,,0,0.0
328387168,render/train/328387168.png,train,,0,0.0,0.3617022,1,-0.1860865486461536,,0,0.0,,0,0.0,,0,0.0
328610666,render/train/328610666.png,train,,0,0.0,0.32787588,1,-1.3285287904134209,,0,0.0,,0,0.0,,0,0.0
328753275,render/train/328753275.png,train,,0,0.0,,0,0.0,0.258,1,0.018605623026159274,,0,0.0,,0,0.0
328792977,render/train/328792977.png,train,,0,0.0,0.38170267,1,0.4894046600693984,,0,0.0,,0,0.0,,0,0.0
329116469,render/train/329116469.png,train,,0,0.0,0.38851942,1,0.7196319845778584,,0,0.0,,0,0.0,,0,0.0
329479579,render/train/329479579.png,train,,0,0.0,0.37080803,1,0.12145162985956878,,0,0.0,,0,0.0,,0,0.0
329844440,render/train/329844440.png,train,,0,0.0,0.38825862,1,0.710823786208869,,0,0.0,,0,0.0,,0,0.0
330131370,render/train/330131370.png,train,,0,0.0,0.40215236,1,1.1800677202853973,,0,0.0,,0,0.0,,0,0.0
330131913,render/train/330131913.png,train,-58.94578339,1,-1.3971096048617473,,0,0.0,,0,0.0,,0,0.0,,0,0.0
330440675,render/train/330440675.png,train,,0,0.0,0.35788637,1,-0.31496150103242426,,0,0.0,,0,0.0,,0,0.0
330874137,render/train/330874137.png,train,,0,0.0,0.37667535,1,0.31961312700043243,,0,0.0,,0,0.0,,0,0.0
330921769,render/train/330921769.png,train,,0,0.0,,0,0.0,0.38425,1,1.4286238511956924,0.882777598,1,-0.7025608794934235,18.64436035,1,0.4826963266196411
331019668,render/train/331019668.png,train,,0,0.0,0.33351251,1,-1.1381585635246367,,0,0.0,,0,0.0,,0,0.0
331170381,render/train/331170381.png,train,,0,0.0,0.32650351,1,-1.3748788946912187,,0,0.0,,0,0.0,,0,0.0
331790904,render/train/331790904.png,train,,0,0.0,0.36774153,1,0.017884374113766113,,0,0.0,,0,0.0,,0,0.0
333349586,render/train/333349586.png,train,,0,0.0,,0,0.0,0.3229999999999999,1,0.7445556018857198,0.965368624,1,-0.13760086852222073,22.50813311,1,1.321072222219443
333365529,render/train/333365529.png,train,,0,0.0,0.37137106,1,0.14046727375409188,,0,0.0,,0,0.0,,0,0.0
333446735,render/train/333446735.png,train,,0,0.0,0.35735202,1,-0.33300851329649434,,0,0.0,,0,0.0,,0,0.0
333695147,render/train/333695147.png,train,,0,0.0,0.3583446,1,-0.2994853478935366,,0,0.0,,0,0.0,,0,0.0
334420972,render/train/334420972.png,train,,0,0.0,0.37092475,1,0.12539370391489293,,0,0.0,,0,0.0,,0,0.0
334571792,render/train/334571792.png,train,,0,0.0,0.36816596,1,0.032218973936428384,,0,0.0,,0,0.0,,0,0.0
334621145,render/train/334621145.png,train,,0,0.0,0.37393849,1,0.22717905572684505,,0,0.0,,0,0.0,,0,0.0
334995050,render/train/334995050.png,train,,0,0.0,0.35857012,1,-0.29186868801556787,,0,0.0,,0,0.0,,0,0.0
335146594,render/train/335146594.png,train,,0,0.0,0.34652308,1,-0.6987426070307006,,0,0.0,,0,0.0,,0,0.0
335695120,render/train/335695120.png,train,,0,0.0,0.33962097,1,-0.9318528602691325,,0,0.0,,0,0.0,,0,0.0
335867964,render/train/335867964.png,train,,0,0.0,0.46090001,1,3.164197148628738,,0,0.0,,0,0.0,,0,0.0
336148935,render/train/336148935.png,train,,0,0.0,0.38321738,1,0.5405621223067116,,0,0.0,,0,0.0,,0,0.0
336321161,render/train/336321161.png,train,,0,0.0,0.38110654,1,0.46927110449537346,,0,0.0,,0,0.0,,0,0.0
336593955,render/train/336593955.png,train,,0,0.0,0.31989921,1,-1.597930982453162,,0,0.0,,0,0.0,,0,0.0
336780982,render/train/336780982.png,train,,0,0.0,0.39201873,1,0.8378168643117044,,0,0.0,,0,0.0,,0,0.0
337489231,render/train/337489231.png,train,,0,0.0,0.40122658,1,1.1488006425014916,,0,0.0,,0,0.0,,0,0.0
337825369,render/train/337825369.png,train,,0,0.0,0.35254503,1,-0.4953586723369355,,0,0.0,,0,0.0,,0,0.0
338101273,render/train/338101273.png,train,,0,0.0,0.37898693,1,0.3976838907496183,,0,0.0,,0,0.0,,0,0.0
338143659,render/train/338143659.png,train,,0,0.0,0.35983591,1,-0.2491181917982265,,0,0.0,,0,0.0,,0,0.0
338510207,render/train/338510207.png,train,,0,0.0,0.39295654,1,0.8694902405096416,,0,0.0,,0,0.0,,0,0.0
339460948,render/train/339460948.png,train,,0,0.0,0.37064472,1,0.11593603601125646,,0,0.0,,0,0.0,,0,0.0
339625856,render/train/339625856.png,train,,0,0.0,0.39538031,1,0.9513500831507637,0.1915,1,-0.7240970476532385,0.936469283,1,-0.335285445154318,10.58961551,1,-1.2650523994371374
340997850,render/train/340997850.png,train,,0,0.0,0.37065155,1,0.11616671083817484,,0,0.0,,0,0.0,,0,0.0
341123684,render/train/341123684.png,train,,0,0.0,0.38223216,1,0.5072875318270508,,0,0.0,,0,0.0,,0,0.0
341439882,render/train/341439882.png,train,,0,0.0,0.33827626,1,-0.9772687821585634,,0,0.0,,0,0.0,,0,0.0
341816925,render/train/341816925.png,train,,0,0.0,0.34068841,1,-0.8958013906871022,,0,0.0,,0,0.0,,0,0.0
341876947,render/train/341876947.png,train,,0,0.0,0.39839006,1,1.053000677633374,,0,0.0,,0,0.0,,0,0.0
342399286,render/train/342399286.png,train,,0,0.0,0.34643018,1,-0.7018801899619856,,0,0.0,,0,0.0,,0,0.0
342537511,render/train/342537511.png,train,,0,0.0,0.33445863,1,-1.1062045273249899,,0,0.0,,0,0.0,,0,0.0
343006911,render/train/343006911.png,train,,0,0.0,0.4014852,1,1.1575352140589603,,0,0.0,,0,0.0,,0,0.0
343110199,render/train/343110199.png,train,,0,0.0,0.3359349,1,-1.0563453286816327,,0,0.0,,0,0.0,,0,0.0
343123949,render/train/343123949.png,train,,0,0.0,,0,0.0,0.253,1,-0.0372366830399609,0.980916925,1,-0.031243450180625305,20.5666232,1,0.8997961248093713
343155685,render/train/343155685.png,train,,0,0.0,0.3949659,1,0.9373538964709591,,0,0.0,,0,0.0,,0,0.0
343326237,render/train/343326237.png,train,,0,0.0,0.39852455,1,1.057542911523885,,0,0.0,,0,0.0,,0,0.0
343355330,render/train/343355330.png,train,,0,0.0,0.40045418,1,1.1227137850620468,,0,0.0,,0,0.0,,0,0.0
343928203,render/train/343928203.png,train,,0,0.0,0.44572292,1,2.651609650990698,,0,0.0,,0,0.0,,0,0.0
344065840,render/train/344065840.png,train,,0,0.0,0.37439693,1,0.24266230135675076,,0,0.0,,0,0.0,,0,0.0
344567495,render/train/344567495.png,train,,0,0.0,,0,0.0,0.368,1,1.247136356480802,,0,0.0,,0,0.0
344756877,render/train/344756877.png,train,,0,0.0,0.39455232,1,0.923385742017561,,0,0.0,,0,0.0,,0,0.0
344924762,render/train/344924762.png,train,,0,0.0,0.33084477,1,-1.228258192040307,,0,0.0,,0,0.0,,0,0.0
345530183,render/train/345530183.png,train,,0,0.0,0.35157211,1,-0.5282178454855427,,0,0.0,,0,0.0,,0,0.0
346660576,render/train/346660576.png,train,,0,0.0,0.39773705,1,1.0309460702064812,0.252,1,-0.04840514425318494,0.96749891,1,-0.12302874779409478,16.14335044,1,-0.059982177899923474
346744541,render/train/346744541.png,train,,0,0.0,0.33703091,1,-1.0193289425834882,,0,0.0,,0,0.0,,0,0.0
346973737,render/train/346973737.png,train,,0,0.0,0.34227403,1,-0.8422490306493852,0.121,1,-1.5114735631855325,1.608016391,1,4.2584008168780665,12.86015216,1,-0.772382846728783
347210288,render/train/347210288.png,train,,0,0.0,0.37329926,1,0.20558985080579895,,0,0.0,,0,0.0,,0,0.0
347336274,render/train/347336274.png,train,,0,0.0,0.39826398,1,1.0487424811212502,,0,0.0,,0,0.0,,0,0.0
347361170,render/train/347361170.png,train,,0,0.0,0.39209457,1,0.8403782667821955,,0,0.0,,0,0.0,,0,0.0
347389709,render/train/347389709.png,train,,0,0.0,0.31787399,1,-1.6663302903551716,,0,0.0,,0,0.0,,0,0.0
348198056,render/train/348198056.png,train,,0,0.0,0.36818227,1,0.032769824072156506,,0,0.0,,0,0.0,,0,0.0
348809308,render/train/348809308.png,train,,0,0.0,,0,0.0,0.39,1,1.4928425031717307,,0,0.0,,0,0.0
348992789,render/train/348992789.png,train,,0,0.0,0.35373472,1,-0.45517835976943993,,0,0.0,,0,0.0,,0,0.0
349443030,render/train/349443030.png,train,,0,0.0,0.38304714,1,0.5348124762548074,,0,0.0,,0,0.0,,0,0.0
349759369,render/train/349759369.png,train,,0,0.0,0.3776416,1,0.3522470291248026,,0,0.0,,0,0.0,,0,0.0
350457801,render/train/350457801.png,train,,0,0.0,0.35335103,1,-0.46813701633461385,,0,0.0,,0,0.0,,0,0.0
350689430,render/train/350689430.png,train,,0,0.0,0.33438968,1,-1.1085332285425566,,0,0.0,,0,0.0,,0,0.0
350799877,render/train/350799877.png,train,,0,0.0,0.37508855,1,0.26602091391794813,,0,0.0,,0,0.0,,0,0.0
351260510,render/train/351260510.png,train,,0,0.0,0.3386598,1,-0.9643151916584015,,0,0.0,,0,0.0,,0,0.0
351343100,render/train/351343100.png,train,,0,0.0,0.37034086,1,0.10567353924591545,,0,0.0,,0,0.0,,0,0.0
351687879,render/train/351687879.png,train,12.41121342,1,-0.7555731414527705,,0,0.0,,0,0.0,,0,0.0,,0,0.0
351780192,render/train/351780192.png,train,,0,0.0,0.33523458,1,-1.0799977730135737,,0,0.0,,0,0.0,,0,0.0
351892249,render/train/351892249.png,train,,0,0.0,0.34040236,1,-0.9054623766665852,,0,0.0,,0,0.0,,0,0.0
351941026,render/train/351941026.png,train,,0,0.0,0.34489828,1,-0.7536182232497701,,0,0.0,,0,0.0,,0,0.0
351987442,render/train/351987442.png,train,,0,0.0,0.35305375,1,-0.47817728171472573,,0,0.0,,0,0.0,,0,0.0
352084468,render/train/352084468.png,train,,0,0.0,0.42632673,1,1.996527254048201,,0,0.0,,0,0.0,,0,0.0
352515684,render/train/352515684.png,train,,0,0.0,0.38327124,1,0.5423811773839888,,0,0.0,,0,0.0,,0,0.0
353134698,render/train/353134698.png,train,,0,0.0,0.37685467,1,0.32566943885444694,,0,0.0,,0,0.0,,0,0.0
353348926,render/train/353348926.png,train,,0,0.0,0.32579382,1,-1.3988477992176287,,0,0.0,,0,0.0,,0,0.0
354177724,render/train/354177724.png,train,,0,0.0,0.34499607,1,-0.7503154865990671,,0,0.0,,0,0.0,,0,0.0
354467864,render/train/354467864.png,train,,0,0.0,0.45389033,1,2.9274538513007635,,0,0.0,,0,0.0,,0,0.0
354485735,render/train/354485735.png,train,,0,0.0,0.34817572,1,-0.6429267291452462,,0,0.0,,0,0.0,,0,0.0
354498686,render/train/354498686.png,train,,0,0.0,0.35330585,1,-0.46966291511648206,,0,0.0,,0,0.0,,0,0.0
354785060,render/train/354785060.png,train,,0,0.0,0.36875033,1,0.051955350013445915,,0,0.0,,0,0.0,,0,0.0
354906741,render/train/354906741.png,train,,0,0.0,,0,0.0,0.328,1,0.8003979079518412,1.206756714,1,1.5136029556646542,23.97728876,1,1.639855121823575
355069751,render/train/355069751.png,train,,0,0.0,0.35957248,1,-0.25801521517377246,,0,0.0,,0,0.0,,0,0.0
355158617,render/train/355158617.png,train,,0,0.0,0.37071795,1,0.11840928895052556,,0,0.0,,0,0.0,,0,0.0
355564083,render/train/355564083.png,train,,0,0.0,0.38832422,1,0.7130393453078172,,0,0.0,,0,0.0,,0,0.0
355968898,render/train/355968898.png,train,,0,0.0,0.38329687,1,0.5432467990258492,,0,0.0,,0,0.0,,0,0.0
356782883,render/train/356782883.png,train,,0,0.0,0.35742127,1,-0.33066967994889973,,0,0.0,,0,0.0,,0,0.0
356916100,render/train/356916100.png,train,,0,0.0,,0,0.0,0.164,1,-1.0312297310168992,0.833452729,1,-1.039965315314249,14.83591616,1,-0.34367416847984605
356993441,render/train/356993441.png,train,,0,0.0,0.35824759,1,-0.3027617410061735,,0,0.0,,0,0.0,,0,0.0
357011061,render/train/357011061.png,train,,0,0.0,0.34236864,1,-0.8390536945769541,,0,0.0,,0,0.0,,0,0.0
357282616,render/train/357282616.png,train,,0,0.0,0.36712892,1,-0.0028057731363337547,,0,0.0,,0,0.0,,0,0.0
357513605,render/train/357513605.png,train,,0,0.0,,0,0.0,0.301,1,0.4988494551947922,,0,0.0,,0,0.0
357543937,render/train/357543937.png,train,,0,0.0,0.37803621,1,0.3655744952229102,,0,0.0,,0,0.0,,0,0.0
358009894,render/train/358009894.png,train,,0,0.0,0.33952674,1,-0.9350353623101988,,0,0.0,,0,0.0,,0,0.0
358172536,render/train/358172536.png,train,,0,0.0,0.35841923,1,-0.2969648116808167,,0,0.0,,0,0.0,,0,0.0
358272082,render/train/358272082.png,train,,0,0.0,0.30616083,1,-2.0619278241270598,,0,0.0,,0,0.0,,0,0.0
359188290,render/train/359188290.png,train,,0,0.0,0.40281752,1,1.2025326789783297,,0,0.0,,0,0.0,,0,0.0
359434805,render/train/359434805.png,train,,0,0.0,0.36320235,1,-0.13542083245275138,,0,0.0,,0,0.0,,0,0.0
359677253,render/train/359677253.png,train,,0,0.0,0.34535991,1,-0.7380272393039251,,0,0.0,,0,0.0,,0,0.0
359720037,render/train/359720037.png,train,,0,0.0,0.34598025,1,-0.717076020836829,,0,0.0,,0,0.0,,0,0.0
359727146,render/train/359727146.png,train,,0,0.0,0.36713277,1,-0.002675744134338506,,0,0.0,,0,0.0,,0,0.0
359769379,render/train/359769379.png,train,,0,0.0,0.35843646,1,-0.2963828896796741,,0,0.0,,0,0.0,,0,0.0
360768817,render/train/360768817.png,train,,0,0.0,0.3677443,1,0.01797792744767125,,0,0.0,,0,0.0,,0,0.0
360823125,render/train/360823125.png,train,,0,0.0,0.3570137,1,-0.34443485406411867,,0,0.0,,0,0.0,,0,0.0
360959263,render/train/360959263.png,train,,0,0.0,0.33621674,1,-1.046826530260175,,0,0.0,,0,0.0,,0,0.0
361088502,render/train/361088502.png,train,,0,0.0,0.34900517,1,-0.6149130783125867,,0,0.0,,0,0.0,,0,0.0
361254383,render/train/361254383.png,train,,0,0.0,0.36562173,1,-0.05370925664767235,,0,0.0,,0,0.0,,0,0.0
361271652,render/train/361271652.png,train,,0,0.0,0.31105409,1,-1.8966640022289012,,0,0.0,,0,0.0,,0,0.0
361586466,render/train/361586466.png,train,,0,0.0,0.45802948,1,3.067248537953375,,0,0.0,,0,0.0,,0,0.0
362892396,render/train/362892396.png,train,,0,0.0,0.34199263,1,-0.8517529686134704,,0,0.0,,0,0.0,,0,0.0
363282083,render/train/363282083.png,train,,0,0.0,0.363459,1,-0.12675279521578517,,0,0.0,,0,0.0,,0,0.0
363316865,render/train/363316865.png,train,,0,0.0,0.40463316,1,1.2638536808444014,,0,0.0,,0,0.0,,0,0.0
363884489,render/train/363884489.png,train,,0,0.0,0.36495332,1,-0.07628398008254808,,0,0.0,,0,0.0,,0,0.0
363982437,render/train/363982437.png,train,,0,0.0,,0,0.0,0.34,1,0.9344194425105296,,0,0.0,,0,0.0
364021169,render/train/364021169.png,train,76.80290526,1,-0.17665838743154869,,0,0.0,,0,0.0,,0,0.0,,0,0.0
364113470,render/train/364113470.png,train,,0,0.0,0.40290946,1,1.205637839093533,,0,0.0,,0,0.0,,0,0.0
364555377,render/train/364555377.png,train,,0,0.0,0.3315989,1,-1.2027883813194273,,0,0.0,,0,0.0,,0,0.0
364982310,render/train/364982310.png,train,,0,0.0,,0,0.0,0.2033333333333333,1,-0.5919369232967545,1.032355465,1,0.3206194522458756,13.1037956,1,-0.7195161798969022
365169812,render/train/365169812.png,train,,0,0.0,0.37385099,1,0.2242238511360218,,0,0.0,,0,0.0,,0,0.0
366601299,render/train/366601299.png,train,,0,0.0,0.35709462,1,-0.34170188085852643,,0,0.0,,0,0.0,,0,0.0
366883952,render/train/366883952.png,train,,0,0.0,0.36331077,1,-0.13175908066147154,,0,0.0,,0,0.0,,0,0.0
366967975,render/train/366967975.png,train,,0,0.0,0.35066059,1,-0.5590033093555616,,0,0.0,,0,0.0,,0,0.0
367099874,render/train/367099874.png,train,,0,0.0,0.35958926,1,-0.2574484913676698,,0,0.0,,0,0.0,,0,0.0
367205774,render/train/367205774.png,train,,0,0.0,0.36251555,1,-0.15861665545820233,,0,0.0,,0,0.0,,0,0.0
367282123,render/train/367282123.png,train,,0,0.0,0.3488532,1,-0.6200456776459274,,0,0.0,,0,0.0,,0,0.0
367646881,render/train/367646881.png,train,,0,0.0,0.40222325,1,1.1824619426104648,,0,0.0,,0,0.0,,0,0.0
367702294,render/train/367702294.png,train,,0,0.0,0.36610689,1,-0.0373235759701451,,0,0.0,,0,0.0,,0,0.0
367735151,render/train/367735151.png,train,,0,0.0,0.35220439,1,-0.506863368243425,,0,0.0,,0,0.0,,0,0.0
367931242,render/train/367931242.png,train,,0,0.0,0.33070211,1,-1.2330763576051849,,0,0.0,,0,0.0,,0,0.0
367944221,render/train/367944221.png,train,,0,0.0,0.32641041,1,-1.3780232323758543,,0,0.0,,0,0.0,,0,0.0
368322688,render/train/368322688.png,train,,0,0.0,0.35498117,1,-0.41308104820108654,,0,0.0,,0,0.0,,0,0.0
368356823,render/train/368356823.png,train,,0,0.0,,0,0.0,0.158,1,-1.0982404982962435,1.162628481,1,1.2117458628635582,11.3618897,1,-1.0974814510644224
368542881,render/train/368542881.png,train,,0,0.0,0.36365457,1,-0.12014765965204477,,0,0.0,,0,0.0,,0,0.0
368592179,render/train/368592179.png,train,92.05287264,1,-0.03955326000981269,,0,0.0,,0,0.0,,0,0.0,,0,0.0
368595823,render/train/368595823.png,train,85.60365033,1,-0.09753511823616477,,0,0.0,,0,0.0,,0,0.0,,0,0.0
368968267,render/train/368968267.png,train,,0,0.0,0.35758422,1,-0.3251662446566193,,0,0.0,,0,0.0,,0,0.0
369213312,render/train/369213312.png,train,,0,0.0,0.33915819,1,-0.9474826840467427,,0,0.0,,0,0.0,,0,0.0
369610662,render/train/369610662.png,train,39.79677892,1,-0.509362683827923,,0,0.0,,0,0.0,,0,0.0,,0,0.0
369639389,render/train/369639389.png,train,,0,0.0,0.32766144,1,-1.3357712369557746,,0,0.0,,0,0.0,,0,0.0
369676731,render/train/369676731.png,train,,0,0.0,0.38025773,1,0.44060359353838935,,0,0.0,,0,0.0,,0,0.0
369827633,render/train/369827633.png,train,,0,0.0,0.34661118,1,-0.6957671381798254,,0,0.0,,0,0.0,,0,0.0
370323439,render/train/370323439.png,train,,0,0.0,0.36558414,1,-0.05497881253988896,,0,0.0,,0,0.0,,0,0.0
370727281,render/train/370727281.png,train,,0,0.0,0.36981871,1,0.08803856693622354,,0,0.0,,0,0.0,,0,0.0
370833911,render/train/370833911.png,train,,0,0.0,0.52820271,1,5.437262840225987,,0,0.0,,0,0.0,,0,0.0
370860168,render/train/370860168.png,train,,0,0.0,0.33574734,1,-1.0626799363736854,,0,0.0,,0,0.0,,0,0.0
370933065,render/train/370933065.png,train,,0,0.0,0.43647003,1,2.339104702346389,,0,0.0,,0,0.0,,0,0.0
371139580,render/train/371139580.png,train,,0,0.0,0.36585327,1,-0.04588927869385332,,0,0.0,,0,0.0,,0,0.0
371520322,render/train/371520322.png,train,,0,0.0,0.38126522,1,0.47463032580362263,,0,0.0,,0,0.0,,0,0.0
371572748,render/train/371572748.png,train,,0,0.0,0.34209913,1,-0.8481560624543564,,0,0.0,,0,0.0,,0,0.0
371620331,render/train/371620331.png,train,,0,0.0,0.36833963,1,0.0380844640082918,,0,0.0,,0,0.0,,0,0.0
371754917,render/train/371754917.png,train,,0,0.0,0.33234463,1,-1.1776022702392652,,0,0.0,,0,0.0,,0,0.0
371907376,render/train/371907376.png,train,,0,0.0,0.34763212,1,-0.6612861487517752,,0,0.0,,0,0.0,,0,0.0
372375740,render/train/372375740.png,train,,0,0.0,0.37167468,1,0.15072166481541285,,0,0.0,,0,0.0,,0,0.0
372416932,render/train/372416932.png,train,,0,0.0,0.37800543,1,0.3645349386822754,,0,0.0,,0,0.0,,0,0.0
372715194,render/train/372715194.png,train,,0,0.0,0.34765241,1,-0.6606008790243707,0.223,1,-0.3722905194366817,1.086283422,1,0.6895110940372553,12.25368206,1,-0.9039770021888992
372897734,render/train/372897734.png,train,,0,0.0,0.34899433,1,-0.6152791859441796,,0,0.0,,0,0.0,,0,0.0
373230047,render/train/373230047.png,train,,0,0.0,0.35373723,1,-0.4550935876148914,,0,0.0,,0,0.0,,0,0.0
373313460,render/train/373313460.png,train,,0,0.0,,0,0.0,0.212,1,-0.4951435927821461,0.995365589,1,0.06759195321972984,14.03059072,1,-0.5184167009597596
373751734,render/train/373751734.png,train,,0,0.0,0.34666922,1,-0.6938069087575248,,0,0.0,,0,0.0,,0,0.0
373797398,render/train/373797398.png,train,,0,0.0,0.35714922,1,-0.33985783319385254,,0,0.0,,0,0.0,,0,0.0
373831673,render/train/373831673.png,train,,0,0.0,0.31089518,1,-1.902030991503503,,0,0.0,,0,0.0,,0,0.0
373885914,render/train/373885914.png,train,,0,0.0,0.34779893,1,-0.6556523467198303,,0,0.0,,0,0.0,,0,0.0
374709833,render/train/374709833.png,train,,0,0.0,,0,0.0,0.3165,1,0.6719606039997648,0.919731294,1,-0.44978086804779166,21.54233832,1,1.1115104487077232
374925730,render/train/374925730.png,train,,0,0.0,0.37989615,1,0.42839167495610664,0.1795,1,-0.8581185822119269,1.273131418,1,1.9676359822073968,21.78634698,1,1.1644563623441164
375189153,render/train/375189153.png,train,,0,0.0,0.35615516,1,-0.3734309837716017,,0,0.0,,0,0.0,,0,0.0
375346790,render/train/375346790.png,train,,0,0.0,0.37126454,1,0.1368696921196413,,0,0.0,,0,0.0,,0,0.0
375374780,render/train/375374780.png,train,,0,0.0,,0,0.0,0.366,1,1.224799434054354,0.969724413,1,-0.10780529967642091,20.6076312,1,0.9086941943549411
375389813,render/train/375389813.png,train,,0,0.0,0.37027564,1,0.10347081417833391,,0,0.0,,0,0.0,,0,0.0
375630257,render/train/375630257.png,train,,0,0.0,0.38544075,1,0.6156537020906814,,0,0.0,,0,0.0,,0,0.0
376977834,render/train/376977834.png,train,,0,0.0,,0,0.0,0.4065,1,1.6771221131899268,0.940664668,1,-0.30658711229151464,22.70774878,1,1.3643855784924979
377086807,render/train/377086807.png,train,,0,0.0,0.36142293,1,-0.19551854848705688,,0,0.0,,0,0.0,,0,0.0
377154393,render/train/377154393.png,train,,0,0.0,0.35933332,1,-0.2660925492302433,0.1913333333333333,1,-0.7259584578554429,,0,0.0,,0,0.0
377318088,render/train/377318088.png,train,,0,0.0,0.36920726,1,0.06738759725555442,,0,0.0,,0,0.0,,0,0.0
377845835,render/train/377845835.png,train,,0,0.0,0.37297342,1,0.1945850066472422,,0,0.0,,0,0.0,,0,0.0
377905218,render/train/377905218.png,train,,0,0.0,0.33550386,1,-1.070903173102526,,0,0.0,,0,0.0,,0,0.0
378178373,render/train/378178373.png,train,,0,0.0,0.41948189,1,1.765351224431671,,0,0.0,,0,0.0,,0,0.0
378689716,render/train/378689716.png,train,,0,0.0,0.36220805,1,-0.16900208873452247,,0,0.0,,0,0.0,,0,0.0
378754763,render/train/378754763.png,train,,0,0.0,0.34449463,1,-0.7672510041993186,,0,0.0,,0,0.0,,0,0.0
378853299,render/train/378853299.png,train,,0,0.0,0.33764161,1,-0.9987033032278849,,0,0.0,,0,0.0,,0,0.0
378871007,render/train/378871007.png,train,,0,0.0,0.36254131,1,-0.15774664322666462,,0,0.0,,0,0.0,,0,0.0
378915192,render/train/378915192.png,train,,0,0.0,,0,0.0,0.154,1,-1.1429143431491395,,0,0.0,,0,0.0
379560437,render/train/379560437.png,train,,0,0.0,0.3443087,1,-0.7735305606515661,,0,0.0,,0,0.0,,0,0.0
379965710,render/train/379965710.png,train,127.8963011,1,0.2826977785520926,,0,0.0,,0,0.0,,0,0.0,,0,0.0
380076712,render/train/380076712.png,train,,0,0.0,0.37986013,1,0.4271751438776913,,0,0.0,,0,0.0,,0,0.0
380209354,render/train/380209354.png,train,,0,0.0,0.30186398,1,-2.2070486337965036,,0,0.0,,0,0.0,,0,0.0
380408256,render/train/380408256.png,train,,0,0.0,0.36900902,1,0.06069228573458795,,0,0.0,,0,0.0,,0,0.0
380596855,render/train/380596855.png,train,-22.30064955,1,-1.0676508185361486,,0,0.0,0.27,1,0.1526271575848477,,0,0.0,,0,0.0
380971589,render/train/380971589.png,train,,0,0.0,0.36983634,1,0.08863399844406554,,0,0.0,,0,0.0,,0,0.0
381746717,render/train/381746717.png,train,,0,0.0,0.34968925,1,-0.5918091199527004,,0,0.0,,0,0.0,,0,0.0
381822281,render/train/381822281.png,train,,0,0.0,0.35079311,1,-0.5545276097855515,,0,0.0,,0,0.0,,0,0.0
382336764,render/train/382336764.png,train,,0,0.0,0.38991023,1,0.7666048771145682,,0,0.0,,0,0.0,,0,0.0
382786072,render/train/382786072.png,train,,0,0.0,0.37944839,1,0.4132691331551165,0.3994999999999999,1,1.598942884697358,0.903805754,1,-0.5587187719445459,22.53219601,1,1.3262934804536433
382859238,render/train/382859238.png,train,,0,0.0,0.40896445,1,1.4101376590407921,,0,0.0,,0,0.0,,0,0.0
382866074,render/train/382866074.png,train,,0,0.0,0.35050831,1,-0.5641463785565958,,0,0.0,,0,0.0,,0,0.0
382983445,render/train/382983445.png,train,,0,0.0,,0,0.0,0.344,1,0.9790932873634252,1.061577448,1,0.5205110462343109,26.55570698,1,2.199329971587604
383068073,render/train/383068073.png,train,,0,0.0,,0,0.0,0.3415,1,0.9511721343303656,0.933437007,1,-0.3560275858588991,18.89913865,1,0.5379790771098373
383183030,render/train/383183030.png,train,,0,0.0,0.35203295,1,-0.5126535428154312,,0,0.0,,0,0.0,,0,0.0
383211120,render/train/383211120.png,train,,0,0.0,0.41466296,1,1.602597806616208,,0,0.0,,0,0.0,,0,0.0
383339614,render/train/383339614.png,train,185.0999075,1,0.7969879110503846,,0,0.0,,0,0.0,,0,0.0,,0,0.0
383541557,render/train/383541557.png,train,,0,0.0,0.35350082,1,-0.46307804381279355,,0,0.0,,0,0.0,,0,0.0
384321860,render/train/384321860.png,train,,0,0.0,0.3759777,1,0.2960508586257193,0.275,1,0.20846946365096788,,0,0.0,,0,0.0
384392762,render/train/384392762.png,train,,0,0.0,,0,0.0,,0,0.0,1.087290755,1,0.69640170782781,17.89940277,1,0.3210526386724332
384493304,render/train/384493304.png,train,,0,0.0,0.37009027,1,0.09721017103546709,,0,0.0,,0,0.0,,0,0.0
384566125,render/train/384566125.png,train,,0,0.0,0.37116728,1,0.13358485556531702,,0,0.0,,0,0.0,,0,0.0
384803806,render/train/384803806.png,train,-3.571974592,1,-0.8992703031834092,,0,0.0,,0,0.0,,0,0.0,,0,0.0
384892683,render/train/384892683.png,train,,0,0.0,0.42231854,1,1.8611555798894657,,0,0.0,,0,0.0,,0,0.0
386257654,render/train/386257654.png,train,,0,0.0,0.36307465,1,-0.13973374246701512,,0,0.0,,0,0.0,,0,0.0
386866912,render/train/386866912.png,train,,0,0.0,0.34264843,1,-0.8296041323773395,,0,0.0,,0,0.0,,0,0.0
387403474,render/train/387403474.png,train,,0,0.0,0.35428927,1,-0.43644911741697523,,0,0.0,,0,0.0,,0,0.0
387542061,render/train/387542061.png,train,,0,0.0,,0,0.0,0.3369999999999999,1,0.9009140588708563,0.897093489,1,-0.6046337035261153,15.49662691,1,-0.20031067347874076
387982325,render/train/387982325.png,train,,0,0.0,0.36130705,1,-0.19943225257830718,,0,0.0,,0,0.0,,0,0.0
388271536,render/train/388271536.png,train,,0,0.0,0.34820034,1,-0.6420952190078064,,0,0.0,,0,0.0,,0,0.0
388880540,render/train/388880540.png,train,,0,0.0,0.38484165,1,0.5954198384294025,,0,0.0,,0,0.0,,0,0.0
389198623,render/train/389198623.png,train,,0,0.0,0.38571493,1,0.6249137934588161,,0,0.0,,0,0.0,,0,0.0
389422500,render/train/389422500.png,train,,0,0.0,0.35725789,1,-0.33618763796088347,,0,0.0,,0,0.0,,0,0.0
389523248,render/train/389523248.png,train,,0,0.0,0.32039136,1,-1.581309223146037,,0,0.0,,0,0.0,,0,0.0
390128853,render/train/390128853.png,train,,0,0.0,0.3574561,1,-0.32949333965291905,,0,0.0,,0,0.0,,0,0.0
390205045,render/train/390205045.png,train,,0,0.0,0.36723278,1,0.0007019702785543512,,0,0.0,,0,0.0,,0,0.0
390452260,render/train/390452260.png,train,,0,0.0,0.3649328,1,-0.07697701777630524,,0,0.0,,0,0.0,,0,0.0
390786079,render/train/390786079.png,train,,0,0.0,0.37541018,1,0.27688357051847584,,0,0.0,,0,0.0,,0,0.0
390859311,render/train/390859311.png,train,,0,0.0,0.36549422,1,-0.058015749646252786,,0,0.0,,0,0.0,,0,0.0
391030269,render/train/391030269.png,train,,0,0.0,0.35076041,1,-0.5556320119583502,,0,0.0,,0,0.0,,0,0.0
391108347,render/train/391108347.png,train,72.32081554,1,-0.21695470196545252,,0,0.0,,0,0.0,,0,0.0,,0,0.0
391439612,render/train/391439612.png,train,,0,0.0,0.39133632,1,0.8147693081422966,,0,0.0,,0,0.0,,0,0.0
391755316,render/train/391755316.png,train,,0,0.0,0.38257932,1,0.5190124326927654,,0,0.0,,0,0.0,,0,0.0
391808404,render/train/391808404.png,train,,0,0.0,0.40349527,1,1.2254228493946744,0.196,1,-0.6738389721937303,,0,0.0,,0,0.0
391913299,render/train/391913299.png,train,,0,0.0,0.38338026,1,0.5460631934353187,,0,0.0,,0,0.0,,0,0.0
392174026,render/train/392174026.png,train,15.34426557,1,-0.7292034792272801,,0,0.0,,0,0.0,,0,0.0,,0,0.0
392422616,render/train/392422616.png,train,74.04018308,1,-0.201496694759112,,0,0.0,,0,0.0,,0,0.0,,0,0.0
392652504,render/train/392652504.png,train,,0,0.0,0.40049659,1,1.1241461305100098,,0,0.0,,0,0.0,,0,0.0
392657358,render/train/392657358.png,train,,0,0.0,0.34067358,1,-0.8963022556480389,,0,0.0,,0,0.0,,0,0.0
392908557,render/train/392908557.png,train,,0,0.0,0.39376633,1,0.8968398990879526,,0,0.0,,0,0.0,,0,0.0
393047512,render/train/393047512.png,train,77.13970172,1,-0.1736304123275462,,0,0.0,,0,0.0,,0,0.0,,0,0.0
393084491,render/train/393084491.png,train,,0,0.0,0.3805448449999999,1,0.45030054857946056,,0,0.0,,0,0.0,,0,0.0
393235817,render/train/393235817.png,train,,0,0.0,,0,0.0,0.218,1,-0.42813282550280185,0.803760264,1,-1.2430752191936614,13.41293322,1,-0.6524383404043201
393266857,render/train/393266857.png,train,,0,0.0,0.37112637,1,0.13220317076748195,,0,0.0,,0,0.0,,0,0.0
393468444,render/train/393468444.png,train,,0,0.0,0.36413222,1,-0.10401561996282846,,0,0.0,,0,0.0,,0,0.0
393692859,render/train/393692859.png,train,44.748248,1,-0.464846405056828,,0,0.0,,0,0.0,,0,0.0,,0,0.0
393870517,render/train/393870517.png,train,,0,0.0,0.38559273,1,0.6207866391616895,,0,0.0,,0,0.0,,0,0.0
394096295,render/train/394096295.png,train,,0,0.0,,0,0.0,0.2115,1,-0.5007278233887581,0.839799693,1,-0.9965492079629027,13.44308483,1,-0.6458959310527085
394475074,render/train/394475074.png,train,,0,0.0,0.37896533,1,0.3969543773877691,,0,0.0,,0,0.0,,0,0.0
394508821,render/train/394508821.png,train,,0,0.0,0.36482534,1,-0.0806063467515031,0.165,1,-1.020061269803675,,0,0.0,,0,0.0
394549340,render/train/394549340.png,train,,0,0.0,0.39392877,1,0.902326109759189,,0,0.0,,0,0.0,,0,0.0
395181216,render/train/395181216.png,train,,0,0.0,0.37043305,1,0.10878714280280594,,0,0.0,,0,0.0,,0,0.0
395216039,render/train/395216039.png,train,,0,0.0,0.37643427,1,0.31147094731179775,,0,0.0,,0,0.0,,0,0.0
395903864,render/train/395903864.png,train,,0,0.0,0.33922457,1,-0.9452407814097286,,0,0.0,,0,0.0,,0,0.0
396309311,render/train/396309311.png,train,,0,0.0,0.37558403,1,0.2827551398683571,,0,0.0,,0,0.0,,0,0.0
396421326,render/train/396421326.png,train,,0,0.0,0.36334689,1,-0.13053917220638087,,0,0.0,,0,0.0,,0,0.0
396650322,render/train/396650322.png,train,,0,0.0,0.35433877,1,-0.4347773159627372,,0,0.0,,0,0.0,,0,0.0
396757724,render/train/396757724.png,train,,0,0.0,0.46689842,1,3.3667860488531534,,0,0.0,,0,0.0,,0,0.0
397033633,render/train/397033633.png,train,,0,0.0,0.34302705,1,-0.8168167088095994,0.2073333333333333,1,-0.5472630784438587,1.026280901,1,0.27906668422377545,13.91356146,1,-0.5438101484418731
397580304,render/train/397580304.png,train,,0,0.0,0.40121578,1,1.148435885820568,,0,0.0,,0,0.0,,0,0.0
398123321,render/train/398123321.png,train,,0,0.0,0.36887196,1,0.05606325326352261,,0,0.0,,0,0.0,,0,0.0
398381683,render/train/398381683.png,train,,0,0.0,0.38687983,1,0.6642568543485214,,0,0.0,,0,0.0,,0,0.0
398390180,render/train/398390180.png,train,,0,0.0,0.38527679,1,0.6101161552939804,,0,0.0,,0,0.0,,0,0.0
398441562,render/train/398441562.png,train,,0,0.0,0.39970198,1,1.0973091577109984,,0,0.0,,0,0.0,,0,0.0
398923440,render/train/398923440.png,train,,0,0.0,0.37160155,1,0.14825178925282095,,0,0.0,,0,0.0,,0,0.0
400083990,render/train/400083990.png,train,,0,0.0,0.34536777,1,-0.7377617774972515,,0,0.0,,0,0.0,,0,0.0
400248641,render/train/400248641.png,train,,0,0.0,0.36818478,1,0.03285459622670505,,0,0.0,,0,0.0,,0,0.0
400445600,render/train/400445600.png,train,,0,0.0,0.38333751,1,0.5446193649066603,,0,0.0,,0,0.0,,0,0.0
400718320,render/train/400718320.png,train,,0,0.0,0.37047455,1,0.1101887541230256,,0,0.0,,0,0.0,,0,0.0
400901906,render/train/400901906.png,train,,0,0.0,0.36036817,1,-0.231141766706669,,0,0.0,,0,0.0,,0,0.0
400957282,render/train/400957282.png,train,,0,0.0,0.39360428,1,0.8913668601857482,,0,0.0,,0,0.0,,0,0.0
401075968,render/train/401075968.png,train,,0,0.0,,0,0.0,0.3185,1,0.6942975264262128,0.954015346,1,-0.21526243024490832,20.96547901,1,0.9863413534485254
401205052,render/train/401205052.png,train,,0,0.0,0.37983884,1,0.4264561003835355,0.217,1,-0.43930128671602586,0.94589921,1,-0.27078047506982433,12.52488555,1,-0.8451302524078528
401382872,render/train/401382872.png,train,,0,0.0,0.35328142,1,-0.4704880082382385,,0,0.0,,0,0.0,,0,0.0
401549184,render/train/401549184.png,train,,0,0.0,0.3481788,1,-0.6428227059436497,,0,0.0,,0,0.0,,0,0.0
401691844,render/train/401691844.png,train,,0,0.0,0.35206352,1,-0.5116210787658143,,0,0.0,,0,0.0,,0,0.0
401918606,render/train/401918606.png,train,,0,0.0,0.37324005,1,0.20359010607639663,0.3495,1,1.0405198240361573,0.90486422,1,-0.551478385283498,20.51772176,1,0.8891853070665292
402031428,render/train/402031428.png,train,,0,0.0,0.33482328,1,-1.0938889232787778,,0,0.0,,0,0.0,,0,0.0
402151358,render/train/402151358.png,train,,0,0.0,0.37622142,1,0.304282201058578,,0,0.0,,0,0.0,,0,0.0
402476752,render/train/402476752.png,train,,0,0.0,0.34417644,1,-0.7779974790422216,,0,0.0,,0,0.0,,0,0.0
402492102,render/train/402492102.png,train,28.2211431,1,-0.6134336621153998,,0,0.0,,0,0.0,,0,0.0,,0,0.0
402626556,render/train/402626556.png,train,,0,0.0,0.38936549,1,0.7482069554139412,,0,0.0,,0,0.0,,0,0.0
403135402,render/train/403135402.png,train,47.48888608,1,-0.44020664525851805,,0,0.0,,0,0.0,,0,0.0,,0,0.0
403160938,render/train/403160938.png,train,,0,0.0,,0,0.0,0.165,1,-1.020061269803675,1.042202692,1,0.387978943263168,10.97057697,1,-1.1823899539323175
404125467,render/train/404125467.png,train,,0,0.0,0.35112235,1,-0.5434079348200375,,0,0.0,,0,0.0,,0,0.0
404307501,render/train/404307501.png,train,,0,0.0,0.36229346,1,-0.16611747131621177,,0,0.0,,0,0.0,,0,0.0
404342250,render/train/404342250.png,train,,0,0.0,0.41332049,1,1.5572575379643019,,0,0.0,,0,0.0,,0,0.0
404367957,render/train/404367957.png,train,,0,0.0,0.3914716,1,0.8193382233085409,,0,0.0,,0,0.0,,0,0.0
404981014,render/train/404981014.png,train,,0,0.0,0.35391939,1,-0.44894135826330034,,0,0.0,,0,0.0,,0,0.0
404993408,render/train/404993408.png,train,178.6163373,1,0.7386972474529934,,0,0.0,,0,0.0,,0,0.0,,0,0.0
405636435,render/train/405636435.png,train,,0,0.0,0.32994295,1,-1.258716050372829,,0,0.0,,0,0.0,,0,0.0
406335515,render/train/406335515.png,train,,0,0.0,0.37618331,1,0.3029950828076501,,0,0.0,,0,0.0,,0,0.0
406786412,render/train/406786412.png,train,,0,0.0,0.35659879,1,-0.35844792762729805,,0,0.0,,0,0.0,,0,0.0
406938063,render/train/406938063.png,train,,0,0.0,0.3367398,1,-1.0291608238227397,,0,0.0,,0,0.0,,0,0.0
407026307,render/train/407026307.png,train,,0,0.0,0.35078628,1,-0.5547582846124699,,0,0.0,,0,0.0,,0,0.0
407061099,render/train/407061099.png,train,187.6187871,1,0.8196339469344306,,0,0.0,,0,0.0,,0,0.0,,0,0.0
407729292,render/train/407729292.png,train,,0,0.0,0.34323595,1,-0.8097613689350521,,0,0.0,,0,0.0,,0,0.0
407820973,render/train/407820973.png,train,42.01413885,1,-0.4894274663833791,,0,0.0,,0,0.0,,0,0.0,,0,0.0
407930180,render/train/407930180.png,train,,0,0.0,0.32766581,1,-1.335623645595068,,0,0.0,,0,0.0,,0,0.0
408163304,render/train/408163304.png,train,,0,0.0,0.3626875,1,-0.1528092562651522,,0,0.0,,0,0.0,,0,0.0
408357369,render/train/408357369.png,train,,0,0.0,0.3737891,1,0.2221335927117242,,0,0.0,,0,0.0,,0,0.0
408389877,render/train/408389877.png,train,,0,0.0,0.34220533,1,-0.8445692884252665,,0,0.0,,0,0.0,,0,0.0
408594368,render/train/408594368.png,train,,0,0.0,0.3463228,1,-0.7055068170358428,,0,0.0,,0,0.0,,0,0.0
409036126,render/train/409036126.png,train,,0,0.0,0.36438576,1,-0.09545261914046088,,0,0.0,,0,0.0,,0,0.0
409348345,render/train/409348345.png,train,,0,0.0,0.32327677,1,-1.4838580588214025,,0,0.0,,0,0.0,,0,0.0
410114761,render/train/410114761.png,train,,0,0.0,0.39226416,1,0.846105959885711,0.2339999999999999,1,-0.2494374460912185,,0,0.0,,0,0.0
410273784,render/train/410273784.png,train,,0,0.0,0.36250129,1,-0.159098269372091,,0,0.0,,0,0.0,,0,0.0
410419753,render/train/410419753.png,train,,0,0.0,0.32778117,1,-1.3317275038625271,,0,0.0,,0,0.0,,0,0.0
410618641,render/train/410618641.png,train,,0,0.0,0.39179983,1,0.8304237867696361,,0,0.0,,0,0.0,,0,0.0
410876568,render/train/410876568.png,train,,0,0.0,0.3751119,1,0.2668095313716126,,0,0.0,,0,0.0,,0,0.0
410915024,render/train/410915024.png,train,,0,0.0,0.37733962,1,0.3420480270409543,,0,0.0,,0,0.0,,0,0.0
410978773,render/train/410978773.png,train,,0,0.0,0.35220879,1,-0.5067147636697146,,0,0.0,,0,0.0,,0,0.0
411320818,render/train/411320818.png,train,,0,0.0,0.36418344,1,-0.10228572762977714,,0,0.0,,0,0.0,,0,0.0
411535293,render/train/411535293.png,train,,0,0.0,0.35298988,1,-0.48033441219719325,,0,0.0,,0,0.0,,0,0.0
411815101,render/train/411815101.png,train,,0,0.0,0.40181263,1,1.168593758506653,,0,0.0,,0,0.0,,0,0.0
411845496,render/train/411845496.png,train,,0,0.0,0.36656596,1,-0.021819052867185433,,0,0.0,,0,0.0,,0,0.0
412332648,render/train/412332648.png,train,,0,0.0,0.41155198,1,1.4975282937252645,,0,0.0,,0,0.0,,0,0.0
413205726,render/train/413205726.png,train,,0,0.0,0.35755493,1,-0.32615547828479347,,0,0.0,,0,0.0,,0,0.0
413548295,render/train/413548295.png,train,,0,0.0,0.348463,1,-0.6332242014326572,,0,0.0,,0,0.0,,0,0.0
414071257,render/train/414071257.png,train,,0,0.0,0.3661288,1,-0.03658359274060451,,0,0.0,,0,0.0,,0,0.0
414579766,render/train/414579766.png,train,,0,0.0,0.38469453,1,0.5904510418648101,,0,0.0,,0,0.0,,0,0.0
414690406,render/train/414690406.png,train,,0,0.0,0.3362207299999999,1,-1.046691772930837,,0,0.0,,0,0.0,,0,0.0
414711304,render/train/414711304.png,train,,0,0.0,0.37421435,1,0.23649588702312188,,0,0.0,,0,0.0,,0,0.0
414802450,render/train/414802450.png,train,,0,0.0,0.37141754,1,0.14203707843273738,,0,0.0,,0,0.0,,0,0.0
414910324,render/train/414910324.png,train,,0,0.0,0.40749823,1,1.3606178867532963,0.406,1,1.6715378825833154,0.801722522,1,-1.2570142970624416,15.17699114,1,-0.26966644090733094
415110926,render/train/415110926.png,train,,0,0.0,0.36565404,1,-0.05261802624390567,,0,0.0,,0,0.0,,0,0.0
415720254,render/train/415720254.png,train,,0,0.0,0.3648408,1,-0.08008420431751241,,0,0.0,,0,0.0,,0,0.0
416197163,render/train/416197163.png,train,,0,0.0,0.36335204,1,-0.1303652373076064,,0,0.0,,0,0.0,,0,0.0
416481975,render/train/416481975.png,train,,0,0.0,0.36755908,1,0.011722350369816465,,0,0.0,,0,0.0,,0,0.0
416508716,render/train/416508716.png,train,,0,0.0,,0,0.0,,0,0.0,1.344229366,1,2.453978136161387,19.8097907,1,0.7355757722111674
416714038,render/train/416714038.png,train,,0,0.0,0.33862141,1,-0.9656117665640207,,0,0.0,,0,0.0,,0,0.0
416985872,render/train/416985872.png,train,,0,0.0,0.41259945,1,1.532905301185253,,0,0.0,,0,0.0,,0,0.0
417097500,render/train/417097500.png,train,,0,0.0,0.37755899,1,0.3494569782533972,,0,0.0,,0,0.0,,0,0.0
417759199,render/train/417759199.png,train,,0,0.0,0.36582624,1,-0.04680218360916632,,0,0.0,,0,0.0,,0,0.0
417837947,render/train/417837947.png,train,,0,0.0,0.38408582,1,0.5698926123050442,,0,0.0,,0,0.0,,0,0.0
418211347,render/train/418211347.png,train,,0,0.0,0.34587055,1,-0.7207810030495515,,0,0.0,,0,0.0,,0,0.0
418914987,render/train/418914987.png,train,,0,0.0,0.37866254,1,0.38672801855285277,,0,0.0,,0,0.0,,0,0.0
418998358,render/train/418998358.png,train,,0,0.0,0.35475052,1,-0.42087096750249503,,0,0.0,,0,0.0,,0,0.0
419242334,render/train/419242334.png,train,,0,0.0,0.32328072,1,-1.48372465244273,,0,0.0,,0,0.0,,0,0.0
419308262,render/train/419308262.png,train,,0,0.0,0.34814459,1,-0.6439781065042456,,0,0.0,,0,0.0,,0,0.0
419514472,render/train/419514472.png,train,,0,0.0,0.35811043,1,-0.30739415085391414,,0,0.0,,0,0.0,,0,0.0
419730462,render/train/419730462.png,train,,0,0.0,0.36013805,1,-0.23891378591169882,,0,0.0,,0,0.0,,0,0.0
420554258,render/train/420554258.png,train,,0,0.0,0.35790237,1,-0.3144211207643876,,0,0.0,,0,0.0,,0,0.0
420766140,render/train/420766140.png,train,,0,0.0,0.34238812,1,-0.8383957816006196,,0,0.0,,0,0.0,,0,0.0
421125375,render/train/421125375.png,train,,0,0.0,0.33180261,1,-1.1959083272943238,,0,0.0,,0,0.0,,0,0.0
421588558,render/train/421588558.png,train,,0,0.0,0.37676658,1,0.32269430774124097,,0,0.0,,0,0.0,,0,0.0
421601596,render/train/421601596.png,train,,0,0.0,0.34941834,1,-0.6009587711035552,,0,0.0,,0,0.0,,0,0.0
422376704,render/train/422376704.png,train,,0,0.0,0.38335836,1,0.5453235479434455,,0,0.0,,0,0.0,,0,0.0
423361710,render/train/423361710.png,train,,0,0.0,0.38237917,1,0.5122526132773005,,0,0.0,,0,0.0,,0,0.0
423638166,render/train/423638166.png,train,,0,0.0,0.37583155,1,0.29111482261487626,,0,0.0,,0,0.0,,0,0.0
424246919,render/train/424246919.png,train,,0,0.0,0.37854395,1,0.38272278755370326,,0,0.0,,0,0.0,,0,0.0
424737952,render/train/424737952.png,train,,0,0.0,0.39210701,1,0.8407984124405937,,0,0.0,,0,0.0,,0,0.0
425753328,render/train/425753328.png,train,,0,0.0,0.38329483,1,0.5431779005416734,,0,0.0,,0,0.0,,0,0.0
425876006,render/train/425876006.png,train,,0,0.0,0.39143285,1,0.8180294898468916,,0,0.0,,0,0.0,,0,0.0
426452864,render/train/426452864.png,train,,0,0.0,0.42372696,1,1.908723228458681,,0,0.0,,0,0.0,,0,0.0
426568984,render/train/426568984.png,train,,0,0.0,0.38298006,1,0.5325469319810661,,0,0.0,,0,0.0,,0,0.0
426591461,render/train/426591461.png,train,,0,0.0,0.37263298,1,0.18308706549410328,,0,0.0,,0,0.0,,0,0.0
427022128,render/train/427022128.png,train,,0,0.0,0.40575377,1,1.3017009016046508,,0,0.0,,0,0.0,,0,0.0
427272579,render/train/427272579.png,train,,0,0.0,0.37215946,1,0.1670945114615735,,0,0.0,,0,0.0,,0,0.0
427458054,render/train/427458054.png,train,4.023221393,1,-0.8309855464119175,,0,0.0,,0,0.0,,0,0.0,,0,0.0
427930827,render/train/427930827.png,train,,0,0.0,0.37364181,1,0.2171590546067851,,0,0.0,,0,0.0,,0,0.0
428473296,render/train/428473296.png,train,,0,0.0,0.35771091,1,-0.32088744614677617,,0,0.0,,0,0.0,,0,0.0
428642513,render/train/428642513.png,train,,0,0.0,0.34006811,1,-0.916751258203529,,0,0.0,,0,0.0,,0,0.0
428683484,render/train/428683484.png,train,,0,0.0,0.36727934,1,0.0022744768585404957,,0,0.0,,0,0.0,,0,0.0
428785387,render/train/428785387.png,train,,0,0.0,0.36571693,1,-0.05049399405285672,,0,0.0,,0,0.0,,0,0.0
428829541,render/train/428829541.png,train,,0,0.0,0.39580433,1,0.9656708357290555,,0,0.0,,0,0.0,,0,0.0
428976415,render/train/428976415.png,train,,0,0.0,0.3537359,1,-0.4551385067246726,,0,0.0,,0,0.0,,0,0.0
429074783,render/train/429074783.png,train,-51.63721715,1,-1.3314017983703343,,0,0.0,,0,0.0,,0,0.0,,0,0.0
429504710,render/train/429504710.png,train,,0,0.0,0.32197696,1,-1.5277575385836566,,0,0.0,,0,0.0,,0,0.0
429609044,render/train/429609044.png,train,,0,0.0,0.39512322,1,0.942667185456425,,0,0.0,,0,0.0,,0,0.0
429737042,render/train/429737042.png,train,,0,0.0,0.43912224,1,2.428679824264397,,0,0.0,,0,0.0,,0,0.0
429776664,render/train/429776664.png,train,,0,0.0,0.34886491,1,-0.6196501868372586,,0,0.0,,0,0.0,,0,0.0
429914397,render/train/429914397.png,train,,0,0.0,0.37217616,1,0.16765853336633557,,0,0.0,,0,0.0,,0,0.0
430188200,render/train/430188200.png,train,,0,0.0,0.34965429,1,-0.5929898508383603,,0,0.0,,0,0.0,,0,0.0
430475615,render/train/430475615.png,train,,0,0.0,0.36622548,1,-0.0333183449709956,,0,0.0,,0,0.0,,0,0.0
430498669,render/train/430498669.png,train,,0,0.0,,0,0.0,0.40475,1,1.6575773060667849,0.919023879,1,-0.45461990693031085,16.27456982,1,-0.03150970499301485
431067883,render/train/431067883.png,train,,0,0.0,0.35779902,1,-0.3179116395582336,,0,0.0,,0,0.0,,0,0.0
431258453,render/train/431258453.png,train,,0,0.0,0.33687844,1,-1.0244784288002056,,0,0.0,,0,0.0,,0,0.0
431336110,render/train/431336110.png,train,,0,0.0,,0,0.0,0.33,1,0.8227348303782892,0.820824647,1,-1.1263471135651295,19.38675152,1,0.6437831453056696
431834567,render/train/431834567.png,train,,0,0.0,0.36108556,1,-0.20691280417626468,,0,0.0,,0,0.0,,0,0.0
431972606,render/train/431972606.png,train,,0,0.0,0.3526676199999999,1,-0.49121834627077865,,0,0.0,,0,0.0,,0,0.0
432187357,render/train/432187357.png,train,,0,0.0,0.34759464,1,-0.6625519895296491,,0,0.0,,0,0.0,,0,0.0
432686237,render/train/432686237.png,train,,0,0.0,0.36335093,1,-0.13040272618870044,,0,0.0,,0,0.0,,0,0.0
432789142,render/train/432789142.png,train,,0,0.0,0.30841537,1,-1.9857835160334212,,0,0.0,,0,0.0,,0,0.0
432947505,render/train/432947505.png,train,,0,0.0,0.36055336,1,-0.22488720284181812,,0,0.0,,0,0.0,,0,0.0
433053026,render/train/433053026.png,train,,0,0.0,0.34752504,1,-0.6649026436956065,,0,0.0,,0,0.0,,0,0.0
433063842,render/train/433063842.png,train,,0,0.0,0.37864052,1,0.3859843202089676,,0,0.0,,0,0.0,,0,0.0
433310037,render/train/433310037.png,train,,0,0.0,0.39496147,1,0.9372042786842466,,0,0.0,,0,0.0,,0,0.0
433650150,render/train/433650150.png,train,,0,0.0,0.39013945,1,0.77434649992952,,0,0.0,,0,0.0,,0,0.0
433804845,render/train/433804845.png,train,,0,0.0,0.48218278,1,3.8829964584507084,,0,0.0,,0,0.0,,0,0.0
433899559,render/train/433899559.png,train,,0,0.0,0.37523864,1,0.27109001856979437,,0,0.0,,0,0.0,,0,0.0
434366510,render/train/434366510.png,train,,0,0.0,0.34010105,1,-0.9156387503267083,,0,0.0,,0,0.0,,0,0.0
434463983,render/train/434463983.png,train,66.76854223,1,-0.2668725228157588,,0,0.0,,0,0.0,,0,0.0,,0,0.0
434558166,render/train/434558166.png,train,,0,0.0,0.34101825,1,-0.8846614514615363,,0,0.0,,0,0.0,,0,0.0
434569704,render/train/434569704.png,train,,0,0.0,0.37807285,1,0.36681196603671407,,0,0.0,,0,0.0,,0,0.0
434774652,render/train/434774652.png,train,,0,0.0,0.360284,1,-0.23398450465420645,0.1845,1,-0.8022762761458068,1.134726614,1,1.0208844599983484,13.89490111,1,-0.5478591411273169
435176754,render/train/435176754.png,train,,0,0.0,0.3555696,1,-0.3932075506310558,0.297,1,0.4541756103418961,,0,0.0,,0,0.0
435414001,render/train/435414001.png,train,,0,0.0,0.36433979,1,-0.09700519919806243,,0,0.0,,0,0.0,,0,0.0
436053156,render/train/436053156.png,train,,0,0.0,0.35968354,1,-0.25426430063826677,,0,0.0,,0,0.0,,0,0.0
436095263,render/train/436095263.png,train,,0,0.0,0.36999432,1,0.09396957811558747,,0,0.0,,0,0.0,,0,0.0
436303110,render/train/436303110.png,train,,0,0.0,0.37550202,1,0.27998535325700363,,0,0.0,,0,0.0,,0,0.0
436672073,render/train/436672073.png,train,,0,0.0,0.35081452,1,-0.5538045134393856,,0,0.0,,0,0.0,,0,0.0
438056577,render/train/438056577.png,train,,0,0.0,0.34686046,1,-0.6873480136038235,,0,0.0,,0,0.0,,0,0.0
438250982,render/train/438250982.png,train,,0,0.0,0.38901721,1,0.7364442279294652,,0,0.0,,0,0.0,,0,0.0
439011698,render/train/439011698.png,train,,0,0.0,0.36655911,1,-0.022050403169438498,,0,0.0,,0,0.0,,0,0.0
439136445,render/train/439136445.png,train,,0,0.0,0.38120028,1,0.4724370573907305,,0,0.0,,0,0.0,,0,0.0
439339917,render/train/439339917.png,train,,0,0.0,0.32950873,1,-1.2733812953719943,,0,0.0,,0,0.0,,0,0.0
439415309,render/train/439415309.png,train,,0,0.0,0.38992646,1,0.7671530253489556,,0,0.0,,0,0.0,,0,0.0
439660621,render/train/439660621.png,train,,0,0.0,0.37744754,1,0.34569289194885944,,0,0.0,,0,0.0,,0,0.0
440187772,render/train/440187772.png,train,,0,0.0,0.38310066,1,0.5366200482513874,,0,0.0,,0,0.0,,0,0.0
440221059,render/train/440221059.png,train,59.88076613,1,-0.32879720739451934,,0,0.0,,0,0.0,,0,0.0,,0,0.0
440284269,render/train/440284269.png,train,-18.01175462,1,-1.0290914255077233,,0,0.0,,0,0.0,,0,0.0,,0,0.0
440459365,render/train/440459365.png,train,,0,0.0,0.37693372,1,0.3283392551162138,,0,0.0,,0,0.0,,0,0.0
440694575,render/train/440694575.png,train,,0,0.0,0.34419974,1,-0.7772105502768938,,0,0.0,,0,0.0,,0,0.0
440852775,render/train/440852775.png,train,,0,0.0,0.35040297,1,-0.5677041071462791,,0,0.0,,0,0.0,,0,0.0
440867054,render/train/440867054.png,train,,0,0.0,0.37846605,1,0.38009181112370166,,0,0.0,,0,0.0,,0,0.0
440998252,render/train/440998252.png,train,,0,0.0,0.34012388,1,-0.9148676952317552,,0,0.0,,0,0.0,,0,0.0
441045416,render/train/441045416.png,train,32.4414411,1,-0.5754909911162115,,0,0.0,,0,0.0,,0,0.0,,0,0.0
441295392,render/train/441295392.png,train,,0,0.0,0.42813403,1,2.057566582699559,,0,0.0,,0,0.0,,0,0.0
441800426,render/train/441800426.png,train,-10.30414379,1,-0.9597960008925721,,0,0.0,,0,0.0,,0,0.0,,0,0.0
441855685,render/train/441855685.png,train,,0,0.0,0.35141201,1,-0.5336250255425793,,0,0.0,,0,0.0,,0,0.0
441924430,render/train/441924430.png,train,,0,0.0,,0,0.0,0.307,1,0.5658602224741364,,0,0.0,,0,0.0
442093631,render/train/442093631.png,train,,0,0.0,0.36467261,1,-0.08576461414757525,,0,0.0,,0,0.0,,0,0.0
442452634,render/train/442452634.png,train,,0,0.0,0.37763347,1,0.3519724484011069,0.128,1,-1.433294334692964,1.475127343,1,3.3493795629704963,15.26731429,1,-0.2500677852724574
442573599,render/train/442573599.png,train,,0,0.0,0.43658652,1,2.3430390084353583,0.349,1,1.0349355934295452,,0,0.0,,0,0.0
442588281,render/train/442588281.png,train,,0,0.0,0.35570555,1,-0.38861600704108634,,0,0.0,,0,0.0,,0,0.0
442933041,render/train/442933041.png,train,,0,0.0,,0,0.0,0.184,1,-0.8078605067524187,0.956021414,1,-0.20154001687654877,17.81147708,1,0.3019741928944834
443073633,render/train/443073633.png,train,,0,0.0,0.44606667,1,2.6632193833117856,,0,0.0,,0,0.0,,0,0.0
443095393,render/train/443095393.png,train,,0,0.0,0.38587992,1,0.6304861272352705,,0,0.0,,0,0.0,,0,0.0
443473345,render/train/443473345.png,train,,0,0.0,0.37988372,1,0.4279718670353758,,0,0.0,,0,0.0,,0,0.0
444454370,render/train/444454370.png,train,,0,0.0,0.32718673,1,-1.3518039817707408,,0,0.0,,0,0.0,,0,0.0
444535836,render/train/444535836.png,train,,0,0.0,0.35566835,1,-0.38987239116426897,,0,0.0,,0,0.0,,0,0.0
445398297,render/train/445398297.png,train,,0,0.0,0.3593053,1,-0.26703889017464216,0.1693333333333333,1,-0.9716646045463714,,0,0.0,,0,0.0
445451403,render/train/445451403.png,train,,0,0.0,0.35240294,1,-0.5001575868547634,,0,0.0,,0,0.0,,0,0.0
445559767,render/train/445559767.png,train,,0,0.0,,0,0.0,0.309,1,0.5881971449005845,0.933849439,1,-0.3532063642500907,17.49332984,1,0.2329414122845793
445698643,render/train/445698643.png,train,,0,0.0,0.3780172,1,0.3649324559169502,,0,0.0,,0,0.0,,0,0.0
445846164,render/train/445846164.png,train,,0,0.0,0.36800149,1,0.02666420251868344,,0,0.0,,0,0.0,,0,0.0
445938720,render/train/445938720.png,train,,0,0.0,0.37441485,1,0.2432675272569514,,0,0.0,,0,0.0,,0,0.0
446207313,render/train/446207313.png,train,,0,0.0,0.37411616,1,0.23317964086571763,,0,0.0,,0,0.0,,0,0.0
446600296,render/train/446600296.png,train,,0,0.0,0.35092558,1,-0.55005359890388,,0,0.0,,0,0.0,,0,0.0
447303285,render/train/447303285.png,train,,0,0.0,0.34755673,1,-0.6638323530272283,,0,0.0,,0,0.0,,0,0.0
447418869,render/train/447418869.png,train,,0,0.0,0.38707826,1,0.6709585828851731,,0,0.0,,0,0.0,,0,0.0
447438744,render/train/447438744.png,train,,0,0.0,0.38852364,1,0.7197745098735528,,0,0.0,,0,0.0,,0,0.0
447444897,render/train/447444897.png,train,,0,0.0,0.35121745,1,-0.540196049601899,,0,0.0,,0,0.0,,0,0.0
447477268,render/train/447477268.png,train,,0,0.0,0.37436742,1,0.24166563749989126,,0,0.0,,0,0.0,,0,0.0
447614903,render/train/447614903.png,train,,0,0.0,0.38882132,1,0.729828284760366,,0,0.0,,0,0.0,,0,0.0
447641645,render/train/447641645.png,train,,0,0.0,,0,0.0,0.389,1,1.4816740419585068,1.089021523,1,0.7082409445539481,24.31804369,1,1.7137934037474833
447643667,render/train/447643667.png,train,,0,0.0,0.3511763,1,-0.5415858401037542,,0,0.0,,0,0.0,,0,0.0
447646076,render/train/447646076.png,train,175.2273279,1,0.708228292730517,,0,0.0,,0,0.0,,0,0.0,,0,0.0
447692460,render/train/447692460.png,train,2.868925186,1,-0.8413632688423743,,0,0.0,,0,0.0,,0,0.0,,0,0.0
447769500,render/train/447769500.png,train,,0,0.0,0.35917869,1,-0.27131498678314464,0.3545,1,1.0963621301022775,0.973061223,1,-0.08498000853390865,17.68935554,1,0.2754758034111625
448340777,render/train/448340777.png,train,,0,0.0,0.37800644,1,0.364569050186696,0.33,1,0.8227348303782892,,0,0.0,,0,0.0
449447335,render/train/449447335.png,train,,0,0.0,0.35885814,1,-0.2821411677155823,,0,0.0,,0,0.0,,0,0.0
450028530,render/train/450028530.png,train,,0,0.0,0.42130953,1,1.827077511498768,,0,0.0,,0,0.0,,0,0.0
450668833,render/train/450668833.png,train,,0,0.0,0.36288885,1,-0.14600890832958527,,0,0.0,,0,0.0,,0,0.0
450754739,render/train/450754739.png,train,,0,0.0,0.36775362,1,0.018292698953801603,,0,0.0,,0,0.0,,0,0.0
450878191,render/train/450878191.png,train,,0,0.0,0.4007298999999999,1,1.132025888030977,,0,0.0,,0,0.0,,0,0.0
453918545,render/train/453918545.png,train,,0,0.0,0.38734029,1,0.6798083229872665,,0,0.0,,0,0.0,,0,0.0
454048621,render/train/454048621.png,train,,0,0.0,0.35285493,1,-0.48489218202040946,,0,0.0,,0,0.0,,0,0.0
454723677,render/train/454723677.png,train,88.16409459,1,-0.07451539447046357,,0,0.0,,0,0.0,,0,0.0,,0,0.0
454925520,render/train/454925520.png,train,213.4133554,1,1.0515405133837663,,0,0.0,,0,0.0,,0,0.0,,0,0.0
454931454,render/train/454931454.png,train,,0,0.0,0.37902645,1,0.39901863001166804,,0,0.0,,0,0.0,,0,0.0
455272434,render/train/455272434.png,train,,0,0.0,0.35619794,1,-0.3719861420299413,,0,0.0,,0,0.0,,0,0.0
455575558,render/train/455575558.png,train,,0,0.0,0.3636002,1,-0.12198393935036596,,0,0.0,,0,0.0,,0,0.0
455581331,render/train/455581331.png,train,5.423112055,1,-0.8183998022717874,,0,0.0,0.256,1,-0.003731299400288797,,0,0.0,,0,0.0
455634892,render/train/455634892.png,train,,0,0.0,0.36012778,1,-0.2392606424962438,,0,0.0,,0,0.0,,0,0.0
455687362,render/train/455687362.png,train,,0,0.0,0.34659314,1,-0.696376416932036,0.1985,1,-0.6459178191606703,1.072100095,1,0.5924907158483688,13.15993394,1,-0.7073350724668197
455760856,render/train/455760856.png,train,47.98864595,1,-0.43571354445710375,,0,0.0,,0,0.0,,0,0.0,,0,0.0
455774790,render/train/455774790.png,train,,0,0.0,0.36294968,1,-0.14395445009804497,,0,0.0,,0,0.0,,0,0.0
455931063,render/train/455931063.png,train,,0,0.0,0.38592652,1,0.6320599847659261,,0,0.0,,0,0.0,,0,0.0
456072913,render/train/456072913.png,train,,0,0.0,0.37265926,1,0.1839746400843523,,0,0.0,,0,0.0,,0,0.0
456108334,render/train/456108334.png,train,,0,0.0,,0,0.0,0.371,1,1.2806417401204742,0.858583325,1,-0.8680606607834666,13.69025537,1,-0.5922639408426046
456414718,render/train/456414718.png,train,,0,0.0,0.40565042,1,1.298210382810805,,0,0.0,,0,0.0,,0,0.0
457126750,render/train/457126750.png,train,,0,0.0,0.35574227,1,-0.38737583432594186,,0,0.0,,0,0.0,,0,0.0
457390290,render/train/457390290.png,train,,0,0.0,0.32628739,1,-1.3821780811617164,,0,0.0,,0,0.0,,0,0.0
457518738,render/train/457518738.png,train,-32.25789051,1,-1.1571715864546521,,0,0.0,,0,0.0,,0,0.0,,0,0.0
457660714,render/train/457660714.png,train,,0,0.0,0.36405434,1,-0.1066459209174954,,0,0.0,,0,0.0,,0,0.0
458141446,render/train/458141446.png,train,,0,0.0,0.34948224,1,-0.5988006274080857,,0,0.0,,0,0.0,,0,0.0
458250694,render/train/458250694.png,train,,0,0.0,0.33380775,1,-1.128187196628699,,0,0.0,,0,0.0,,0,0.0
458811601,render/train/458811601.png,train,,0,0.0,0.36402987,1,-0.10747236498992313,,0,0.0,,0,0.0,,0,0.0
459396662,render/train/459396662.png,train,,0,0.0,0.35031608,1,-0.570638709739383,,0,0.0,,0,0.0,,0,0.0
459959706,render/train/459959706.png,train,,0,0.0,0.39121654,1,0.8107238863607106,,0,0.0,,0,0.0,,0,0.0
459974276,render/train/459974276.png,train,,0,0.0,,0,0.0,0.212,1,-0.4951435927821461,0.861701744,1,-0.8467292629575963,10.36326711,1,-1.3141663236648091
460632304,render/train/460632304.png,train,,0,0.0,0.33577195,1,-1.0618487639739131,,0,0.0,,0,0.0,,0,0.0
461284204,render/train/461284204.png,train,,0,0.0,0.44837181,1,2.7410726440030873,,0,0.0,,0,0.0,,0,0.0
461293601,render/train/461293601.png,train,,0,0.0,0.36050178,1,-0.22662925373089948,,0,0.0,,0,0.0,,0,0.0
461562711,render/train/461562711.png,train,,0,0.0,0.36290546,1,-0.1454479260638293,0.1883333333333333,1,-0.759463841495115,,0,0.0,,0,0.0
461922685,render/train/461922685.png,train,,0,0.0,0.37962717,1,0.41930720717508496,,0,0.0,,0,0.0,,0,0.0
462593659,render/train/462593659.png,train,,0,0.0,0.38450677,1,0.5841096794194066,,0,0.0,,0,0.0,,0,0.0
462771322,render/train/462771322.png,train,36.87047274,1,-0.5356716962793263,,0,0.0,,0,0.0,,0,0.0,,0,0.0
462814038,render/train/462814038.png,train,,0,0.0,0.31811694,1,-1.6581249537227094,,0,0.0,,0,0.0,,0,0.0
462826166,render/train/462826166.png,train,,0,0.0,0.36737797,1,0.0056055834733153955,,0,0.0,,0,0.0,,0,0.0
462869039,render/train/462869039.png,train,,0,0.0,,0,0.0,0.1815,1,-0.8357816597854788,1.033359022,1,0.32748423648684416,13.61871523,1,-0.6077869885654823
463127063,render/train/463127063.png,train,,0,0.0,0.3374244,1,-1.006039303104142,,0,0.0,,0,0.0,,0,0.0
463296831,render/train/463296831.png,train,,0,0.0,0.3433683,1,-0.8052914109053906,,0,0.0,,0,0.0,,0,0.0
463338969,render/train/463338969.png,train,,0,0.0,,0,0.0,0.44475,1,2.1043157545957456,0.968871976,1,-0.11363635469772893,15.08786185,1,-0.28900604832459664
463490376,render/train/463490376.png,train,,0,0.0,0.35498307,1,-0.4130168780442573,,0,0.0,,0,0.0,,0,0.0
463727468,render/train/463727468.png,train,,0,0.0,0.31340132,1,-1.8173892036949975,,0,0.0,,0,0.0,,0,0.0
463770035,render/train/463770035.png,train,,0,0.0,0.38363595,1,0.5546988078562048,,0,0.0,,0,0.0,,0,0.0
464374325,render/train/464374325.png,train,,0,0.0,0.35774831,1,-0.319624307270241,,0,0.0,,0,0.0,,0,0.0
465735962,render/train/465735962.png,train,,0,0.0,,0,0.0,0.2863333333333333,1,0.33504535740083924,,0,0.0,,0,0.0
466297996,render/train/466297996.png,train,,0,0.0,0.39475422,1,0.9302046655248413,,0,0.0,,0,0.0,,0,0.0
466352320,render/train/466352320.png,train,,0,0.0,0.34219261,1,-0.8449988907383541,,0,0.0,,0,0.0,,0,0.0
466488035,render/train/466488035.png,train,,0,0.0,0.3838921,1,0.5633499582097963,,0,0.0,,0,0.0,,0,0.0
466577746,render/train/466577746.png,train,,0,0.0,0.37480731,1,0.25652237975654235,,0,0.0,,0,0.0,,0,0.0
467415058,render/train/467415058.png,train,,0,0.0,0.36169901,1,-0.18619428696209284,,0,0.0,,0,0.0,,0,0.0
467619338,render/train/467619338.png,train,,0,0.0,0.40607353,1,1.3125004012613533,,0,0.0,,0,0.0,,0,0.0
467841477,render/train/467841477.png,train,,0,0.0,0.36418165,1,-0.10234618267226374,,0,0.0,,0,0.0,,0,0.0
467957331,render/train/467957331.png,train,,0,0.0,0.36021287,1,-0.23638683268329377,,0,0.0,,0,0.0,,0,0.0
468123146,render/train/468123146.png,train,,0,0.0,0.34907081,1,-0.6126961682629672,,0,0.0,,0,0.0,,0,0.0
468202587,render/train/468202587.png,train,,0,0.0,0.34535507,1,-0.7381907043350063,,0,0.0,,0,0.0,,0,0.0
468435322,render/train/468435322.png,train,,0,0.0,0.42429336,1,1.927852689947161,,0,0.0,,0,0.0,,0,0.0
468647784,render/train/468647784.png,train,,0,0.0,0.35650224,1,-0.36170878480722773,,0,0.0,,0,0.0,,0,0.0
469117883,render/train/469117883.png,train,,0,0.0,0.35478647,1,-0.41965680058775107,0.329,1,0.8115663691650652,,0,0.0,,0,0.0
469170848,render/train/469170848.png,train,,0,0.0,0.32726581,1,-1.349133152295972,,0,0.0,,0,0.0,,0,0.0
469302506,render/train/469302506.png,train,,0,0.0,0.34972728,1,-0.590524703603113,,0,0.0,,0,0.0,,0,0.0
469358545,render/train/469358545.png,train,,0,0.0,0.33588692,1,-1.0579657940104061,,0,0.0,,0,0.0,,0,0.0
469373885,render/train/469373885.png,train,,0,0.0,0.37778417,1,0.35706215505067057,,0,0.0,,0,0.0,,0,0.0
469522235,render/train/469522235.png,train,,0,0.0,0.34659743,1,-0.69623152747267,,0,0.0,,0,0.0,,0,0.0
469762118,render/train/469762118.png,train,,0,0.0,0.40334594,1,1.2203794128055594,0.33575,1,0.8869534823543271,0.799124975,1,-1.2747826945832357,11.10583978,1,-1.1530401224284854
470248513,render/train/470248513.png,train,,0,0.0,0.38932692,1,0.7469043012303079,0.2175,1,-0.43371705610941386,1.065268296,1,0.5457581175877171,14.51100233,1,-0.41417518915038143
470644305,render/train/470644305.png,train,,0,0.0,,0,0.0,0.2445,1,-0.13216860335236522,0.77629912,1,-1.4309218772012973,15.63619856,1,-0.1700258937213793
470882237,render/train/470882237.png,train,,0,0.0,,0,0.0,0.1699999999999999,1,-0.9642189637375562,0.90836326,1,-0.5275433674912662,13.61883804,1,-0.6077603407913676
471167389,render/train/471167389.png,train,,0,0.0,0.39965257,1,1.0956403958957681,,0,0.0,,0,0.0,,0,0.0
471229336,render/train/471229336.png,train,,0,0.0,0.35885044,1,-0.28240122571957466,,0,0.0,,0,0.0,,0,0.0
471232533,render/train/471232533.png,train,,0,0.0,0.40104325,1,1.1426088978428006,,0,0.0,,0,0.0,,0,0.0
471408495,render/train/471408495.png,train,,0,0.0,0.3757357,1,0.287877607071672,,0,0.0,,0,0.0,,0,0.0
471856670,render/train/471856670.png,train,54.57900551,1,-0.37646278904802194,,0,0.0,,0,0.0,,0,0.0,,0,0.0
471964961,render/train/471964961.png,train,,0,0.0,,0,0.0,,0,0.0,1.232934348,1,1.692669824162451,29.70086573,1,2.8817783057993713
472043812,render/train/472043812.png,train,,0,0.0,0.36278753,1,-0.1494308663769228,,0,0.0,,0,0.0,,0,0.0
472240930,render/train/472240930.png,train,,0,0.0,0.36457594,1,-0.08902952417951682,,0,0.0,,0,0.0,,0,0.0
472323951,render/train/472323951.png,train,,0,0.0,0.3477811,1,-0.656254532981023,,0,0.0,,0,0.0,,0,0.0
472677846,render/train/472677846.png,train,,0,0.0,0.36380251,1,-0.11515116859871516,,0,0.0,1.140781369,1,1.0623017254919127,16.55092442,1,0.028454751943144632
472726378,render/train/472726378.png,train,,0,0.0,,0,0.0,0.216,1,-0.45046974792924993,0.807377101,1,-1.2183344165887746,18.38442171,1,0.42629386621433696
472812489,render/train/472812489.png,train,,0,0.0,0.33034582,1,-1.2451096129613464,,0,0.0,,0,0.0,,0,0.0
473402909,render/train/473402909.png,train,,0,0.0,0.37929885,1,0.40821860407498356,,0,0.0,,0,0.0,,0,0.0
473547925,render/train/473547925.png,train,,0,0.0,0.3061006,1,-2.063962018098548,,0,0.0,,0,0.0,,0,0.0
473567594,render/train/473567594.png,train,,0,0.0,0.34690701,1,-0.6857758447615047,,0,0.0,,0,0.0,,0,0.0
473657934,render/train/473657934.png,train,,0,0.0,0.37203518,1,0.16289710772960356,,0,0.0,,0,0.0,,0,0.0
474558626,render/train/474558626.png,train,,0,0.0,0.33990323,1,-0.9223198768656407,,0,0.0,,0,0.0,,0,0.0
475124319,render/train/475124319.png,train,,0,0.0,0.36105716,1,-0.20787197915203015,0.1345,1,-1.360699336807008,1.058985756,1,0.5027826995643716,12.9825722,1,-0.7458196875966285
475611696,render/train/475611696.png,train,,0,0.0,0.35622218,1,-0.37116746592386624,,0,0.0,,0,0.0,,0,0.0
475921569,render/train/475921569.png,train,,0,0.0,0.39369072,1,0.8942862645838141,,0,0.0,0.923679332,1,-0.42277450065147526,14.83081456,1,-0.34478113276958644
476061574,render/train/476061574.png,train,,0,0.0,0.37326705,1,0.2045019977787076,0.2249999999999999,1,-0.3499535970102348,0.96210565,1,-0.15992108799544455,10.50145976,1,-1.2841807644961951
476584063,render/train/476584063.png,train,,0,0.0,0.36522559,1,-0.0670883966089118,,0,0.0,,0,0.0,,0,0.0
476711294,render/train/476711294.png,train,,0,0.0,0.36609405,1,-0.037757231135244575,,0,0.0,,0,0.0,,0,0.0
476733840,render/train/476733840.png,train,-36.66445232,1,-1.1967888658492396,,0,0.0,,0,0.0,,0,0.0,,0,0.0
477018729,render/train/477018729.png,train,,0,0.0,0.34320859,1,-0.8106854191933951,,0,0.0,,0,0.0,,0,0.0
477055088,render/train/477055088.png,train,,0,0.0,0.41856492,1,1.7343816935328515,,0,0.0,,0,0.0,,0,0.0
477209068,render/train/477209068.png,train,,0,0.0,0.39093091,1,0.8010770853632635,,0,0.0,,0,0.0,,0,0.0
477797468,render/train/477797468.png,train,,0,0.0,,0,0.0,0.1895,1,-0.7464339700796866,1.159740176,1,1.1919885489819235,14.1297443,1,-0.49690198552540066
477893372,render/train/477893372.png,train,,0,0.0,0.40280956,1,1.2022638397949827,,0,0.0,,0,0.0,,0,0.0
478096853,render/train/478096853.png,train,55.49864746,1,-0.36819473026499233,,0,0.0,,0,0.0,,0,0.0,,0,0.0
478367903,render/train/478367903.png,train,,0,0.0,0.41430705,1,1.5905773852914113,,0,0.0,,0,0.0,,0,0.0
478448217,render/train/478448217.png,train,,0,0.0,0.34783375,1,-0.654476344161517,,0,0.0,,0,0.0,,0,0.0
478818056,render/train/478818056.png,train,,0,0.0,0.38732371,1,0.6792483539345143,,0,0.0,,0,0.0,,0,0.0
478981386,render/train/478981386.png,train,,0,0.0,0.36199389,1,-0.17623507862218685,,0,0.0,,0,0.0,,0,0.0
479722574,render/train/479722574.png,train,,0,0.0,0.37512848,1,0.2673695004243647,,0,0.0,,0,0.0,,0,0.0
479745021,render/train/479745021.png,train,,0,0.0,0.36908001,1,0.06308988543633057,,0,0.0,,0,0.0,,0,0.0
479794111,render/train/479794111.png,train,,0,0.0,0.36538567,1,-0.06168189202720998,,0,0.0,,0,0.0,,0,0.0
479814581,render/train/479814581.png,train,,0,0.0,0.39773141,1,1.0307555861619995,,0,0.0,,0,0.0,,0,0.0
479850250,render/train/479850250.png,train,,0,0.0,0.35612182,1,-0.3745570011551237,,0,0.0,,0,0.0,,0,0.0
479918416,render/train/479918416.png,train,,0,0.0,0.37433713,1,0.24064263010496573,,0,0.0,,0,0.0,,0,0.0
480111697,render/train/480111697.png,train,,0,0.0,0.32112378,1,-1.5565726409013472,,0,0.0,,0,0.0,,0,0.0
480125029,render/train/480125029.png,train,,0,0.0,0.34768618,1,-0.6594603389211473,,0,0.0,1.043832714,1,0.39912903173650094,,0,0.0
480361178,render/train/480361178.png,train,,0,0.0,0.33491871,1,-1.0906658927176096,,0,0.0,,0,0.0,,0,0.0
480471385,render/train/480471385.png,train,,0,0.0,0.39039629,1,0.7830209541821695,,0,0.0,,0,0.0,,0,0.0
480495862,render/train/480495862.png,train,,0,0.0,,0,0.0,0.1929999999999999,1,-0.7073443558334037,,0,0.0,,0,0.0
481255154,render/train/481255154.png,train,,0,0.0,0.38222676,1,0.507105153486589,,0,0.0,,0,0.0,,0,0.0
481310813,render/train/481310813.png,train,,0,0.0,0.3627633,1,-0.1502492047453305,,0,0.0,,0,0.0,,0,0.0
481600989,render/train/481600989.png,train,,0,0.0,0.36677611,1,-0.014721495784199437,,0,0.0,,0,0.0,,0,0.0
482356088,render/train/482356088.png,train,,0,0.0,0.3676303,1,0.01412771803791364,,0,0.0,,0,0.0,,0,0.0
482559838,render/train/482559838.png,train,,0,0.0,0.34505988,1,-0.7481603825426056,,0,0.0,,0,0.0,,0,0.0
482933364,render/train/482933364.png,train,,0,0.0,0.34925827,1,-0.6063649379475897,,0,0.0,,0,0.0,,0,0.0
483443678,render/train/483443678.png,train,,0,0.0,0.37968656,1,0.42131303118250135,,0,0.0,,0,0.0,,0,0.0
483503968,render/train/483503968.png,train,,0,0.0,0.38403855,1,0.5682961263506634,,0,0.0,,0,0.0,,0,0.0
483514243,render/train/483514243.png,train,,0,0.0,,0,0.0,0.4142,1,1.7631192645317522,0.822074244,1,-1.1177993043294199,20.61494369,1,0.9102808858437064
483787501,render/train/483787501.png,train,302.3547996,1,1.8511702920091824,,0,0.0,,0,0.0,,0,0.0,,0,0.0
484741548,render/train/484741548.png,train,168.825845,1,0.6506756365954214,,0,0.0,,0,0.0,,0,0.0,,0,0.0
484824618,render/train/484824618.png,train,,0,0.0,0.3546746,1,-0.4234350718743267,,0,0.0,,0,0.0,,0,0.0
484906065,render/train/484906065.png,train,,0,0.0,0.3421229,1,-0.8473532600186541,,0,0.0,,0,0.0,,0,0.0
484910075,render/train/484910075.png,train,,0,0.0,0.37664927,1,0.31873230716353224,,0,0.0,,0,0.0,,0,0.0
484914577,render/train/484914577.png,train,,0,0.0,0.43261591,1,2.2089365524311724,,0,0.0,,0,0.0,,0,0.0
485094036,render/train/485094036.png,train,,0,0.0,0.35576743,1,-0.38652608635445607,,0,0.0,,0,0.0,,0,0.0
485407995,render/train/485407995.png,train,,0,0.0,0.32762443,1,-1.3370212040632758,,0,0.0,,0,0.0,,0,0.0
485725497,render/train/485725497.png,train,,0,0.0,0.40280655,1,1.2021621807570575,,0,0.0,,0,0.0,,0,0.0
486162047,render/train/486162047.png,train,,0,0.0,0.36499297,1,-0.07494485023082095,,0,0.0,,0,0.0,,0,0.0
487578819,render/train/487578819.png,train,,0,0.0,0.34744921,1,-0.6674637084284302,,0,0.0,,0,0.0,,0,0.0
487601527,render/train/487601527.png,train,,0,0.0,0.37208574,1,0.16460470937659702,,0,0.0,,0,0.0,,0,0.0
488191156,render/train/488191156.png,train,,0,0.0,0.34353259,1,-0.7997427187656616,,0,0.0,,0,0.0,,0,0.0
488617798,render/train/488617798.png,train,358.667269,1,2.3574486400301216,,0,0.0,,0,0.0,,0,0.0,,0,0.0
489644096,render/train/489644096.png,train,,0,0.0,0.34899724,1,-0.6151809042829317,,0,0.0,,0,0.0,,0,0.0
489823970,render/train/489823970.png,train,,0,0.0,0.39109264,1,0.8065393166601054,,0,0.0,,0,0.0,,0,0.0
489861944,render/train/489861944.png,train,,0,0.0,0.4015453,1,1.1595650174407715,,0,0.0,,0,0.0,,0,0.0
490110901,render/train/490110901.png,train,,0,0.0,0.3475583,1,-0.663779328213427,,0,0.0,,0,0.0,,0,0.0
491061236,render/train/491061236.png,train,,0,0.0,0.37434137,1,0.24078583087599492,,0,0.0,,0,0.0,,0,0.0
491271299,render/train/491271299.png,train,,0,0.0,0.41746736,1,1.6973129580962423,,0,0.0,,0,0.0,,0,0.0
491291994,render/train/491291994.png,train,,0,0.0,0.37814224,1,0.3691555277116534,0.396,1,1.559853270451075,,0,0.0,,0,0.0
492004375,render/train/492004375.png,train,,0,0.0,0.35547349,1,-0.3964535473536148,,0,0.0,,0,0.0,,0,0.0
492439302,render/train/492439302.png,train,,0,0.0,0.38916246,1,0.7413498675502302,,0,0.0,,0,0.0,,0,0.0
492508713,render/train/492508713.png,train,,0,0.0,0.36419174,1,-0.10200540536573471,,0,0.0,,0,0.0,,0,0.0
492534708,render/train/492534708.png,train,,0,0.0,0.35766068,1,-0.3225839024507416,,0,0.0,,0,0.0,,0,0.0
492635161,render/train/492635161.png,train,,0,0.0,0.35070234,1,-0.5575932545936546,,0,0.0,,0,0.0,,0,0.0
492640026,render/train/492640026.png,train,,0,0.0,0.34865411,1,-0.6267696968686333,,0,0.0,,0,0.0,,0,0.0
493007317,render/train/493007317.png,train,,0,0.0,0.37514628,1,0.2679706734725553,,0,0.0,,0,0.0,,0,0.0
493762918,render/train/493762918.png,train,,0,0.0,0.38129236,1,0.4755469458332783,,0,0.0,,0,0.0,,0,0.0
494086930,render/train/494086930.png,train,,0,0.0,0.38566004,1,0.6230599514017837,,0,0.0,,0,0.0,,0,0.0
494165732,render/train/494165732.png,train,,0,0.0,0.39920256,1,1.0804418631195842,,0,0.0,,0,0.0,,0,0.0
494602606,render/train/494602606.png,train,,0,0.0,0.3410138,1,-0.8848117447235854,0.323,1,0.744555601885721,,0,0.0,,0,0.0
494975376,render/train/494975376.png,train,,0,0.0,0.38438296,1,0.5799281493578095,,0,0.0,,0,0.0,,0,0.0
495203055,render/train/495203055.png,train,,0,0.0,0.39061892,1,0.790540007874225,,0,0.0,,0,0.0,,0,0.0
495342241,render/train/495342241.png,train,,0,0.0,0.36101933,1,-0.2091496407482668,,0,0.0,,0,0.0,,0,0.0
495385866,render/train/495385866.png,train,,0,0.0,0.36047551,1,-0.22751649058348114,,0,0.0,,0,0.0,,0,0.0
496258709,render/train/496258709.png,train,,0,0.0,0.35571661,1,-0.3882424691808061,,0,0.0,,0,0.0,,0,0.0
496344217,render/train/496344217.png,train,,0,0.0,0.38334542,1,0.5448865154016707,,0,0.0,,0,0.0,,0,0.0
496407382,render/train/496407382.png,train,,0,0.0,0.33298496,1,-1.1559759141747905,,0,0.0,,0,0.0,,0,0.0
496740168,render/train/496740168.png,train,,0,0.0,0.39934746,1,1.0853356819219866,,0,0.0,,0,0.0,,0,0.0
496873266,render/train/496873266.png,train,,0,0.0,0.35725453,1,-0.3363011178171713,,0,0.0,,0,0.0,,0,0.0
497236966,render/train/497236966.png,train,,0,0.0,,0,0.0,0.1973333333333333,1,-0.6589476905760987,,0,0.0,,0,0.0
497317849,render/train/497317849.png,train,,0,0.0,0.35625446,1,-0.3700772487331035,,0,0.0,,0,0.0,,0,0.0
497633362,render/train/497633362.png,train,,0,0.0,0.35258781,1,-0.49391383059527316,,0,0.0,,0,0.0,,0,0.0
498302991,render/train/498302991.png,train,,0,0.0,0.3773528,1,0.3424931652867491,,0,0.0,,0,0.0,,0,0.0
498538377,render/train/498538377.png,train,,0,0.0,0.41204926,1,1.5143233124558275,,0,0.0,,0,0.0,,0,0.0
498645722,render/train/498645722.png,train,,0,0.0,0.39103863,1,0.8047151955178161,,0,0.0,,0,0.0,,0,0.0
499146119,render/train/499146119.png,train,,0,0.0,0.36080704,1,-0.21631947369210397,,0,0.0,,0,0.0,,0,0.0
499802239,render/train/499802239.png,train,,0,0.0,0.36654157,1,-0.022642795038274405,,0,0.0,,0,0.0,,0,0.0
499947957,render/train/499947957.png,train,,0,0.0,0.37386948,1,0.22484832808327046,,0,0.0,,0,0.0,,0,0.0
500257329,render/train/500257329.png,train,,0,0.0,0.38040953,1,0.44573045133138156,,0,0.0,,0,0.0,,0,0.0
500559499,render/train/500559499.png,train,,0,0.0,0.3219175,1,-1.5297657267547444,,0,0.0,,0,0.0,,0,0.0
501088576,render/train/501088576.png,train,,0,0.0,0.36549965,1,-0.05783235809278706,,0,0.0,,0,0.0,,0,0.0
501489325,render/train/501489325.png,train,,0,0.0,0.33057891,1,-1.2372372856690628,,0,0.0,,0,0.0,,0,0.0
502239610,render/train/502239610.png,train,,0,0.0,0.33480182,1,-1.0946137083132805,,0,0.0,,0,0.0,,0,0.0
502600207,render/train/502600207.png,train,,0,0.0,0.3557302,1,-0.38778348369064264,,0,0.0,,0,0.0,,0,0.0
503030513,render/train/503030513.png,train,,0,0.0,0.36429456,1,-0.09853278666826734,,0,0.0,,0,0.0,,0,0.0
503126715,render/train/503126715.png,train,,0,0.0,,0,0.0,0.0735,1,-2.0419754708136737,1.482039287,1,3.3966603893168403,12.88558494,1,-0.7668643467976193
503535995,render/train/503535995.png,train,,0,0.0,0.39469659,1,0.9282582833469094,,0,0.0,,0,0.0,,0,0.0
503739413,render/train/503739413.png,train,,0,0.0,0.42386607,1,1.9134214971515877,,0,0.0,,0,0.0,,0,0.0
503770614,render/train/503770614.png,train,,0,0.0,0.3628679,1,-0.14671646874304387,,0,0.0,1.065712208,1,0.5487946766491136,12.90310493,1,-0.763062793699256
503797851,render/train/503797851.png,train,,0,0.0,0.36856171,1,0.0455849421286339,,0,0.0,,0,0.0,,0,0.0
504470036,render/train/504470036.png,train,,0,0.0,0.3810089,1,0.46597343390968254,,0,0.0,,0,0.0,,0,0.0
504498894,render/train/504498894.png,train,,0,0.0,0.36312778,1,-0.1379393422394672,,0,0.0,,0,0.0,,0,0.0
504683650,render/train/504683650.png,train,,0,0.0,0.40029131,1,1.117213051671107,0.1935,1,-0.7017601252267904,1.002505763,1,0.1164339760973279,15.57570307,1,-0.18315243188986613
504741555,render/train/504741555.png,train,,0,0.0,0.33487756,1,-1.0920556832194648,,0,0.0,,0,0.0,,0,0.0
505042674,render/train/505042674.png,train,157.3759721,1,0.5477353322787063,,0,0.0,,0,0.0,,0,0.0,,0,0.0
505139445,render/train/505139445.png,train,,0,0.0,0.3595269,1,-0.259554623462342,,0,0.0,,0,0.0,,0,0.0
505192232,render/train/505192232.png,train,,0,0.0,0.39219302,1,0.8437032941189564,,0,0.0,,0,0.0,,0,0.0
505306090,render/train/505306090.png,train,,0,0.0,0.35771697,1,-0.32068277712025645,,0,0.0,,0,0.0,,0,0.0
505372159,render/train/505372159.png,train,,0,0.0,0.3719327,1,0.15943597211283156,,0,0.0,,0,0.0,,0,0.0
505451918,render/train/505451918.png,train,,0,0.0,0.41829634,1,1.7253107352585293,,0,0.0,,0,0.0,,0,0.0
505548035,render/train/505548035.png,train,,0,0.0,0.35312849,1,-0.4756530303876613,,0,0.0,,0,0.0,,0,0.0
505708528,render/train/505708528.png,train,,0,0.0,0.32462009,1,-1.4384890824677588,,0,0.0,,0,0.0,,0,0.0
506323355,render/train/506323355.png,train,,0,0.0,0.33556239,1,-1.0689263945345164,,0,0.0,,0,0.0,,0,0.0
506576027,render/train/506576027.png,train,49.34222836,1,-0.4235441355544815,,0,0.0,0.3525,1,1.0740252076758294,0.898624404,1,-0.5941615518035299,19.92649972,1,0.7608997328177622
506639284,render/train/506639284.png,train,,0,0.0,0.38171979,1,0.48998286695619647,,0,0.0,,0,0.0,,0,0.0
506748374,render/train/506748374.png,train,,0,0.0,0.3396223,1,-0.9318079411593532,,0,0.0,,0,0.0,,0,0.0
506781855,render/train/506781855.png,train,,0,0.0,0.47901269,1,3.7759305782070416,,0,0.0,,0,0.0,,0,0.0
506857730,render/train/506857730.png,train,122.5873684,1,0.23496771617428566,,0,0.0,,0,0.0,,0,0.0,,0,0.0
506874673,render/train/506874673.png,train,,0,0.0,0.37860211,1,0.38468706982801376,,0,0.0,,0,0.0,,0,0.0
506900433,render/train/506900433.png,train,,0,0.0,0.42132012,1,1.8274351756886755,,0,0.0,,0,0.0,,0,0.0
507068449,render/train/507068449.png,train,,0,0.0,0.36551543,1,-0.05729940805343759,,0,0.0,,0,0.0,,0,0.0
507545745,render/train/507545745.png,train,,0,0.0,0.3857122,1,0.6248215910755823,,0,0.0,,0,0.0,,0,0.0
507783555,render/train/507783555.png,train,,0,0.0,0.36628241,1,-0.03139560442978915,,0,0.0,,0,0.0,,0,0.0
507898117,render/train/507898117.png,train,,0,0.0,0.38109173,1,0.4687709150097733,,0,0.0,,0,0.0,,0,0.0
508336740,render/train/508336740.png,train,,0,0.0,0.38199885,1,0.49940777430608174,,0,0.0,,0,0.0,,0,0.0
508339615,render/train/508339615.png,train,,0,0.0,0.37129511,1,0.1379021561692581,,0,0.0,,0,0.0,,0,0.0
508597876,render/train/508597876.png,train,,0,0.0,0.37522129,1,0.2705040437166418,0.2205,1,-0.40021167246974176,1.125774179,1,0.9596457513786125,17.8866103,1,0.31827688058328996
509167762,render/train/509167762.png,train,,0,0.0,0.34814745,1,-0.6438815135313324,,0,0.0,,0,0.0,,0,0.0
509179600,render/train/509179600.png,train,,0,0.0,0.44811081,1,2.732257690880749,,0,0.0,,0,0.0,,0,0.0
509220897,render/train/509220897.png,train,,0,0.0,0.37586152,1,0.2921270224044411,,0,0.0,,0,0.0,,0,0.0
509241405,render/train/509241405.png,train,35.37444876,1,-0.5491217288789286,,0,0.0,,0,0.0,,0,0.0,,0,0.0
509577164,render/train/509577164.png,train,126.1154692,1,0.2666871748253985,,0,0.0,0.1545,1,-1.1373301125425275,0.951958497,1,-0.22933220864439355,12.66351417,1,-0.8150500948345426
509659753,render/train/509659753.png,train,,0,0.0,0.36066207,1,-0.22121565665817966,,0,0.0,,0,0.0,,0,0.0
509959736,render/train/509959736.png,train,,0,0.0,0.37001956,1,0.09482202798841574,,0,0.0,,0,0.0,,0,0.0
509992676,render/train/509992676.png,train,,0,0.0,0.35190828,1,-0.5168641183164351,,0,0.0,,0,0.0,,0,0.0
510587206,render/train/510587206.png,train,,0,0.0,0.32787972,1,-1.3283990991490928,,0,0.0,,0,0.0,,0,0.0
510665412,render/train/510665412.png,train,,0,0.0,0.35394584,1,-0.4480480421327027,,0,0.0,,0,0.0,,0,0.0
510669742,render/train/510669742.png,train,,0,0.0,0.36028471,1,-0.23396052527981184,,0,0.0,,0,0.0,,0,0.0
510815019,render/train/510815019.png,train,47.60248847,1,-0.43918530076851015,,0,0.0,,0,0.0,,0,0.0,,0,0.0
510908370,render/train/510908370.png,train,,0,0.0,,0,0.0,0.1636666666666666,1,-1.034952551421308,0.849065812,1,-0.9331647587625689,12.50033571,1,-0.8504571687083943
511605655,render/train/511605655.png,train,,0,0.0,0.34297147,1,-0.81869385476569,,0,0.0,,0,0.0,,0,0.0
512074662,render/train/512074662.png,train,,0,0.0,0.36041928,1,-0.22941558948796034,,0,0.0,,0,0.0,,0,0.0
512260776,render/train/512260776.png,train,,0,0.0,0.35930976,1,-0.2668882591749276,,0,0.0,,0,0.0,,0,0.0
512380282,render/train/512380282.png,train,,0,0.0,0.38017657,1,0.4378625146287752,0.1545,1,-1.1373301125425275,0.881548744,1,-0.7109667972177289,10.34584016,1,-1.3179476885952415
512910152,render/train/512910152.png,train,,0,0.0,0.36764401,1,0.014590756380087113,,0,0.0,,0,0.0,,0,0.0
513101692,render/train/513101692.png,train,256.5965094,1,1.439779496727903,,0,0.0,,0,0.0,,0,0.0,,0,0.0
513259550,render/train/513259550.png,train,,0,0.0,0.39322876,1,0.8786841352949412,,0,0.0,,0,0.0,,0,0.0
513674501,render/train/513674501.png,train,,0,0.0,0.32931388,1,-1.2799621138236728,,0,0.0,,0,0.0,,0,0.0
513989706,render/train/513989706.png,train,,0,0.0,0.37954577,1,0.41655802256145075,,0,0.0,,0,0.0,,0,0.0
514517104,render/train/514517104.png,train,,0,0.0,0.35536977,1,-0.39995656244116007,,0,0.0,,0,0.0,,0,0.0
514560887,render/train/514560887.png,train,,0,0.0,0.37509009,1,0.2660729255187455,,0,0.0,,0,0.0,,0,0.0
515010874,render/train/515010874.png,train,,0,0.0,0.33673792,1,-1.0292243185042322,,0,0.0,,0,0.0,,0,0.0
515242470,render/train/515242470.png,train,,0,0.0,,0,0.0,0.1963333333333333,1,-0.6701161517893227,,0,0.0,,0,0.0
515253113,render/train/515253113.png,train,,0,0.0,0.38086878,1,0.4612410537123572,,0,0.0,,0,0.0,,0,0.0
515420444,render/train/515420444.png,train,,0,0.0,0.35334507,1,-0.46833830798445825,,0,0.0,,0,0.0,,0,0.0
515584536,render/train/515584536.png,train,,0,0.0,0.36493909,1,-0.07676458078343286,,0,0.0,,0,0.0,,0,0.0
516007514,render/train/516007514.png,train,,0,0.0,0.37474439,1,0.25439733435248946,,0,0.0,,0,0.0,,0,0.0
516038607,render/train/516038607.png,train,,0,0.0,0.36169864,1,-0.18620678325579024,,0,0.0,,0,0.0,,0,0.0
516307046,render/train/516307046.png,train,,0,0.0,0.32129189,1,-1.550894932972625,,0,0.0,,0,0.0,,0,0.0
516348325,render/train/516348325.png,train,,0,0.0,0.37338433,1,0.20846298514341244,,0,0.0,,0,0.0,,0,0.0
516368509,render/train/516368509.png,train,,0,0.0,0.36566453,1,-0.05226373943067535,,0,0.0,,0,0.0,,0,0.0
516575920,render/train/516575920.png,train,,0,0.0,0.42806849,1,2.055353050026617,,0,0.0,,0,0.0,,0,0.0
516647275,render/train/516647275.png,train,,0,0.0,,0,0.0,0.066,1,-2.125738929912854,1.539478709,1,3.7895720415258762,18.35760963,1,0.42047608059930097
517724366,render/train/517724366.png,train,,0,0.0,0.35670902,1,-0.35472504531819693,,0,0.0,,0,0.0,,0,0.0
517814653,render/train/517814653.png,train,,0,0.0,0.36520289,1,-0.06785506111418763,,0,0.0,,0,0.0,,0,0.0
518335451,render/train/518335451.png,train,,0,0.0,0.36145145,1,-0.19455532065928138,,0,0.0,,0,0.0,,0,0.0
518421541,render/train/518421541.png,train,,0,0.0,0.38168515,1,0.4888129436758972,,0,0.0,,0,0.0,,0,0.0
518799909,render/train/518799909.png,train,,0,0.0,0.382623,1,0.5204876708245038,,0,0.0,,0,0.0,,0,0.0
519498812,render/train/519498812.png,train,,0,0.0,0.34952395,1,-0.597391923596848,,0,0.0,,0,0.0,,0,0.0
519962205,render/train/519962205.png,train,,0,0.0,0.3158043,1,-1.7362315176646546,,0,0.0,,0,0.0,,0,0.0
520233682,render/train/520233682.png,train,,0,0.0,0.40682888,1,1.3380114159776715,,0,0.0,0.794468482,1,-1.3066352149329326,14.0622995,1,-0.5115364110249867
520243279,render/train/520243279.png,train,,0,0.0,0.36166198,1,-0.18744492954492878,,0,0.0,,0,0.0,,0,0.0
520514597,render/train/520514597.png,train,,0,0.0,0.39304879,1,0.8726058704925362,,0,0.0,,0,0.0,,0,0.0
520557915,render/train/520557915.png,train,,0,0.0,0.33709965,1,-1.0170073338569394,,0,0.0,,0,0.0,,0,0.0
520586980,render/train/520586980.png,train,,0,0.0,0.3475975,1,-0.6624553965567379,,0,0.0,,0,0.0,,0,0.0
520661031,render/train/520661031.png,train,,0,0.0,0.37598194,1,0.2961940593967485,,0,0.0,,0,0.0,,0,0.0
520740305,render/train/520740305.png,train,,0,0.0,0.37099152,1,0.12764877832094104,,0,0.0,,0,0.0,,0,0.0
521246166,render/train/521246166.png,train,,0,0.0,0.2918774,1,-2.5443330573692755,,0,0.0,,0,0.0,,0,0.0
521384312,render/train/521384312.png,train,,0,0.0,0.34883911,1,-0.6205215500194656,,0,0.0,,0,0.0,,0,0.0
521718706,render/train/521718706.png,train,,0,0.0,0.37546992,1,0.2789012153442568,,0,0.0,,0,0.0,,0,0.0
522844869,render/train/522844869.png,train,,0,0.0,0.36748858,1,0.009341299813783116,,0,0.0,,0,0.0,,0,0.0
522894499,render/train/522894499.png,train,,0,0.0,0.35396879,1,-0.44727293418573955,,0,0.0,,0,0.0,,0,0.0
523250559,render/train/523250559.png,train,,0,0.0,0.36757334,1,0.012203964283705153,,0,0.0,,0,0.0,,0,0.0
523651487,render/train/523651487.png,train,,0,0.0,0.34682404,1,-0.6885780541889401,,0,0.0,,0,0.0,,0,0.0
523668736,render/train/523668736.png,train,,0,0.0,0.34820779,1,-0.6418436044455014,,0,0.0,,0,0.0,,0,0.0
523674609,render/train/523674609.png,train,,0,0.0,0.37590991,1,0.2937613349775832,,0,0.0,,0,0.0,,0,0.0
523947346,render/train/523947346.png,train,,0,0.0,0.35222541,1,-0.5061534436662912,,0,0.0,,0,0.0,,0,0.0
524444446,render/train/524444446.png,train,,0,0.0,0.35863844,1,-0.28956126427105316,,0,0.0,,0,0.0,,0,0.0
525351897,render/train/525351897.png,train,,0,0.0,0.44804899,1,2.730169796620123,,0,0.0,,0,0.0,,0,0.0
525571828,render/train/525571828.png,train,,0,0.0,0.39472012,1,0.9290529800785898,,0,0.0,,0,0.0,,0,0.0
525996171,render/train/525996171.png,train,,0,0.0,0.34695098,1,-0.6842908122374077,,0,0.0,,0,0.0,,0,0.0
526128388,render/train/526128388.png,train,,0,0.0,0.36085743,1,-0.21461761358545914,,0,0.0,,0,0.0,,0,0.0
526195593,render/train/526195593.png,train,,0,0.0,0.36067219,1,-0.22087386613864674,,0,0.0,,0,0.0,,0,0.0
526647748,render/train/526647748.png,train,,0,0.0,0.35898594,1,-0.2778248803246432,,0,0.0,,0,0.0,,0,0.0
527877967,render/train/527877967.png,train,,0,0.0,0.36323819,1,-0.1342103806523501,,0,0.0,,0,0.0,,0,0.0
527882654,render/train/527882654.png,train,,0,0.0,0.3268589,1,-1.362876035725133,0.095,1,-1.801853554729357,,0,0.0,,0,0.0
527894949,render/train/527894949.png,train,,0,0.0,0.35447146,1,-0.4302958748523803,,0,0.0,,0,0.0,,0,0.0
528293396,render/train/528293396.png,train,-0.868265132,1,-0.874962550859243,,0,0.0,0.35,1,1.0461040546427693,0.888311048,1,-0.6647095762209756,16.27222852,1,-0.03201772904264059
528559472,render/train/528559472.png,train,,0,0.0,0.40156037,1,1.160073988105728,,0,0.0,,0,0.0,,0,0.0
528637709,render/train/528637709.png,train,,0,0.0,0.33692082,1,-1.0230470965652447,,0,0.0,,0,0.0,,0,0.0
528781081,render/train/528781081.png,train,23.2402228,1,-0.6582147226509545,,0,0.0,,0,0.0,,0,0.0,,0,0.0
528835439,render/train/528835439.png,train,,0,0.0,0.36728055,1,0.0023153431163098416,,0,0.0,,0,0.0,,0,0.0
528964340,render/train/528964340.png,train,,0,0.0,0.37133662,1,0.13930410522714515,,0,0.0,,0,0.0,,0,0.0
530057519,render/train/530057519.png,train,,0,0.0,0.40843871,1,1.3923814389084597,,0,0.0,,0,0.0,,0,0.0
530220535,render/train/530220535.png,train,,0,0.0,0.37005888,1,0.096150012497113,,0,0.0,,0,0.0,,0,0.0
530546443,render/train/530546443.png,train,,0,0.0,0.35627754,1,-0.36929775019646105,,0,0.0,,0,0.0,,0,0.0
530898286,render/train/530898286.png,train,,0,0.0,0.35285908,1,-0.4847520208883882,,0,0.0,,0,0.0,,0,0.0
531021171,render/train/531021171.png,train,,0,0.0,0.40000868,1,1.1076675719739157,,0,0.0,,0,0.0,,0,0.0
531044594,render/train/531044594.png,train,113.5665564,1,0.1538659309777113,,0,0.0,,0,0.0,,0,0.0,,0,0.0
531093523,render/train/531093523.png,train,,0,0.0,0.36060882,1,-0.2230141097377376,,0,0.0,,0,0.0,,0,0.0
531126908,render/train/531126908.png,train,,0,0.0,0.35125346,1,-0.5389798562611492,,0,0.0,,0,0.0,,0,0.0
531544469,render/train/531544469.png,train,,0,0.0,0.348612915,1,-0.6281610071899923,,0,0.0,,0,0.0,,0,0.0
531780740,render/train/531780740.png,train,,0,0.0,0.36531928,1,-0.06392413240189149,,0,0.0,,0,0.0,,0,0.0
531904856,render/train/531904856.png,train,,0,0.0,0.35807069,1,-0.3087363203446474,,0,0.0,,0,0.0,,0,0.0
531967957,render/train/531967957.png,train,,0,0.0,0.36716519,1,-0.0015807986162310354,,0,0.0,,0,0.0,,0,0.0
532718186,render/train/532718186.png,train,,0,0.0,0.30882264,1,-1.97202847404823,,0,0.0,,0,0.0,,0,0.0
532722806,render/train/532722806.png,train,,0,0.0,0.3043208,1,-2.1240725681642183,,0,0.0,,0,0.0,,0,0.0
533889632,render/train/533889632.png,train,,0,0.0,0.31382982,1,-1.8029171446416545,,0,0.0,,0,0.0,,0,0.0
533973730,render/train/533973730.png,train,,0,0.0,0.32527676,1,-1.4163108630545522,,0,0.0,,0,0.0,,0,0.0
534049242,render/train/534049242.png,train,,0,0.0,0.32631701,1,-1.3811777021905143,,0,0.0,,0,0.0,,0,0.0
534118680,render/train/534118680.png,train,,0,0.0,,0,0.0,0.1403333333333333,1,-1.2955499797298682,1.086573844,1,0.6914977120059709,14.49605377,1,-0.41741878372914953
534605075,render/train/534605075.png,train,,0,0.0,0.37154084,1,0.14620138387329068,,0,0.0,,0,0.0,,0,0.0
535310373,render/train/535310373.png,train,,0,0.0,0.33651,1,-1.0369220354224087,,0,0.0,,0,0.0,,0,0.0
535364463,render/train/535364463.png,train,111.457133,1,0.13490111899898619,,0,0.0,,0,0.0,,0,0.0,,0,0.0
535689766,render/train/535689766.png,train,,0,0.0,0.37834526,1,0.3760122778376969,,0,0.0,,0,0.0,,0,0.0
535937381,render/train/535937381.png,train,,0,0.0,0.41844328,1,1.7302734525451056,,0,0.0,,0,0.0,,0,0.0
536002998,render/train/536002998.png,train,,0,0.0,,0,0.0,0.178,1,-0.874871274031763,1.074741397,1,0.6105584173792622,13.37410592,1,-0.6608632334902225
536465827,render/train/536465827.png,train,,0,0.0,0.37911502,1,0.4020099725329159,,0,0.0,,0,0.0,,0,0.0
536792438,render/train/536792438.png,train,,0,0.0,0.3825956,1,0.5195622696154916,,0,0.0,,0,0.0,,0,0.0
537109947,render/train/537109947.png,train,,0,0.0,,0,0.0,0.2175,1,-0.43371705610941386,1.04192343,1,0.38606866474714774,12.60793073,1,-0.8271107979827571
537336269,render/train/537336269.png,train,,0,0.0,0.34042214,1,-0.9047943315602266,,0,0.0,,0,0.0,,0,0.0
537664135,render/train/537664135.png,train,,0,0.0,0.34845785,1,-0.6333981363314317,,0,0.0,,0,0.0,,0,0.0
538207206,render/train/538207206.png,train,,0,0.0,0.33148973,1,-1.206475463435771,,0,0.0,,0,0.0,,0,0.0
538524881,render/train/538524881.png,train,,0,0.0,0.45309822,1,2.9007013129186316,,0,0.0,,0,0.0,,0,0.0
538540896,render/train/538540896.png,train,,0,0.0,0.35392644,1,-0.44870325320769666,,0,0.0,,0,0.0,,0,0.0
538764320,render/train/538764320.png,train,,0,0.0,0.35494179,1,-0.4144110591357916,,0,0.0,,0,0.0,,0,0.0
538774618,render/train/538774618.png,train,,0,0.0,0.36536352,1,-0.062429980960772465,,0,0.0,,0,0.0,,0,0.0
539017358,render/train/539017358.png,train,,0,0.0,0.44667573,1,2.6837896336899165,,0,0.0,,0,0.0,,0,0.0
539302432,render/train/539302432.png,train,,0,0.0,0.38528717,1,0.61046672699287,,0,0.0,,0,0.0,,0,0.0
539590566,render/train/539590566.png,train,,0,0.0,0.3557316,1,-0.38773620041719,,0,0.0,,0,0.0,,0,0.0
540095012,render/train/540095012.png,train,,0,0.0,0.33877986,1,-0.9602603132221261,,0,0.0,,0,0.0,,0,0.0
540297296,render/train/540297296.png,train,,0,0.0,0.38570941,1,0.6247273622663425,0.2319999999999999,1,-0.27177436851766656,0.927808816,1,-0.3945269604653851,10.01915881,1,-1.3888322323803686
540769722,render/train/540769722.png,train,,0,0.0,0.35026083,1,-0.5725047103524437,,0,0.0,,0,0.0,,0,0.0
541086746,render/train/541086746.png,train,,0,0.0,0.28340014,1,-2.830642059307529,,0,0.0,,0,0.0,,0,0.0
541170005,render/train/541170005.png,train,,0,0.0,0.37601699,1,0.2973778299214145,,0,0.0,,0,0.0,,0,0.0
541335135,render/train/541335135.png,train,,0,0.0,0.36521953,1,-0.06729306563542964,,0,0.0,,0,0.0,,0,0.0
541484216,render/train/541484216.png,train,,0,0.0,0.27858992,1,-2.9931013076145807,,0,0.0,,0,0.0,,0,0.0
541941802,render/train/541941802.png,train,81.65245915,1,-0.13305837915225066,,0,0.0,,0,0.0,,0,0.0,,0,0.0
541986160,render/train/541986160.png,train,,0,0.0,,0,0.0,0.268,1,0.13029023515839963,0.902459296,1,-0.5679291542741257,11.12376829,1,-1.1491499271293137
542632051,render/train/542632051.png,train,,0,0.0,0.35730996,1,-0.3344290379260947,,0,0.0,,0,0.0,,0,0.0
543084242,render/train/543084242.png,train,,0,0.0,0.42631402,1,1.9960979894727808,,0,0.0,,0,0.0,,0,0.0
543416509,render/train/543416509.png,train,,0,0.0,0.35680883,1,-0.35135408565865284,,0,0.0,,0,0.0,,0,0.0
543539170,render/train/543539170.png,train,,0,0.0,0.38569582,1,0.6242683767761809,,0,0.0,,0,0.0,,0,0.0
543597205,render/train/543597205.png,train,,0,0.0,0.33581452,1,-1.0604110147232688,,0,0.0,,0,0.0,,0,0.0
543958331,render/train/543958331.png,train,,0,0.0,0.35345752,1,-0.4645404479131653,,0,0.0,,0,0.0,,0,0.0
544070601,render/train/544070601.png,train,,0,0.0,,0,0.0,0.212,1,-0.4951435927821461,1.07074619,1,0.5832293926671558,19.93042453,1,0.7617513528024763
544223047,render/train/544223047.png,train,,0,0.0,0.37465155,1,0.2512617778472103,,0,0.0,,0,0.0,,0,0.0
544292910,render/train/544292910.png,train,,0,0.0,0.38258457,1,0.5191897449682152,,0,0.0,,0,0.0,,0,0.0
544581036,render/train/544581036.png,train,,0,0.0,0.39346704,1,0.8867317484366688,,0,0.0,,0,0.0,,0,0.0
544904323,render/train/544904323.png,train,,0,0.0,0.36697361,1,-0.008051176850627737,,0,0.0,,0,0.0,,0,0.0
545195322,render/train/545195322.png,train,,0,0.0,0.33755497,1,-1.0016294623792996,,0,0.0,,0,0.0,,0,0.0
545255610,render/train/545255610.png,train,,0,0.0,0.35602121,1,-0.37795497982806847,,0,0.0,,0,0.0,,0,0.0
545546596,render/train/545546596.png,train,-15.03969582,1,-1.0023710732390816,,0,0.0,,0,0.0,,0,0.0,,0,0.0
545845623,render/train/545845623.png,train,,0,0.0,0.3472806,1,-0.673158303240529,,0,0.0,,0,0.0,,0,0.0
546152235,render/train/546152235.png,train,,0,0.0,0.39759334,1,1.0260924421865154,,0,0.0,,0,0.0,,0,0.0
546427927,render/train/546427927.png,train,,0,0.0,0.36541949,1,-0.06053966323564799,,0,0.0,,0,0.0,,0,0.0
546647857,render/train/546647857.png,train,,0,0.0,0.36894733,1,0.05860878206364099,,0,0.0,,0,0.0,,0,0.0
547172331,render/train/547172331.png,train,,0,0.0,0.36720973,1,-7.651504508416571e-05,,0,0.0,,0,0.0,,0,0.0
547602790,render/train/547602790.png,train,,0,0.0,0.37611035,1,0.3005309487854049,,0,0.0,,0,0.0,,0,0.0
547840653,render/train/547840653.png,train,,0,0.0,0.38665475,1,0.6566550549279234,,0,0.0,,0,0.0,,0,0.0
548011241,render/train/548011241.png,train,,0,0.0,0.37348873,1,0.2119889663923484,,0,0.0,,0,0.0,,0,0.0
548292823,render/train/548292823.png,train,232.2266265,1,1.2206815919914482,,0,0.0,,0,0.0,,0,0.0,,0,0.0
549125416,render/train/549125416.png,train,,0,0.0,0.36489769,1,-0.07816281472697721,,0,0.0,,0,0.0,,0,0.0
549389508,render/train/549389508.png,train,,0,0.0,,0,0.0,0.19,1,-0.7408497394730745,1.122445545,1,0.936876387777788,12.26891849,1,-0.9006709444985408
549579953,render/train/549579953.png,train,,0,0.0,0.34205138,1,-0.8497687598167754,,0,0.0,,0,0.0,,0,0.0
549581828,render/train/549581828.png,train,,0,0.0,0.38206234,1,0.5015520707571827,,0,0.0,,0,0.0,,0,0.0
549614488,render/train/549614488.png,train,,0,0.0,0.36966262,1,0.08276681968386354,,0,0.0,,0,0.0,,0,0.0
550069426,render/train/550069426.png,train,,0,0.0,0.35950007,1,-0.2604607736243043,,0,0.0,,0,0.0,,0,0.0
550478997,render/train/550478997.png,train,,0,0.0,0.36637349,1,-0.028319489753992698,,0,0.0,,0,0.0,,0,0.0
550776469,render/train/550776469.png,train,,0,0.0,0.43978712,1,2.451135326302638,,0,0.0,,0,0.0,,0,0.0
550796562,render/train/550796562.png,train,,0,0.0,0.4050413,1,1.2776381060066684,,0,0.0,,0,0.0,,0,0.0
551339545,render/train/551339545.png,train,,0,0.0,0.37531301,1,0.27360177360315957,,0,0.0,,0,0.0,,0,0.0
551390778,render/train/551390778.png,train,,0,0.0,0.3605929,1,-0.22355178810443366,,0,0.0,,0,0.0,,0,0.0
551461476,render/train/551461476.png,train,,0,0.0,0.36156233,1,-0.1908104854017916,,0,0.0,,0,0.0,,0,0.0
551862261,render/train/551862261.png,train,41.49405569,1,-0.4941032841176003,,0,0.0,,0,0.0,,0,0.0,,0,0.0
552032340,render/train/552032340.png,train,,0,0.0,0.34490108,1,-0.7535236567028629,,0,0.0,,0,0.0,,0,0.0
552315395,render/train/552315395.png,train,,0,0.0,0.32071779,1,-1.5702844524650974,,0,0.0,,0,0.0,,0,0.0
552340314,render/train/552340314.png,train,-12.07623639,1,-0.9757280337731642,,0,0.0,,0,0.0,,0,0.0,,0,0.0
552823663,render/train/552823663.png,train,75.04044311,1,-0.19250383756468448,,0,0.0,,0,0.0,,0,0.0,,0,0.0
553001434,render/train/553001434.png,train,,0,0.0,0.3451955,1,-0.7435799842956642,,0,0.0,,0,0.0,,0,0.0
553487456,render/train/553487456.png,train,,0,0.0,0.38558649,1,0.6205758908571558,,0,0.0,,0,0.0,,0,0.0
553498968,render/train/553498968.png,train,,0,0.0,0.36989282,1,0.09054154079023398,,0,0.0,,0,0.0,,0,0.0
553763789,render/train/553763789.png,train,,0,0.0,0.35973835,1,-0.2524131604825768,,0,0.0,,0,0.0,,0,0.0
553989373,render/train/553989373.png,train,,0,0.0,0.3424812,1,-0.8352521193913204,,0,0.0,,0,0.0,,0,0.0
554199455,render/train/554199455.png,train,,0,0.0,0.37227168,1,0.17088460356651186,,0,0.0,,0,0.0,,0,0.0
554208834,render/train/554208834.png,train,,0,0.0,0.33774959,1,-0.9950564118939758,,0,0.0,,0,0.0,,0,0.0
554219011,render/train/554219011.png,train,,0,0.0,0.362067,1,-0.17376587853492775,,0,0.0,,0,0.0,,0,0.0
554452518,render/train/554452518.png,train,,0,0.0,0.36926653,1,0.0693893684109608,,0,0.0,,0,0.0,,0,0.0
554573258,render/train/554573258.png,train,,0,0.0,0.35212357,1,-0.509592964072342,,0,0.0,,0,0.0,,0,0.0
555027003,render/train/555027003.png,train,,0,0.0,0.36643228,1,-0.026333930006628238,,0,0.0,,0,0.0,,0,0.0
555056741,render/train/555056741.png,train,,0,0.0,0.33294368,1,-1.157370095266323,,0,0.0,,0,0.0,,0,0.0
555131075,render/train/555131075.png,train,,0,0.0,0.36406756,1,-0.10619943172102933,,0,0.0,,0,0.0,,0,0.0
555208717,render/train/555208717.png,train,,0,0.0,0.414103,1,1.5836858481856124,,0,0.0,,0,0.0,,0,0.0
555363148,render/train/555363148.png,train,,0,0.0,0.37799185,1,0.36407629092978117,,0,0.0,,0,0.0,,0,0.0
555506282,render/train/555506282.png,train,,0,0.0,0.41226899,1,1.5217444222243024,,0,0.0,,0,0.0,,0,0.0
555542733,render/train/555542733.png,train,,0,0.0,0.35586688,1,-0.3831672852509439,,0,0.0,,0,0.0,,0,0.0
555601753,render/train/555601753.png,train,,0,0.0,0.41719903,1,1.6882504432636094,,0,0.0,,0,0.0,,0,0.0
555803922,render/train/555803922.png,train,,0,0.0,0.37093089,1,0.1256010748427514,,0,0.0,,0,0.0,,0,0.0
556338128,render/train/556338128.png,train,,0,0.0,0.34396152,1,-0.7852561369926154,,0,0.0,,0,0.0,,0,0.0
556552879,render/train/556552879.png,train,,0,0.0,0.343459,1,-0.8022281302609607,,0,0.0,,0,0.0,,0,0.0
556865522,render/train/556865522.png,train,,0,0.0,0.36823501,1,0.03455105253067049,,0,0.0,,0,0.0,,0,0.0
557037726,render/train/557037726.png,train,,0,0.0,0.35740346,1,-0.3312711907347577,,0,0.0,,0,0.0,,0,0.0
558140001,render/train/558140001.png,train,,0,0.0,0.35587164,1,-0.3830065221212034,,0,0.0,,0,0.0,,0,0.0
558319108,render/train/558319108.png,train,,0,0.0,0.3770355,1,0.3317767490962586,,0,0.0,,0,0.0,,0,0.0
558482820,render/train/558482820.png,train,,0,0.0,0.33948967,1,-0.9362873558437041,,0,0.0,,0,0.0,,0,0.0
558675719,render/train/558675719.png,train,,0,0.0,0.38115297,1,0.47083922048568033,,0,0.0,,0,0.0,,0,0.0
558794697,render/train/558794697.png,train,,0,0.0,0.43112064,1,2.1584356522195227,,0,0.0,,0,0.0,,0,0.0
559219019,render/train/559219019.png,train,,0,0.0,0.36220084,1,-0.16924559759280555,,0,0.0,,0,0.0,,0,0.0
559323860,render/train/559323860.png,train,,0,0.0,0.36295763,1,-0.14368594865236523,,0,0.0,,0,0.0,,0,0.0
559874694,render/train/559874694.png,train,,0,0.0,0.35031084,1,-0.5708156842771636,,0,0.0,,0,0.0,,0,0.0
559980070,render/train/559980070.png,train,,0,0.0,0.38545938,1,0.6162829073652767,,0,0.0,,0,0.0,,0,0.0
560279885,render/train/560279885.png,train,,0,0.0,0.39564613,1,0.9603278258288482,,0,0.0,,0,0.0,,0,0.0
560554259,render/train/560554259.png,train,,0,0.0,0.35571836,1,-0.3881833650889889,,0,0.0,,0,0.0,,0,0.0
561158280,render/train/561158280.png,train,,0,0.0,0.33644066,1,-1.0392639084090094,,0,0.0,,0,0.0,,0,0.0
561427423,render/train/561427423.png,train,,0,0.0,0.36610214,1,-0.03748400136221826,0.1736666666666666,1,-0.9232679392890677,,0,0.0,,0,0.0
562022603,render/train/562022603.png,train,,0,0.0,0.40157319,1,1.160506967795493,,0,0.0,,0,0.0,,0,0.0
562176358,render/train/562176358.png,train,,0,0.0,0.4654699,1,3.318539547572217,0.175,1,-0.908376657671435,,0,0.0,,0,0.0
563610141,render/train/563610141.png,train,,0,0.0,0.32510823,1,-1.4220027559653103,,0,0.0,,0,0.0,,0,0.0
563697228,render/train/563697228.png,train,,0,0.0,0.36910342,1,0.063880529316001,,0,0.0,,0,0.0,,0,0.0
563771441,render/train/563771441.png,train,,0,0.0,0.36013659,1,-0.23896309561115742,,0,0.0,,0,0.0,,0,0.0
563896548,render/train/563896548.png,train,,0,0.0,0.36325394,1,-0.13367844382600266,,0,0.0,,0,0.0,,0,0.0
564164424,render/train/564164424.png,train,,0,0.0,0.351749,1,-0.5222436038847361,,0,0.0,,0,0.0,,0,0.0
564537590,render/train/564537590.png,train,,0,0.0,0.34922258,1,-0.607570323682977,,0,0.0,,0,0.0,,0,0.0
564783421,render/train/564783421.png,train,,0,0.0,0.38518834,1,0.6071288656247444,,0,0.0,,0,0.0,,0,0.0
564916558,render/train/564916558.png,train,,0,0.0,0.35590587,1,-0.3818504460852728,,0,0.0,,0,0.0,,0,0.0
565093443,render/train/565093443.png,train,,0,0.0,0.3816004,1,0.4859506169436444,,0,0.0,,0,0.0,,0,0.0
565283885,render/train/565283885.png,train,,0,0.0,0.38573102,1,0.6254572133658589,,0,0.0,,0,0.0,,0,0.0
565371765,render/train/565371765.png,train,,0,0.0,0.37756534,1,0.34967144167227554,,0,0.0,,0,0.0,,0,0.0
565873116,render/train/565873116.png,train,,0,0.0,0.42890458,1,2.083590958670511,,0,0.0,,0,0.0,,0,0.0
566342268,render/train/566342268.png,train,,0,0.0,0.36556689,1,-0.05556141001636624,,0,0.0,,0,0.0,,0,0.0
566400652,render/train/566400652.png,train,,0,0.0,,0,0.0,0.1465,1,-1.2266778022483198,1.054014289,1,0.4687756144500275,15.80245006,1,-0.1339520201100052
566589613,render/train/566589613.png,train,,0,0.0,0.3739272,1,0.22679774990021215,,0,0.0,,0,0.0,,0,0.0
567353481,render/train/567353481.png,train,,0,0.0,0.38375006,1,0.5585527323803051,,0,0.0,,0,0.0,,0,0.0
567577514,render/train/567577514.png,train,,0,0.0,0.35918927,1,-0.27095766033090635,,0,0.0,,0,0.0,,0,0.0
567731832,render/train/567731832.png,train,,0,0.0,0.32474874,1,-1.4341440873750804,,0,0.0,,0,0.0,,0,0.0
567984921,render/train/567984921.png,train,,0,0.0,0.35386681,1,-0.45071718291913493,,0,0.0,,0,0.0,,0,0.0
567993142,render/train/567993142.png,train,,0,0.0,0.32549076,1,-1.409083276969569,,0,0.0,,0,0.0,,0,0.0
568593240,render/train/568593240.png,train,,0,0.0,0.35923607,1,-0.2693770480469002,,0,0.0,,0,0.0,,0,0.0
569949305,render/train/569949305.png,train,,0,0.0,0.35472454,1,-0.42174840996271995,,0,0.0,,0,0.0,,0,0.0
570358353,render/train/570358353.png,train,,0,0.0,0.39933775,1,1.0850077386468222,,0,0.0,,0,0.0,,0,0.0
571029938,render/train/571029938.png,train,,0,0.0,0.38002887,1,0.4328741292794675,,0,0.0,0.937930772,1,-0.3252881987043916,19.25364485,1,0.6149011611406492
571882834,render/train/571882834.png,train,,0,0.0,,0,0.0,0.2295,1,-0.29969552155072543,1.014541659,1,0.1987649539956803,21.63979729,1,1.1326574613125704
571931187,render/train/571931187.png,train,,0,0.0,0.3617297,1,-0.18515777006046602,,0,0.0,,0,0.0,,0,0.0
572496153,render/train/572496153.png,train,,0,0.0,0.37212317,1,0.16586886146613422,,0,0.0,,0,0.0,,0,0.0
572616024,render/train/572616024.png,train,,0,0.0,0.33295317,1,-1.157049582219844,,0,0.0,,0,0.0,,0,0.0
573332233,render/train/573332233.png,train,,0,0.0,0.37493532,1,0.2608457596384994,,0,0.0,,0,0.0,,0,0.0
573587884,render/train/573587884.png,train,101.0022623,1,0.0409064012541359,,0,0.0,,0,0.0,,0,0.0,,0,0.0
573601315,render/train/573601315.png,train,,0,0.0,0.36097789,1,-0.21054922564248052,,0,0.0,,0,0.0,,0,0.0
573843297,render/train/573843297.png,train,,0,0.0,0.3501796,1,-0.5752481534257311,,0,0.0,,0,0.0,,0,0.0
574000870,render/train/574000870.png,train,,0,0.0,0.38032702,1,0.44294377783665334,0.1935,1,-0.7017601252267904,0.866688073,1,-0.8126205150344744,11.16194662,1,-1.1408658499864708
574282474,render/train/574282474.png,train,,0,0.0,0.34319652,1,-0.8110930685580939,,0,0.0,,0,0.0,,0,0.0
574709027,render/train/574709027.png,train,,0,0.0,0.34059316,1,-0.8990183419702545,,0,0.0,,0,0.0,,0,0.0
574749285,render/train/574749285.png,train,,0,0.0,0.37114599,1,0.1328658120711612,,0,0.0,,0,0.0,,0,0.0
574869526,render/train/574869526.png,train,,0,0.0,0.36943154,1,0.07496237766275174,,0,0.0,,0,0.0,,0,0.0
575252558,render/train/575252558.png,train,,0,0.0,0.33862324,1,-0.9655499605708647,,0,0.0,,0,0.0,,0,0.0
575704525,render/train/575704525.png,train,,0,0.0,0.37961206,1,0.41879688555945693,,0,0.0,,0,0.0,,0,0.0
575774487,render/train/575774487.png,train,,0,0.0,0.3578244699999999,1,-0.317052097194393,,0,0.0,,0,0.0,,0,0.0
575975970,render/train/575975970.png,train,,0,0.0,0.36399896,1,-0.10851631212023528,,0,0.0,,0,0.0,,0,0.0
576074717,render/train/576074717.png,train,,0,0.0,0.34800535,1,-0.6486807657868295,,0,0.0,,0,0.0,,0,0.0
576198194,render/train/576198194.png,train,38.96888215,1,-0.5168059057912539,,0,0.0,0.1883333333333333,1,-0.759463841495115,,0,0.0,,0,0.0
576207142,render/train/576207142.png,train,,0,0.0,0.35705225,1,-0.3431328753558182,,0,0.0,,0,0.0,,0,0.0
576510280,render/train/576510280.png,train,,0,0.0,0.37065873,1,0.1164092064834559,,0,0.0,,0,0.0,,0,0.0
576593207,render/train/576593207.png,train,,0,0.0,0.33250755,1,-1.172099848159987,,0,0.0,,0,0.0,,0,0.0
576673479,render/train/576673479.png,train,,0,0.0,0.31850118,1,-1.6451477215858221,,0,0.0,,0,0.0,,0,0.0
577459185,render/train/577459185.png,train,,0,0.0,0.3491245,1,-0.6108828547260386,,0,0.0,,0,0.0,,0,0.0
578229955,render/train/578229955.png,train,42.90894132,1,-0.4813827274269189,,0,0.0,,0,0.0,,0,0.0,,0,0.0
578399710,render/train/578399710.png,train,,0,0.0,0.38004082,1,0.4332777257921564,,0,0.0,,0,0.0,,0,0.0
578503320,render/train/578503320.png,train,,0,0.0,0.36351703,1,-0.12479290353115016,,0,0.0,,0,0.0,,0,0.0
578621214,render/train/578621214.png,train,,0,0.0,0.35811295,1,-0.30730904096169825,,0,0.0,,0,0.0,,0,0.0
579082920,render/train/579082920.png,train,,0,0.0,0.35139659,1,-0.5341458170258987,,0,0.0,,0,0.0,,0,0.0
579371916,render/train/579371916.png,train,,0,0.0,0.35879292,1,-0.2843438927831638,,0,0.0,,0,0.0,,0,0.0
579657278,render/train/579657278.png,train,,0,0.0,0.34165595,1,-0.8631239204036221,,0,0.0,,0,0.0,,0,0.0
579662449,render/train/579662449.png,train,,0,0.0,0.355364,1,-0.40015143707531925,,0,0.0,,0,0.0,,0,0.0
579955066,render/train/579955066.png,train,,0,0.0,0.39692359,1,1.003472461904189,,0,0.0,,0,0.0,,0,0.0
580099798,render/train/580099798.png,train,,0,0.0,0.38054744,1,0.45038819150418624,,0,0.0,,0,0.0,,0,0.0
580261809,render/train/580261809.png,train,,0,0.0,0.39366166,1,0.8933047989219945,,0,0.0,,0,0.0,,0,0.0
580635980,render/train/580635980.png,train,,0,0.0,0.34425173,1,-0.7754546521434439,,0,0.0,,0,0.0,,0,0.0
580687337,render/train/580687337.png,train,,0,0.0,0.34074081,1,-0.8940316453092836,,0,0.0,,0,0.0,,0,0.0
581074933,render/train/581074933.png,train,,0,0.0,0.35149388,1,-0.5308599672585723,,0,0.0,,0,0.0,,0,0.0
581609876,render/train/581609876.png,train,,0,0.0,0.4131264,1,1.5507023875753567,,0,0.0,,0,0.0,,0,0.0
581660606,render/train/581660606.png,train,,0,0.0,0.33969728,1,-0.9292755841282687,,0,0.0,,0,0.0,,0,0.0
582946121,render/train/582946121.png,train,,0,0.0,0.3510259,1,-0.5466654146232938,0.1694999999999999,1,-0.9698031943441682,1.063120281,1,0.5310647224727771,11.45732375,1,-1.0767738131909503
583194891,render/train/583194891.png,train,,0,0.0,0.37464171,1,0.25092944398236866,,0,0.0,,0,0.0,,0,0.0
583338677,render/train/583338677.png,train,22.36004964,1,-0.6661279365122021,,0,0.0,,0,0.0,,0,0.0,,0,0.0
584085881,render/train/584085881.png,train,,0,0.0,0.35279512,1,-0.48691219100986183,,0,0.0,,0,0.0,,0,0.0
584252027,render/train/584252027.png,train,,0,0.0,0.36904474,1,0.06189868468297733,,0,0.0,,0,0.0,,0,0.0
584265872,render/train/584265872.png,train,,0,0.0,0.34618853,1,-0.7100416206976684,,0,0.0,,0,0.0,,0,0.0
584442637,render/train/584442637.png,train,,0,0.0,0.27178974,1,-3.222769000807956,,0,0.0,,0,0.0,,0,0.0
584754403,render/train/584754403.png,train,,0,0.0,0.37089814,1,0.12449498398161404,,0,0.0,,0,0.0,,0,0.0
584859367,render/train/584859367.png,train,,0,0.0,0.39689064,1,1.002359616289703,,0,0.0,,0,0.0,,0,0.0
585087137,render/train/585087137.png,train,,0,0.0,0.33992756,1,-0.9214981611205576,,0,0.0,,0,0.0,,0,0.0
585151885,render/train/585151885.png,train,,0,0.0,0.33304131,1,-1.1540727624183014,,0,0.0,,0,0.0,,0,0.0
585470216,render/train/585470216.png,train,,0,0.0,0.34230194,1,-0.841306404819329,,0,0.0,,0,0.0,,0,0.0
586106490,render/train/586106490.png,train,,0,0.0,0.40278252,1,1.2013505971420004,,0,0.0,,0,0.0,,0,0.0
586189423,render/train/586189423.png,train,,0,0.0,0.41785443,1,1.710385769993039,,0,0.0,,0,0.0,,0,0.0
587160342,render/train/587160342.png,train,,0,0.0,0.39980521,1,1.1007956236528342,,0,0.0,,0,0.0,,0,0.0
587553432,render/train/587553432.png,train,,0,0.0,0.37054632,1,0.11261269736283425,,0,0.0,,0,0.0,,0,0.0
588836303,render/train/588836303.png,train,,0,0.0,0.37465693,1,0.25144348071233746,,0,0.0,,0,0.0,,0,0.0
589424672,render/train/589424672.png,train,,0,0.0,0.36948301,1,0.07670071343749044,,0,0.0,,0,0.0,,0,0.0
589547196,render/train/589547196.png,train,,0,0.0,0.36474877,1,-0.0831924040717235,,0,0.0,,0,0.0,,0,0.0
589661282,render/train/589661282.png,train,,0,0.0,0.34352989,1,-0.7998339079358935,,0,0.0,,0,0.0,,0,0.0
589948553,render/train/589948553.png,train,,0,0.0,0.39509539,1,0.9417272615277095,,0,0.0,,0,0.0,,0,0.0
590016095,render/train/590016095.png,train,,0,0.0,0.37687293,1,0.32628614783534293,,0,0.0,,0,0.0,,0,0.0
590232504,render/train/590232504.png,train,,0,0.0,0.36823532,1,0.034561522398363805,,0,0.0,,0,0.0,,0,0.0
590474607,render/train/590474607.png,train,207.655323,1,0.9997728114452141,,0,0.0,,0,0.0,,0,0.0,,0,0.0
590866562,render/train/590866562.png,train,,0,0.0,0.35843895,1,-0.29629879300046214,,0,0.0,,0,0.0,,0,0.0
590983717,render/train/590983717.png,train,,0,0.0,0.3510241,1,-0.5467262074034477,,0,0.0,,0,0.0,,0,0.0
591078724,render/train/591078724.png,train,,0,0.0,0.37935493,1,0.4101126369144488,,0,0.0,,0,0.0,,0,0.0
591131573,render/train/591131573.png,train,,0,0.0,0.3236545,1,-1.4711006939060711,,0,0.0,,0,0.0,,0,0.0
591186983,render/train/591186983.png,train,,0,0.0,0.39150603,1,0.8205010540978221,,0,0.0,,0,0.0,,0,0.0
591253647,render/train/591253647.png,train,,0,0.0,0.36971595,1,0.08456797466476211,,0,0.0,,0,0.0,,0,0.0
592007373,render/train/592007373.png,train,,0,0.0,0.4002848,1,1.1169931844495493,,0,0.0,,0,0.0,,0,0.0
592083344,render/train/592083344.png,train,,0,0.0,0.36549731,1,-0.05791138870698699,,0,0.0,,0,0.0,,0,0.0
592184260,render/train/592184260.png,train,,0,0.0,,0,0.0,0.267,1,0.1191217739451756,,0,0.0,,0,0.0
592652494,render/train/592652494.png,train,,0,0.0,0.35798582,1,-0.3116026999289121,,0,0.0,,0,0.0,,0,0.0
592669794,render/train/592669794.png,train,,0,0.0,0.38179177,1,0.4924139026870231,,0,0.0,,0,0.0,,0,0.0
592686193,render/train/592686193.png,train,,0,0.0,0.37962339,1,0.41917954233676114,,0,0.0,,0,0.0,,0,0.0
593164560,render/train/593164560.png,train,-14.32353196,1,-0.9959323881695702,,0,0.0,,0,0.0,,0,0.0,,0,0.0
593363809,render/train/593363809.png,train,,0,0.0,0.33449777,1,-1.1048826220943049,,0,0.0,,0,0.0,,0,0.0
593654363,render/train/593654363.png,train,,0,0.0,0.34227902,1,-0.842080499553292,,0,0.0,,0,0.0,,0,0.0
594032602,render/train/594032602.png,train,,0,0.0,0.39134513,1,0.8150668550273831,,0,0.0,,0,0.0,,0,0.0
594346248,render/train/594346248.png,train,,0,0.0,0.38623156,1,0.6423623345760344,,0,0.0,,0,0.0,,0,0.0
594528040,render/train/594528040.png,train,,0,0.0,0.34941735,1,-0.6009922071326392,,0,0.0,,0,0.0,,0,0.0
594735990,render/train/594735990.png,train,,0,0.0,0.36038485,1,-0.23057842027724162,,0,0.0,,0,0.0,,0,0.0
594803927,render/train/594803927.png,train,,0,0.0,0.31804756,1,-1.6604681776599814,,0,0.0,,0,0.0,,0,0.0
595568506,render/train/595568506.png,train,,0,0.0,0.35805437,1,-0.30928750821804474,,0,0.0,,0,0.0,,0,0.0
595580163,render/train/595580163.png,train,,0,0.0,0.25657854,1,-3.736508521629915,0.145,1,-1.2434304940681558,1.041991601,1,0.38653498525160523,16.36913311,1,-0.010991007888112185
595611477,render/train/595611477.png,train,,0,0.0,0.36922015,1,0.0678229411089925,,0,0.0,,0,0.0,,0,0.0
595928255,render/train/595928255.png,train,,0,0.0,0.29464648,1,-2.4508107953309315,,0,0.0,,0,0.0,,0,0.0
595965977,render/train/595965977.png,train,,0,0.0,0.39814654,1,1.044776089953864,0.184,1,-0.8078605067524187,0.926806566,1,-0.40138280423460865,21.32352082,1,1.0640306073892576
596712589,render/train/596712589.png,train,,0,0.0,0.363877,1,-0.11263536071333999,,0,0.0,,0,0.0,,0,0.0
597209826,render/train/597209826.png,train,,0,0.0,0.34465365,1,-0.761880299810376,,0,0.0,,0,0.0,,0,0.0
597331938,render/train/597331938.png,train,,0,0.0,0.38655989,1,0.653451275413805,,0,0.0,,0,0.0,,0,0.0
597719463,render/train/597719463.png,train,,0,0.0,0.36602466,1,-0.0401007928101839,,0,0.0,,0,0.0,,0,0.0
598302444,render/train/598302444.png,train,,0,0.0,0.39441419,1,0.918720571616071,,0,0.0,,0,0.0,,0,0.0
598348393,render/train/598348393.png,train,,0,0.0,0.33713633,1,-1.0157685120924662,,0,0.0,,0,0.0,,0,0.0
598697113,render/train/598697113.png,train,,0,0.0,0.37037228,1,0.10673471099727157,,0,0.0,0.934436591,1,-0.34918997873670843,17.25139441,1,0.18044535586443555
598835608,render/train/598835608.png,train,,0,0.0,0.37079246,1,0.12092577231123543,0.15,1,-1.1875881880020356,1.587307778,1,4.116744528122452,12.5994675,1,-0.8289471813499087
599456393,render/train/599456393.png,train,,0,0.0,,0,0.0,0.359,1,1.1466202055617856,,0,0.0,,0,0.0
599659861,render/train/599659861.png,train,,0,0.0,0.3667682,1,-0.014988646279209799,,0,0.0,,0,0.0,,0,0.0
599773122,render/train/599773122.png,train,,0,0.0,0.41545048,1,1.6291953234089467,,0,0.0,,0,0.0,,0,0.0
599869327,render/train/599869327.png,train,,0,0.0,0.37701942,1,0.3312336669268813,,0,0.0,,0,0.0,,0,0.0
600169729,render/train/600169729.png,train,,0,0.0,0.35218627,1,-0.5074753488969744,,0,0.0,,0,0.0,,0,0.0
600653180,render/train/600653180.png,train,,0,0.0,0.36873488,1,0.05143354531712257,,0,0.0,,0,0.0,,0,0.0
601022774,render/train/601022774.png,train,,0,0.0,0.3464689,1,-0.7005724697133365,,0,0.0,,0,0.0,,0,0.0
601302526,render/train/601302526.png,train,,0,0.0,0.31717722,1,-1.6898628378151432,,0,0.0,,0,0.0,,0,0.0
601597696,render/train/601597696.png,train,,0,0.0,0.34244327,1,-0.8365331583642324,,0,0.0,,0,0.0,,0,0.0
601947802,render/train/601947802.png,train,,0,0.0,0.34392678,1,-0.7864294376495901,,0,0.0,,0,0.0,,0,0.0
602240929,render/train/602240929.png,train,,0,0.0,0.3719363,1,0.15955755767313942,,0,0.0,,0,0.0,,0,0.0
602268285,render/train/602268285.png,train,,0,0.0,0.32844046,1,-1.309460797180431,,0,0.0,,0,0.0,,0,0.0
602457926,render/train/602457926.png,train,,0,0.0,0.37554378,1,0.28139574575657805,,0,0.0,,0,0.0,,0,0.0
602531963,render/train/602531963.png,train,,0,0.0,0.34528198,1,-0.7406592289469288,,0,0.0,,0,0.0,,0,0.0
603228174,render/train/603228174.png,train,,0,0.0,0.36486297,1,-0.07933543990861525,,0,0.0,,0,0.0,,0,0.0
603751130,render/train/603751130.png,train,,0,0.0,0.35292509,1,-0.48252261454507145,,0,0.0,,0,0.0,,0,0.0
603788368,render/train/603788368.png,train,,0,0.0,0.35298703,1,-0.4804306674324371,,0,0.0,,0,0.0,,0,0.0
604020908,render/train/604020908.png,train,,0,0.0,0.35919355,1,-0.27081310860920776,,0,0.0,,0,0.0,,0,0.0
604200639,render/train/604200639.png,train,,0,0.0,0.36808555,1,0.029503225351878215,,0,0.0,,0,0.0,,0,0.0
604209273,render/train/604209273.png,train,,0,0.0,0.37421726,1,0.23659416868437172,,0,0.0,,0,0.0,,0,0.0
604265550,render/train/604265550.png,train,,0,0.0,0.33324128,1,-1.1473190222808525,,0,0.0,,0,0.0,,0,0.0
604677160,render/train/604677160.png,train,,0,0.0,0.40348828,1,1.2251867707650748,,0,0.0,,0,0.0,,0,0.0
604776418,render/train/604776418.png,train,,0,0.0,0.34786426,1,-0.6534459065379061,,0,0.0,,0,0.0,,0,0.0
605651145,render/train/605651145.png,train,,0,0.0,0.38397838,1,0.566263958805181,,0,0.0,,0,0.0,,0,0.0
605771725,render/train/605771725.png,train,,0,0.0,0.37339461,1,0.20881017946562663,,0,0.0,,0,0.0,,0,0.0
605793172,render/train/605793172.png,train,,0,0.0,0.36745826,1,0.00831727920585368,,0,0.0,,0,0.0,,0,0.0
605814238,render/train/605814238.png,train,,0,0.0,0.33942304,1,-0.9385377019224075,,0,0.0,,0,0.0,,0,0.0
606001217,render/train/606001217.png,train,,0,0.0,,0,0.0,0.342,1,0.9567563649369777,0.911164148,1,-0.5083840254677259,18.99975515,1,0.5598112224090901
606308469,render/train/606308469.png,train,,0,0.0,0.3538219,1,-0.4522339627839773,,0,0.0,,0,0.0,,0,0.0
606742148,render/train/606742148.png,train,,0,0.0,0.40888608,1,1.4074908089404177,0.351,1,1.0572725158559935,0.992409385,1,0.04737017943678696,16.50971705,1,0.019513422347699108
607683819,render/train/607683819.png,train,,0,0.0,0.31484972,1,-1.7684712799310252,,0,0.0,,0,0.0,,0,0.0
607770016,render/train/607770016.png,train,,0,0.0,0.36424669,1,-0.10014953688269815,,0,0.0,,0,0.0,,0,0.0
607998522,render/train/607998522.png,train,,0,0.0,,0,0.0,,0,0.0,1.153509737,1,1.1493695253873342,18.44065947,1,0.4384965461686636
608351613,render/train/608351613.png,train,,0,0.0,0.33232876,1,-1.1781382599176227,,0,0.0,,0,0.0,,0,0.0
608511939,render/train/608511939.png,train,95.14114513,1,-0.011788086307881071,,0,0.0,,0,0.0,,0,0.0,,0,0.0
608604797,render/train/608604797.png,train,,0,0.0,0.35086316,1,-0.5521617574245562,,0,0.0,,0,0.0,,0,0.0
609443471,render/train/609443471.png,train,,0,0.0,0.35869989,1,-0.28748586630412626,,0,0.0,,0,0.0,,0,0.0
609699139,render/train/609699139.png,train,,0,0.0,0.39401881,1,0.9053670997175628,,0,0.0,,0,0.0,,0,0.0
610205689,render/train/610205689.png,train,,0,0.0,0.37502808,1,0.2639786142424379,0.1696666666666666,1,-0.9679417841419637,,0,0.0,,0,0.0
610301577,render/train/610301577.png,train,,0,0.0,0.33929278,1,-0.9429370727795565,,0,0.0,,0,0.0,,0,0.0
610345428,render/train/610345428.png,train,,0,0.0,0.35738719,1,-0.33182068991981645,,0,0.0,,0,0.0,,0,0.0
610467941,render/train/610467941.png,train,,0,0.0,0.37759682,1,0.3507346398496357,,0,0.0,,0,0.0,,0,0.0
611038154,render/train/611038154.png,train,,0,0.0,0.3018663,1,-2.2069702786576384,,0,0.0,,0,0.0,,0,0.0
611092350,render/train/611092350.png,train,,0,0.0,0.36414557,1,-0.1035647401766869,,0,0.0,,0,0.0,,0,0.0
611474327,render/train/611474327.png,train,,0,0.0,0.37028401,1,0.10375350060604964,,0,0.0,,0,0.0,,0,0.0
611875813,render/train/611875813.png,train,,0,0.0,0.4542834,1,2.9407293057980737,,0,0.0,,0,0.0,,0,0.0
612139638,render/train/612139638.png,train,,0,0.0,0.35814643,1,-0.3061782952508316,,0,0.0,,0,0.0,,0,0.0
612238315,render/train/612238315.png,train,,0,0.0,0.36489082,1,-0.07839484050456497,,0,0.0,,0,0.0,,0,0.0
612321381,render/train/612321381.png,train,,0,0.0,0.37609357,1,0.29996422497930225,,0,0.0,,0,0.0,,0,0.0
613718745,render/train/613718745.png,train,,0,0.0,0.4782126,1,3.7489085251662257,,0,0.0,,0,0.0,,0,0.0
614253049,render/train/614253049.png,train,,0,0.0,0.34821284,1,-0.6416730469234023,,0,0.0,,0,0.0,,0,0.0
614398604,render/train/614398604.png,train,,0,0.0,0.34822579,1,-0.641235676643962,0.345,1,0.9902617485766492,,0,0.0,,0,0.0
615042961,render/train/615042961.png,train,,0,0.0,0.36893685,1,0.05825483298807615,,0,0.0,,0,0.0,,0,0.0
615903439,render/train/615903439.png,train,,0,0.0,0.3766254,1,0.31792612735115644,0.2784999999999999,1,0.24755907789725076,1.10299243,1,0.8038082737695662,21.29011365,1,1.0567817944264049
616073908,render/train/616073908.png,train,,0,0.0,0.34249238,1,-0.8348745286790302,,0,0.0,,0,0.0,,0,0.0
616177559,render/train/616177559.png,train,64.586946,1,-0.2864862060220063,,0,0.0,,0,0.0,1.231097312,1,1.6801036662034194,21.1652389,1,1.0296860031177433
616276017,render/train/616276017.png,train,,0,0.0,0.39689813,1,1.0026125818026774,,0,0.0,,0,0.0,,0,0.0
616326539,render/train/616326539.png,train,,0,0.0,0.37138173,1,0.14082763984534002,0.2075,1,-0.5454016682416543,1.124957708,1,0.9540607200809302,13.9727997,1,-0.5309564130907923
616797364,render/train/616797364.png,train,,0,0.0,0.33783648,1,-0.9921218093008718,,0,0.0,,0,0.0,,0,0.0
616888672,render/train/616888672.png,train,,0,0.0,0.41218435,1,1.5188858106063903,,0,0.0,,0,0.0,,0,0.0
617569770,render/train/617569770.png,train,,0,0.0,0.39135122,1,0.8152725372669047,,0,0.0,,0,0.0,,0,0.0
617741611,render/train/617741611.png,train,,0,0.0,0.37260592,1,0.18217314736578638,,0,0.0,,0,0.0,,0,0.0
617827761,render/train/617827761.png,train,,0,0.0,0.35742387,1,-0.33058186815534507,,0,0.0,,0,0.0,,0,0.0
618105578,render/train/618105578.png,train,,0,0.0,0.37112026,1,0.1319968130526255,,0,0.0,,0,0.0,,0,0.0
618173505,render/train/618173505.png,train,,0,0.0,,0,0.0,0.1413333333333333,1,-1.284381518516644,0.994546299,1,0.06198763868574388,15.55720188,1,-0.18716688944194856
618916633,render/train/618916633.png,train,,0,0.0,0.33012557,1,-1.2525482850885326,,0,0.0,,0,0.0,,0,0.0
619288860,render/train/619288860.png,train,,0,0.0,0.36869837,1,0.05020046509299795,,0,0.0,,0,0.0,,0,0.0
619459444,render/train/619459444.png,train,,0,0.0,0.35404898,1,-0.4445646158298747,,0,0.0,,0,0.0,,0,0.0
619582212,render/train/619582212.png,train,,0,0.0,0.34722952,1,-0.6748834672462338,,0,0.0,,0,0.0,,0,0.0
620886467,render/train/620886467.png,train,,0,0.0,0.36486218,1,-0.07936212118435047,,0,0.0,,0,0.0,,0,0.0
621166590,render/train/621166590.png,train,,0,0.0,0.35975912,1,-0.25171167934713223,,0,0.0,,0,0.0,,0,0.0
621229234,render/train/621229234.png,train,,0,0.0,0.39319261,1,0.8774632136268466,,0,0.0,,0,0.0,,0,0.0
621730557,render/train/621730557.png,train,,0,0.0,0.43253856,1,2.206324151572886,,0,0.0,,0,0.0,,0,0.0
622020530,render/train/622020530.png,train,,0,0.0,0.36983985,1,0.08875254436536732,,0,0.0,,0,0.0,,0,0.0
622295554,render/train/622295554.png,train,,0,0.0,0.40010889,1,1.1110520411401592,,0,0.0,,0,0.0,,0,0.0
622583757,render/train/622583757.png,train,,0,0.0,0.36779404,1,0.019657834605927415,,0,0.0,,0,0.0,,0,0.0
622739506,render/train/622739506.png,train,,0,0.0,0.376155,1,0.3020389474708945,,0,0.0,,0,0.0,,0,0.0
622744419,render/train/622744419.png,train,,0,0.0,0.39086339,1,0.7987966806321496,,0,0.0,,0,0.0,,0,0.0
622964705,render/train/622964705.png,train,,0,0.0,,0,0.0,0.364,1,1.2024625116279057,0.922711633,1,-0.4293939999377147,21.46640792,1,1.0950347859145393
623331916,render/train/623331916.png,train,17.95743357,1,-0.705709741654813,,0,0.0,,0,0.0,,0,0.0,,0,0.0
623402372,render/train/623402372.png,train,,0,0.0,0.35685059,1,-0.3499436931590785,,0,0.0,,0,0.0,,0,0.0
623537081,render/train/623537081.png,train,,0,0.0,0.35222708,1,-0.5060970414758147,,0,0.0,,0,0.0,,0,0.0
624096781,render/train/624096781.png,train,,0,0.0,0.38373071,1,0.5578992099936478,,0,0.0,,0,0.0,,0,0.0
624193573,render/train/624193573.png,train,,0,0.0,0.35583972,1,-0.38408458075593427,0.195,1,-0.6850074334069544,1.065811773,1,0.5494757463272204,14.52014103,1,-0.41219223977084357
624503496,render/train/624503496.png,train,,0,0.0,0.35550969,1,-0.3952309369971835,,0,0.0,,0,0.0,,0,0.0
624653441,render/train/624653441.png,train,,0,0.0,0.36612407,1,-0.0367433426573411,,0,0.0,,0,0.0,,0,0.0
624903152,render/train/624903152.png,train,,0,0.0,0.3840852,1,0.5698716725696575,,0,0.0,,0,0.0,,0,0.0
625017301,render/train/625017301.png,train,,0,0.0,0.34164847,1,-0.8633765481789291,,0,0.0,,0,0.0,,0,0.0
625314216,render/train/625314216.png,train,,0,0.0,0.37903045,1,0.39915372507867725,,0,0.0,,0,0.0,,0,0.0
625438419,render/train/625438419.png,train,,0,0.0,0.31621723,1,-1.7222853161596432,,0,0.0,,0,0.0,,0,0.0
625535971,render/train/625535971.png,train,,0,0.0,0.3509688,1,-0.5485938967048469,,0,0.0,,0,0.0,,0,0.0
626242594,render/train/626242594.png,train,,0,0.0,0.37325981,1,0.20425747570742248,,0,0.0,,0,0.0,,0,0.0
626677373,render/train/626677373.png,train,,0,0.0,0.3446566,1,-0.7617806671984567,,0,0.0,,0,0.0,,0,0.0
626841881,render/train/626841881.png,train,,0,0.0,0.38997416,1,0.7687640340230397,,0,0.0,,0,0.0,,0,0.0
627271746,render/train/627271746.png,train,,0,0.0,0.40757312,1,1.363147204145373,,0,0.0,,0,0.0,,0,0.0
627600990,render/train/627600990.png,train,,0,0.0,,0,0.0,0.297,1,0.4541756103418961,,0,0.0,,0,0.0
627652902,render/train/627652902.png,train,,0,0.0,0.34482539,1,-0.756079993108342,,0,0.0,,0,0.0,,0,0.0
628380881,render/train/628380881.png,train,,0,0.0,0.35989736,1,-0.2470427938312996,,0,0.0,,0,0.0,,0,0.0
628657458,render/train/628657458.png,train,,0,0.0,0.42868905,1,2.076311698722398,,0,0.0,,0,0.0,,0,0.0
628680153,render/train/628680153.png,train,,0,0.0,0.36048254,1,-0.22727906100321213,,0,0.0,,0,0.0,,0,0.0
629088925,render/train/629088925.png,train,,0,0.0,0.33619542,1,-1.0475465869673328,,0,0.0,,0,0.0,,0,0.0
630629376,render/train/630629376.png,train,,0,0.0,0.35373109,1,-0.4553009585427498,,0,0.0,,0,0.0,,0,0.0
630773371,render/train/630773371.png,train,,0,0.0,0.39155263,1,0.8220749116284777,,0,0.0,,0,0.0,,0,0.0
630928117,render/train/630928117.png,train,,0,0.0,0.33933326,1,-0.9415699107014248,,0,0.0,,0,0.0,,0,0.0
631598953,render/train/631598953.png,train,,0,0.0,0.33590503,1,-1.0573541510945221,,0,0.0,,0,0.0,,0,0.0
631618960,render/train/631618960.png,train,,0,0.0,0.35326235,1,-0.4711320739702044,,0,0.0,,0,0.0,,0,0.0
631651015,render/train/631651015.png,train,,0,0.0,0.33693236,1,-1.0226573472969245,,0,0.0,,0,0.0,,0,0.0
633021524,render/train/633021524.png,train,,0,0.0,0.41038222,1,1.4580210923291435,,0,0.0,,0,0.0,,0,0.0
633348725,render/train/633348725.png,train,,0,0.0,0.39727249,1,1.0152561291240518,,0,0.0,,0,0.0,,0,0.0
633555318,render/train/633555318.png,train,,0,0.0,0.35982282,1,-0.24956029040501335,,0,0.0,,0,0.0,,0,0.0
633682320,render/train/633682320.png,train,,0,0.0,0.36198377,1,-0.1765768691417198,,0,0.0,,0,0.0,,0,0.0
633891368,render/train/633891368.png,train,,0,0.0,0.36249532,1,-0.15929989875960085,,0,0.0,,0,0.0,,0,0.0
634005101,render/train/634005101.png,train,,0,0.0,0.31383194,1,-1.80284554425614,,0,0.0,,0,0.0,,0,0.0
634098628,render/train/634098628.png,train,,0,0.0,0.37719699,1,0.3372308746890804,,0,0.0,,0,0.0,,0,0.0
634363683,render/train/634363683.png,train,246.5898577,1,1.3498145005933717,,0,0.0,,0,0.0,,0,0.0,,0,0.0
634587841,render/train/634587841.png,train,,0,0.0,0.36864893,1,0.048530690064765875,,0,0.0,,0,0.0,,0,0.0
634645972,render/train/634645972.png,train,,0,0.0,0.39298677,1,0.8705112214785612,,0,0.0,,0,0.0,,0,0.0
635174783,render/train/635174783.png,train,,0,0.0,0.38812467,1,0.7062997901524042,,0,0.0,,0,0.0,,0,0.0
635384570,render/train/635384570.png,train,,0,0.0,0.35402393,1,-0.4454106486870197,,0,0.0,,0,0.0,,0,0.0
635778401,render/train/635778401.png,train,,0,0.0,0.36004645,1,-0.2420074629462047,,0,0.0,,0,0.0,,0,0.0
636010546,render/train/636010546.png,train,,0,0.0,0.3866973,1,0.6580921287032331,,0,0.0,,0,0.0,,0,0.0
636356107,render/train/636356107.png,train,,0,0.0,0.37519669,1,0.2696732090545367,,0,0.0,,0,0.0,,0,0.0
636526191,render/train/636526191.png,train,,0,0.0,0.34293786,1,-0.819828991066234,,0,0.0,,0,0.0,,0,0.0
636697748,render/train/636697748.png,train,,0,0.0,0.35811225,1,-0.30733268259842367,,0,0.0,,0,0.0,,0,0.0
636769312,render/train/636769312.png,train,,0,0.0,0.34838594,1,-0.6358268078985869,,0,0.0,,0,0.0,,0,0.0
636957306,render/train/636957306.png,train,,0,0.0,0.37785275,1,0.35937835997454187,,0,0.0,,0,0.0,,0,0.0
637091082,render/train/637091082.png,train,,0,0.0,0.338535005,1,-0.96852998888025,,0,0.0,,0,0.0,,0,0.0
637512395,render/train/637512395.png,train,,0,0.0,0.40636639,1,1.32239138659242,,0,0.0,,0,0.0,,0,0.0
637669265,render/train/637669265.png,train,,0,0.0,0.68705709,1,10.802373617920681,,0,0.0,,0,0.0,,0,0.0
638093915,render/train/638093915.png,train,,0,0.0,0.35703055,1,-0.34386576609434266,,0,0.0,,0,0.0,,0,0.0
638503428,render/train/638503428.png,train,,0,0.0,,0,0.0,0.3325,1,0.8506559834113493,0.932306919,1,-0.36375789942684583,23.93933283,1,1.6316193018663288
638750992,render/train/638750992.png,train,,0,0.0,0.35548,1,-0.39623368013205706,,0,0.0,,0,0.0,,0,0.0
638889974,render/train/638889974.png,train,,0,0.0,0.35865855,1,-0.28888207382166464,,0,0.0,,0,0.0,,0,0.0
639451609,render/train/639451609.png,train,,0,0.0,0.35787475,1,-0.3153539522020852,,0,0.0,,0,0.0,,0,0.0
639553637,render/train/639553637.png,train,,0,0.0,0.34598803,1,-0.716813260931496,,0,0.0,,0,0.0,,0,0.0
639559230,render/train/639559230.png,train,,0,0.0,0.3548653,1,-0.4169944145546714,,0,0.0,,0,0.0,,0,0.0
639745269,render/train/639745269.png,train,,0,0.0,0.357459635,1,-0.32937394938744985,,0,0.0,,0,0.0,,0,0.0
639748056,render/train/639748056.png,train,,0,0.0,0.3660155,1,-0.040410160513634864,,0,0.0,,0,0.0,,0,0.0
639770063,render/train/639770063.png,train,,0,0.0,0.36107045,1,-0.20742312579189268,,0,0.0,,0,0.0,,0,0.0
639796745,render/train/639796745.png,train,,0,0.0,0.34916316,1,-0.6095771609033974,,0,0.0,,0,0.0,,0,0.0
639845225,render/train/639845225.png,train,,0,0.0,0.39441053,1,0.9185969596297572,,0,0.0,,0,0.0,,0,0.0
639994792,render/train/639994792.png,train,,0,0.0,0.34796841,1,-0.6499283687306575,,0,0.0,,0,0.0,,0,0.0
640271931,render/train/640271931.png,train,,0,0.0,0.39811449,1,1.043693640729454,,0,0.0,,0,0.0,,0,0.0
640368237,render/train/640368237.png,train,,0,0.0,0.40990352,1,1.4418535901848373,,0,0.0,,0,0.0,,0,0.0
640431640,render/train/640431640.png,train,268.4647521,1,1.5464811628435708,,0,0.0,,0,0.0,,0,0.0,,0,0.0
640690307,render/train/640690307.png,train,,0,0.0,0.38683576,1,0.6627684444477492,,0,0.0,,0,0.0,,0,0.0
641501724,render/train/641501724.png,train,,0,0.0,0.35299755,1,-0.4800753674062029,,0,0.0,,0,0.0,,0,0.0
642211921,render/train/642211921.png,train,,0,0.0,0.33898524,1,-0.9533238570065461,,0,0.0,,0,0.0,,0,0.0
642330071,render/train/642330071.png,train,,0,0.0,0.37270172,1,0.18540867422065396,,0,0.0,,0,0.0,,0,0.0
642473337,render/train/642473337.png,train,,0,0.0,0.35936185,1,-0.2651289836648023,,0,0.0,,0,0.0,,0,0.0
642535209,render/train/642535209.png,train,,0,0.0,0.35003142,1,-0.5802527501830808,,0,0.0,,0,0.0,,0,0.0
642639550,render/train/642639550.png,train,,0,0.0,0.39040149,1,0.7831965777692825,,0,0.0,,0,0.0,,0,0.0
642668949,render/train/642668949.png,train,,0,0.0,0.35172352,1,-0.5231041594615826,,0,0.0,,0,0.0,,0,0.0
642673445,render/train/642673445.png,train,,0,0.0,0.33977526,1,-0.9266419057969264,,0,0.0,,0,0.0,,0,0.0
643189465,render/train/643189465.png,train,,0,0.0,0.38237528,1,0.512121233324634,,0,0.0,,0,0.0,,0,0.0
643385335,render/train/643385335.png,train,,0,0.0,0.33430951,1,-1.1112408714230868,,0,0.0,,0,0.0,,0,0.0
643400948,render/train/643400948.png,train,,0,0.0,0.42793636,1,2.0508905222256404,,0,0.0,,0,0.0,,0,0.0
643664826,render/train/643664826.png,train,,0,0.0,0.34352817,1,-0.7998919988147067,,0,0.0,,0,0.0,,0,0.0
644108438,render/train/644108438.png,train,,0,0.0,0.32380857,1,-1.4658971696625505,,0,0.0,,0,0.0,,0,0.0
644505079,render/train/644505079.png,train,,0,0.0,0.37231355,1,0.17229871118042892,,0,0.0,,0,0.0,,0,0.0
644711726,render/train/644711726.png,train,,0,0.0,0.33973517,1,-0.9279958961060262,,0,0.0,,0,0.0,,0,0.0
644898772,render/train/644898772.png,train,,0,0.0,0.36495838,1,-0.07611308482278162,,0,0.0,,0,0.0,,0,0.0
645076897,render/train/645076897.png,train,-1.691479041,1,-0.8823636714699541,,0,0.0,,0,0.0,,0,0.0,,0,0.0
645165602,render/train/645165602.png,train,,0,0.0,0.38812321,1,0.7062504804529456,0.3115,1,0.6161182979336446,0.862307366,1,-0.8425865342819117,11.14771595,1,-1.1439536741022542
645691711,render/train/645691711.png,train,76.72929425,1,-0.17732018864424698,,0,0.0,,0,0.0,,0,0.0,,0,0.0
646292703,render/train/646292703.png,train,,0,0.0,0.41937735,1,1.7618205148553883,,0,0.0,,0,0.0,,0,0.0
646573750,render/train/646573750.png,train,,0,0.0,0.38124481,1,0.4739410032242081,,0,0.0,,0,0.0,,0,0.0
646596041,render/train/646596041.png,train,,0,0.0,0.3549773,1,-0.41321175267841836,,0,0.0,,0,0.0,,0,0.0
646682941,render/train/646682941.png,train,,0,0.0,0.36114859,1,-0.20478404365787103,,0,0.0,,0,0.0,,0,0.0
647076607,render/train/647076607.png,train,,0,0.0,0.33964291,1,-0.9311118638265881,,0,0.0,,0,0.0,,0,0.0
647273188,render/train/647273188.png,train,,0,0.0,0.37509747,1,0.2663221759173772,,0,0.0,,0,0.0,,0,0.0
647435977,render/train/647435977.png,train,,0,0.0,0.33524849,1,-1.0795279799180497,,0,0.0,,0,0.0,,0,0.0
647484326,render/train/647484326.png,train,,0,0.0,0.35510347,1,-0.4089505165272865,,0,0.0,,0,0.0,,0,0.0
648079347,render/train/648079347.png,train,,0,0.0,0.35269829,1,-0.4901825048444828,,0,0.0,,0,0.0,,0,0.0
648145091,render/train/648145091.png,train,,0,0.0,0.35833955,1,-0.2996559054156357,,0,0.0,,0,0.0,,0,0.0
648159856,render/train/648159856.png,train,,0,0.0,0.39847901,1,1.0560048541859886,,0,0.0,,0,0.0,,0,0.0
648267860,render/train/648267860.png,train,,0,0.0,0.33323045,1,-1.1476847921747781,,0,0.0,,0,0.0,,0,0.0
648602021,render/train/648602021.png,train,,0,0.0,0.40886141,1,1.4066576101146393,,0,0.0,,0,0.0,,0,0.0
648833303,render/train/648833303.png,train,,0,0.0,0.34689579,1,-0.6861547864244661,,0,0.0,,0,0.0,,0,0.0
649508995,render/train/649508995.png,train,,0,0.0,0.31700681,1,-1.6956182254073942,,0,0.0,,0,0.0,,0,0.0
649600195,render/train/649600195.png,train,,0,0.0,0.35477028,1,-0.42020359787147105,,0,0.0,,0,0.0,,0,0.0
650082699,render/train/650082699.png,train,,0,0.0,0.41283959,1,1.5410157335331405,,0,0.0,,0,0.0,,0,0.0
650711958,render/train/650711958.png,train,,0,0.0,0.41686273,1,1.6768923255048243,,0,0.0,,0,0.0,,0,0.0
651742804,render/train/651742804.png,train,,0,0.0,0.32189128,1,-1.5306512749189893,,0,0.0,,0,0.0,,0,0.0
651985897,render/train/651985897.png,train,,0,0.0,0.36712523,1,-0.0029303983356496113,,0,0.0,,0,0.0,,0,0.0
652006110,render/train/652006110.png,train,,0,0.0,0.33628882,1,-1.0443921171526729,,0,0.0,,0,0.0,,0,0.0
652579546,render/train/652579546.png,train,,0,0.0,0.35683183,1,-0.35057728902335106,,0,0.0,,0,0.0,,0,0.0
652611709,render/train/652611709.png,train,,0,0.0,0.36723415,1,0.000748240339004964,,0,0.0,,0,0.0,,0,0.0
652803633,render/train/652803633.png,train,,0,0.0,0.3630577,1,-0.14030620781346642,,0,0.0,,0,0.0,,0,0.0
652821562,render/train/652821562.png,train,,0,0.0,0.3543665,1,-0.4338407694106988,,0,0.0,,0,0.0,,0,0.0
654743416,render/train/654743416.png,train,,0,0.0,0.35106689,1,-0.545281027924118,,0,0.0,,0,0.0,,0,0.0
655941482,render/train/655941482.png,train,,0,0.0,0.35709066,1,-0.3418356249748643,,0,0.0,,0,0.0,,0,0.0
656702107,render/train/656702107.png,train,,0,0.0,0.37833818,1,0.3757731595690912,,0,0.0,,0,0.0,,0,0.0
657146499,render/train/657146499.png,train,,0,0.0,0.35494054,1,-0.41445327634423035,,0,0.0,,0,0.0,,0,0.0
657445738,render/train/657445738.png,train,,0,0.0,0.34770487,1,-0.658829107220548,,0,0.0,,0,0.0,,0,0.0
658598412,render/train/658598412.png,train,,0,0.0,0.35255216,1,-0.49511786537999114,,0,0.0,,0,0.0,,0,0.0
658967063,render/train/658967063.png,train,,0,0.0,0.34009397,1,-0.9158778685953141,,0,0.0,,0,0.0,,0,0.0
659061902,render/train/659061902.png,train,,0,0.0,0.37739733,1,0.3439971111202268,,0,0.0,,0,0.0,,0,0.0
659538579,render/train/659538579.png,train,,0,0.0,0.36115778,1,-0.204473662741418,,0,0.0,,0,0.0,,0,0.0
659864655,render/train/659864655.png,train,,0,0.0,0.35035919,1,-0.5691827226546927,,0,0.0,,0,0.0,,0,0.0
660205165,render/train/660205165.png,train,,0,0.0,0.36667006,1,-0.018303203748275428,,0,0.0,,0,0.0,,0,0.0
660253930,render/train/660253930.png,train,,0,0.0,0.50077803,1,4.51102809465065,,0,0.0,,0,0.0,,0,0.0
660384405,render/train/660384405.png,train,,0,0.0,0.36004409,1,-0.24208716903574118,,0,0.0,,0,0.0,,0,0.0
660515467,render/train/660515467.png,train,,0,0.0,0.41254221,1,1.530972090776355,,0,0.0,,0,0.0,,0,0.0
661619581,render/train/661619581.png,train,,0,0.0,0.42318746,1,1.8905022812958383,,0,0.0,,0,0.0,,0,0.0
661822184,render/train/661822184.png,train,,0,0.0,0.36460846,1,-0.08793120128473216,,0,0.0,,0,0.0,,0,0.0
661865874,render/train/661865874.png,train,,0,0.0,0.4237153,1,1.9083294263383508,,0,0.0,,0,0.0,,0,0.0
662156764,render/train/662156764.png,train,,0,0.0,0.35745831,1,-0.3294186996283965,,0,0.0,,0,0.0,,0,0.0
662815164,render/train/662815164.png,train,,0,0.0,0.38304917,1,0.5348810370013141,,0,0.0,,0,0.0,,0,0.0
663037039,render/train/663037039.png,train,,0,0.0,0.38434287,1,0.5785741590487116,,0,0.0,,0,0.0,,0,0.0
663206655,render/train/663206655.png,train,,0,0.0,0.38469279,1,0.5903922755106622,,0,0.0,,0,0.0,,0,0.0
663317313,render/train/663317313.png,train,32.04437108,1,-0.5790608568300785,,0,0.0,,0,0.0,,0,0.0,,0,0.0
663564627,render/train/663564627.png,train,,0,0.0,0.3564308,1,-0.36412158270401024,,0,0.0,,0,0.0,,0,0.0
663877510,render/train/663877510.png,train,,0,0.0,,0,0.0,0.43675,1,2.014968064889954,0.944296325,1,-0.28174493417686514,14.84412514,1,-0.3418929532306707
663963917,render/train/663963917.png,train,,0,0.0,0.37010873,1,0.09783363476971371,,0,0.0,,0,0.0,,0,0.0
664013994,render/train/664013994.png,train,,0,0.0,0.33811641,1,-0.9826675187739126,,0,0.0,,0,0.0,,0,0.0
664173456,render/train/664173456.png,train,,0,0.0,0.3312576,1,-1.2143153679119727,,0,0.0,,0,0.0,,0,0.0
664256549,render/train/664256549.png,train,,0,0.0,0.36506372,1,-0.07255535623310023,,0,0.0,,0,0.0,,0,0.0
664408041,render/train/664408041.png,train,,0,0.0,0.36836215,1,0.03884504923555354,,0,0.0,,0,0.0,,0,0.0
664447199,render/train/664447199.png,train,,0,0.0,0.41112209,1,1.4830092891361364,,0,0.0,,0,0.0,,0,0.0
664683374,render/train/664683374.png,train,,0,0.0,0.34387937,1,-0.7880306519313136,,0,0.0,,0,0.0,,0,0.0
664875746,render/train/664875746.png,train,,0,0.0,0.3596616,1,-0.25500529708081127,,0,0.0,,0,0.0,,0,0.0
664999383,render/train/664999383.png,train,,0,0.0,0.38201502,1,0.49995389611446517,,0,0.0,,0,0.0,,0,0.0
665327981,render/train/665327981.png,train,,0,0.0,0.42424985,1,1.9263831933557696,,0,0.0,,0,0.0,,0,0.0
665803754,render/train/665803754.png,train,,0,0.0,0.34708922,1,-0.679621926721577,,0,0.0,,0,0.0,,0,0.0
666199912,render/train/666199912.png,train,,0,0.0,0.3861434,1,0.639384839299157,,0,0.0,,0,0.0,,0,0.0
666249832,render/train/666249832.png,train,,0,0.0,0.40464632,1,1.2642981436148615,,0,0.0,,0,0.0,,0,0.0
666714004,render/train/666714004.png,train,,0,0.0,0.40345957,1,1.2242171259216177,,0,0.0,,0,0.0,,0,0.0
666813875,render/train/666813875.png,train,,0,0.0,0.34475093,1,-0.7585947877807151,,0,0.0,,0,0.0,,0,0.0
666970760,render/train/666970760.png,train,309.3374253,1,1.9139477237558458,,0,0.0,,0,0.0,,0,0.0,,0,0.0
667460496,render/train/667460496.png,train,,0,0.0,0.34741734,1,-0.6685400783748243,,0,0.0,,0,0.0,,0,0.0
667477556,render/train/667477556.png,train,,0,0.0,0.36429835,1,-0.09840478409227615,,0,0.0,,0,0.0,,0,0.0
667584010,render/train/667584010.png,train,,0,0.0,0.36605169,1,-0.039187887894870904,,0,0.0,,0,0.0,,0,0.0
667591489,render/train/667591489.png,train,,0,0.0,0.34402774,1,-0.7830196381582807,,0,0.0,,0,0.0,,0,0.0
667840086,render/train/667840086.png,train,,0,0.0,0.35533448,1,-0.4011484386698461,0.2955,1,0.43742291852206,0.988248519,1,0.018907972162479747,19.25074729,1,0.6142724377112581
668141599,render/train/668141599.png,train,,0,0.0,0.33148318,1,-1.206696681607998,,0,0.0,,0,0.0,,0,0.0
668621779,render/train/668621779.png,train,,0,0.0,0.34266557,1,-0.8290252500152069,,0,0.0,,0,0.0,,0,0.0
668704885,render/train/668704885.png,train,,0,0.0,0.41683897,1,1.6760898608067893,,0,0.0,,0,0.0,,0,0.0
668824734,render/train/668824734.png,train,,0,0.0,0.33612908,1,-1.0497871386536775,,0,0.0,,0,0.0,,0,0.0
668903098,render/train/668903098.png,train,,0,0.0,0.37632492,1,0.307777785917438,,0,0.0,,0,0.0,,0,0.0
669620499,render/train/669620499.png,train,,0,0.0,0.36564834,1,-0.05281053671439346,,0,0.0,,0,0.0,,0,0.0
669636470,render/train/669636470.png,train,,0,0.0,0.36159124,1,-0.189834085804984,,0,0.0,,0,0.0,,0,0.0
669639800,render/train/669639800.png,train,,0,0.0,0.35191825,1,-0.516527393861916,,0,0.0,,0,0.0,,0,0.0
670004959,render/train/670004959.png,train,,0,0.0,0.35609742,1,-0.37538108106387813,,0,0.0,,0,0.0,,0,0.0
670279906,render/train/670279906.png,train,,0,0.0,0.38634779,1,0.6462878594856512,,0,0.0,,0,0.0,,0,0.0
670455816,render/train/670455816.png,train,,0,0.0,0.34034968,1,-0.9072415786990952,,0,0.0,,0,0.0,,0,0.0
670472475,render/train/670472475.png,train,,0,0.0,0.37256174,1,0.18068102235067143,,0,0.0,,0,0.0,,0,0.0
670589484,render/train/670589484.png,train,,0,0.0,0.35323413,1,-0.47208516966795394,,0,0.0,,0,0.0,,0,0.0
670939419,render/train/670939419.png,train,,0,0.0,0.34340117,1,-0.8041812671922451,,0,0.0,,0,0.0,,0,0.0
671093250,render/train/671093250.png,train,,0,0.0,0.39778842,1,1.0326810286045447,,0,0.0,,0,0.0,,0,0.0
671188865,render/train/671188865.png,train,,0,0.0,0.33755795,1,-1.0015288165543785,,0,0.0,,0,0.0,,0,0.0
671342841,render/train/671342841.png,train,,0,0.0,0.35113383,1,-0.5430202119777232,,0,0.0,,0,0.0,,0,0.0
671423635,render/train/671423635.png,train,,0,0.0,0.35236027,1,-0.501598713482083,,0,0.0,,0,0.0,,0,0.0
671507896,render/train/671507896.png,train,,0,0.0,0.36904255,1,0.06182472013379132,,0,0.0,,0,0.0,,0,0.0
671591388,render/train/671591388.png,train,,0,0.0,0.28254764,1,-2.8594341954638307,,0,0.0,,0,0.0,,0,0.0
671751803,render/train/671751803.png,train,,0,0.0,0.38648084,1,0.6507814591520381,,0,0.0,,0,0.0,,0,0.0
672322123,render/train/672322123.png,train,,0,0.0,0.37335529,1,0.2074821949569275,,0,0.0,,0,0.0,,0,0.0
672610446,render/train/672610446.png,train,,0,0.0,0.41566433,1,1.6364178434289176,,0,0.0,,0,0.0,,0,0.0
673060988,render/train/673060988.png,train,,0,0.0,0.40356882,1,1.2279069099393023,,0,0.0,,0,0.0,,0,0.0
673094713,render/train/673094713.png,train,,0,0.0,0.34307779,1,-0.8151030278845901,,0,0.0,,0,0.0,,0,0.0
673172746,render/train/673172746.png,train,,0,0.0,0.3557624,1,-0.3866959684012205,,0,0.0,,0,0.0,,0,0.0
673214221,render/train/673214221.png,train,,0,0.0,0.37532295,1,0.27393748484467656,,0,0.0,,0,0.0,,0,0.0
673225351,render/train/673225351.png,train,,0,0.0,0.42499356,1,1.9515010814270923,,0,0.0,,0,0.0,,0,0.0
673445970,render/train/673445970.png,train,,0,0.0,0.38816333,1,0.7076054839750454,,0,0.0,,0,0.0,,0,0.0
673499218,render/train/673499218.png,train,,0,0.0,0.33962987,1,-0.9315522737450381,,0,0.0,,0,0.0,,0,0.0
673704172,render/train/673704172.png,train,,0,0.0,0.33828721,1,-0.9768989594126258,,0,0.0,,0,0.0,,0,0.0
673883343,render/train/673883343.png,train,,0,0.0,0.40581493,1,1.303766505179219,,0,0.0,,0,0.0,,0,0.0
673984159,render/train/673984159.png,train,,0,0.0,0.35713078,1,-0.3404806214527645,,0,0.0,,0,0.0,,0,0.0
674610445,render/train/674610445.png,train,,0,0.0,0.37324371,1,0.20371371806271046,,0,0.0,,0,0.0,,0,0.0
674648279,render/train/674648279.png,train,,0,0.0,0.36239685,1,-0.16262560157169637,,0,0.0,,0,0.0,,0,0.0
674773828,render/train/674773828.png,train,,0,0.0,0.4055685,1,1.2954436358384593,,0,0.0,,0,0.0,,0,0.0
674973559,render/train/674973559.png,train,,0,0.0,0.33921521,1,-0.9455569038665301,,0,0.0,,0,0.0,,0,0.0
675621867,render/train/675621867.png,train,,0,0.0,0.35446575,1,-0.4304887230605354,,0,0.0,,0,0.0,,0,0.0
676068988,render/train/676068988.png,train,,0,0.0,0.35653288,1,-0.3606739565939395,0.392,1,1.5151794255981788,,0,0.0,,0,0.0
676116191,render/train/676116191.png,train,,0,0.0,0.32224016,1,-1.5188682831744613,,0,0.0,,0,0.0,,0,0.0
676718973,render/train/676718973.png,train,,0,0.0,0.35297374,1,-0.4808795207925746,,0,0.0,,0,0.0,,0,0.0
676741869,render/train/676741869.png,train,208.6363648,1,1.0085928867701914,,0,0.0,,0,0.0,,0,0.0,,0,0.0
677190542,render/train/677190542.png,train,,0,0.0,0.35781631,1,-0.31732769113108694,,0,0.0,,0,0.0,,0,0.0
677732142,render/train/677732142.png,train,,0,0.0,0.35682307,1,-0.3508731472201007,,0,0.0,,0,0.0,,0,0.0
677771115,render/train/677771115.png,train,,0,0.0,0.34677139,1,-0.6903562430084461,,0,0.0,,0,0.0,,0,0.0
677895437,render/train/677895437.png,train,,0,0.0,0.45832341,1,3.0771756612148664,,0,0.0,,0,0.0,,0,0.0
678137113,render/train/678137113.png,train,,0,0.0,0.37813384,1,0.36887182807093377,,0,0.0,,0,0.0,,0,0.0
678912517,render/train/678912517.png,train,,0,0.0,0.3526035,1,-0.49338392019492977,,0,0.0,,0,0.0,,0,0.0
678917308,render/train/678917308.png,train,,0,0.0,0.3478783,1,-0.6529717228527047,,0,0.0,,0,0.0,,0,0.0
679096847,render/train/679096847.png,train,,0,0.0,0.42191423,1,1.8475005082538594,0.316,1,0.6663763733931527,,0,0.0,,0,0.0
679122345,render/train/679122345.png,train,,0,0.0,0.35896209,1,-0.2786303846616843,,0,0.0,,0,0.0,,0,0.0
679270138,render/train/679270138.png,train,,0,0.0,0.401012485,1,1.141569847908666,,0,0.0,,0,0.0,,0,0.0
679274532,render/train/679274532.png,train,,0,0.0,0.36028075,1,-0.23409426939615163,,0,0.0,,0,0.0,,0,0.0
679404420,render/train/679404420.png,train,,0,0.0,0.41331877,1,1.5571994470854886,,0,0.0,,0,0.0,,0,0.0
679533117,render/train/679533117.png,train,,0,0.0,0.36527705,1,-0.06535039857184045,,0,0.0,,0,0.0,,0,0.0
679561961,render/train/679561961.png,train,,0,0.0,0.4001286,1,1.1117177220828465,0.236,1,-0.22710052366476952,0.780478615,1,-1.4023322391327002,15.7837124,1,-0.13801778780902071
679722974,render/train/679722974.png,train,,0,0.0,0.38782954,1,0.6963321383708089,,0,0.0,,0,0.0,,0,0.0
679930104,render/train/679930104.png,train,,0,0.0,0.32759097,1,-1.3381512742988078,,0,0.0,,0,0.0,,0,0.0
680389374,render/train/680389374.png,train,,0,0.0,0.36051533,1,-0.2261716191914054,,0,0.0,,0,0.0,,0,0.0
680463465,render/train/680463465.png,train,,0,0.0,0.37707713,1,0.33318275100615374,,0,0.0,,0,0.0,,0,0.0
680864768,render/train/680864768.png,train,,0,0.0,0.37733794,1,0.3419912871128104,,0,0.0,,0,0.0,,0,0.0
680937306,render/train/680937306.png,train,,0,0.0,0.41401327,1,1.5806553280949318,,0,0.0,,0,0.0,,0,0.0
680984529,render/train/680984529.png,train,,0,0.0,0.35200857,1,-0.513476947248851,,0,0.0,,0,0.0,,0,0.0
681027587,render/train/681027587.png,train,,0,0.0,0.36931693,1,0.07109156625527485,,0,0.0,,0,0.0,,0,0.0
681043697,render/train/681043697.png,train,,0,0.0,0.29472279,1,-2.4482335191900657,,0,0.0,,0,0.0,,0,0.0
681148438,render/train/681148438.png,train,,0,0.0,0.35765062,1,-0.32292366654427046,,0,0.0,,0,0.0,,0,0.0
681382026,render/train/681382026.png,train,,0,0.0,0.3562068,1,-0.3716869064565163,,0,0.0,,0,0.0,,0,0.0
681607778,render/train/681607778.png,train,24.09354398,1,-0.6505429220365478,,0,0.0,,0,0.0,,0,0.0,,0,0.0
682136136,render/train/682136136.png,train,81.08225465,1,-0.13818481376557817,,0,0.0,,0,0.0,,0,0.0,,0,0.0
682392464,render/train/682392464.png,train,,0,0.0,0.36938061,1,0.07324227972205904,,0,0.0,,0,0.0,,0,0.0
682727526,render/train/682727526.png,train,,0,0.0,0.37540296,1,0.2766397239225254,,0,0.0,,0,0.0,,0,0.0
682848245,render/train/682848245.png,train,,0,0.0,0.36290404,1,-0.14549588481261852,,0,0.0,,0,0.0,,0,0.0
683188751,render/train/683188751.png,train,,0,0.0,0.35282718,1,-0.4858294040477844,,0,0.0,,0,0.0,,0,0.0
683707675,render/train/683707675.png,train,,0,0.0,0.37681981,1,0.3244920853454623,,0,0.0,,0,0.0,,0,0.0
684755734,render/train/684755734.png,train,,0,0.0,0.34952529,1,-0.5973466667494013,,0,0.0,,0,0.0,,0,0.0
684934727,render/train/684934727.png,train,,0,0.0,0.36161485,1,-0.18903668717196295,,0,0.0,,0,0.0,,0,0.0
685115474,render/train/685115474.png,train,,0,0.0,0.39820678,1,1.0468106216630197,,0,0.0,,0,0.0,,0,0.0
685261613,render/train/685261613.png,train,,0,0.0,0.3674647,1,0.008534782263738107,,0,0.0,,0,0.0,,0,0.0
685427135,render/train/685427135.png,train,,0,0.0,0.35135423,1,-0.535576473785525,,0,0.0,,0,0.0,,0,0.0
685579898,render/train/685579898.png,train,,0,0.0,0.40252214,1,1.1925565837550471,,0,0.0,,0,0.0,,0,0.0
686272948,render/train/686272948.png,train,,0,0.0,0.36231124,1,-0.1655169737433577,,0,0.0,,0,0.0,,0,0.0
686526509,render/train/686526509.png,train,,0,0.0,,0,0.0,0.408,1,1.6938748050097627,0.872184477,1,-0.7750226231746228,20.26505078,1,0.8343598107685583
686833175,render/train/686833175.png,train,,0,0.0,,0,0.0,0.4105,1,1.7217959580428228,0.885736749,1,-0.6823189468962253,15.06400186,1,-0.29418327838645264
687447085,render/train/687447085.png,train,,0,0.0,0.40004414,1,1.1088651897429505,,0,0.0,,0,0.0,,0,0.0
687545221,render/train/687545221.png,train,,0,0.0,0.38403531,1,0.5681866993463874,,0,0.0,,0,0.0,,0,0.0
687772920,render/train/687772920.png,train,,0,0.0,0.35497879,1,-0.4131614297659577,,0,0.0,,0,0.0,,0,0.0
687864744,render/train/687864744.png,train,,0,0.0,0.37364551,1,0.21728401754376833,,0,0.0,,0,0.0,,0,0.0
688101886,render/train/688101886.png,train,,0,0.0,0.37198635,1,0.1612479346990908,,0,0.0,,0,0.0,,0,0.0
688122210,render/train/688122210.png,train,,0,0.0,0.36717423,1,-0.001275483764790085,,0,0.0,,0,0.0,,0,0.0
688609690,render/train/688609690.png,train,,0,0.0,0.38469309,1,0.5904024076406881,,0,0.0,,0,0.0,,0,0.0
688616302,render/train/688616302.png,train,,0,0.0,0.33930014,1,-0.9426884978562614,,0,0.0,,0,0.0,,0,0.0
688656899,render/train/688656899.png,train,,0,0.0,0.36310288,1,-0.13878030903159824,,0,0.0,,0,0.0,,0,0.0
688760840,render/train/688760840.png,train,,0,0.0,0.35979025,1,-0.25066030198813477,,0,0.0,,0,0.0,,0,0.0
689174669,render/train/689174669.png,train,,0,0.0,0.41547343,1,1.6299704313559098,,0,0.0,,0,0.0,,0,0.0
689311182,render/train/689311182.png,train,,0,0.0,0.334916,1,-1.0907574196255088,,0,0.0,,0,0.0,,0,0.0
689497002,render/train/689497002.png,train,,0,0.0,0.3457648,1,-0.7243525788836034,,0,0.0,,0,0.0,,0,0.0
689573357,render/train/689573357.png,train,,0,0.0,0.48916637,1,4.118858598204117,,0,0.0,,0,0.0,,0,0.0
689602556,render/train/689602556.png,train,,0,0.0,0.4098993,1,1.4417110648891427,,0,0.0,,0,0.0,,0,0.0
689672575,render/train/689672575.png,train,,0,0.0,0.38990238,1,0.7663397530455618,,0,0.0,,0,0.0,,0,0.0
690246774,render/train/690246774.png,train,,0,0.0,0.33980018,1,-0.9258002635294607,,0,0.0,,0,0.0,,0,0.0
690444653,render/train/690444653.png,train,,0,0.0,0.41970878,1,1.7730141543700901,,0,0.0,,0,0.0,,0,0.0
690772081,render/train/690772081.png,train,,0,0.0,0.33115638,1,-1.2177339485826368,,0,0.0,,0,0.0,,0,0.0
691002570,render/train/691002570.png,train,,0,0.0,0.39515201,1,0.9436395322012225,,0,0.0,,0,0.0,,0,0.0
691154706,render/train/691154706.png,train,,0,0.0,0.37003556,1,0.09536240825645055,0.199,1,-0.6403335885540582,,0,0.0,,0,0.0
691219107,render/train/691219107.png,train,,0,0.0,0.43577618,1,2.3156707742853344,,0,0.0,,0,0.0,,0,0.0
691290005,render/train/691290005.png,train,173.9913454,1,0.6971161680989734,,0,0.0,,0,0.0,,0,0.0,,0,0.0
691340990,render/train/691340990.png,train,340.5865983,1,2.1948940195235203,,0,0.0,,0,0.0,,0,0.0,,0,0.0
691396928,render/train/691396928.png,train,,0,0.0,0.3307198,1,-1.2324788996713367,,0,0.0,,0,0.0,,0,0.0
691744465,render/train/691744465.png,train,,0,0.0,0.37816076,1,0.3697810178719041,,0,0.0,,0,0.0,,0,0.0
691831381,render/train/691831381.png,train,,0,0.0,0.36180049,1,-0.18276692511207404,,0,0.0,,0,0.0,,0,0.0
691986630,render/train/691986630.png,train,,0,0.0,0.36858029,1,0.04621245871489054,,0,0.0,,0,0.0,,0,0.0
692037059,render/train/692037059.png,train,,0,0.0,0.40919806,1,1.418027548691787,0.2095,1,-0.5230647458152061,,0,0.0,,0,0.0
692373242,render/train/692373242.png,train,119.6241841,1,0.20832715026996773,,0,0.0,,0,0.0,,0,0.0,,0,0.0
692434994,render/train/692434994.png,train,,0,0.0,0.38386027,1,0.5622749392140715,,0,0.0,,0,0.0,,0,0.0
692810892,render/train/692810892.png,train,,0,0.0,0.3598038,1,-0.25020266744864067,,0,0.0,,0,0.0,,0,0.0
693011985,render/train/693011985.png,train,,0,0.0,0.33019375,1,-1.2502455896713627,,0,0.0,,0,0.0,,0,0.0
695348815,render/train/695348815.png,train,51.04706134,1,-0.4082168015916414,,0,0.0,,0,0.0,,0,0.0,,0,0.0
695374943,render/train/695374943.png,train,,0,0.0,0.33732889,1,-1.009265035566651,,0,0.0,,0,0.0,,0,0.0
695536292,render/train/695536292.png,train,,0,0.0,0.38046147,1,0.44748466077649485,,0,0.0,,0,0.0,,0,0.0
695925726,render/train/695925726.png,train,,0,0.0,,0,0.0,,0,0.0,0.817744643,1,-1.147415735398588,14.53648643,1,-0.40864555361326077
695940452,render/train/695940452.png,train,,0,0.0,0.45235831,1,2.8757117651609674,,0,0.0,,0,0.0,,0,0.0
696483165,render/train/696483165.png,train,,0,0.0,0.3779872,1,0.3639192429143833,,0,0.0,,0,0.0,,0,0.0
696705390,render/train/696705390.png,train,,0,0.0,0.379535,1,0.4161942790935292,,0,0.0,,0,0.0,,0,0.0
696713776,render/train/696713776.png,train,,0,0.0,,0,0.0,0.154,1,-1.1429143431491395,1.205461036,1,1.5047399315257468,17.1881696,1,0.16672659961235245
698037323,render/train/698037323.png,train,,0,0.0,0.37558012,1,0.2826230844403559,,0,0.0,,0,0.0,,0,0.0
698053626,render/train/698053626.png,train,,0,0.0,0.32595019,1,-1.3935665953105794,0.113,1,-1.6008212528913246,,0,0.0,,0,0.0
698200988,render/train/698200988.png,train,,0,0.0,0.36147355,1,-0.19380892041405748,,0,0.0,,0,0.0,,0,0.0
698615321,render/train/698615321.png,train,,0,0.0,0.3762763,1,0.30613570537794316,,0,0.0,,0,0.0,,0,0.0
699007218,render/train/699007218.png,train,,0,0.0,0.41367738,1,1.5693110575805156,,0,0.0,,0,0.0,,0,0.0
699175207,render/train/699175207.png,train,,0,0.0,0.3614755,1,-0.19374306156888962,,0,0.0,,0,0.0,,0,0.0
699184717,render/train/699184717.png,train,,0,0.0,0.39186106,1,0.8324917545078758,,0,0.0,,0,0.0,,0,0.0
699462327,render/train/699462327.png,train,,0,0.0,0.36032726,1,-0.23252345150450407,,0,0.0,,0,0.0,,0,0.0
699667055,render/train/699667055.png,train,,0,0.0,0.37043796,1,0.10895297199756035,,0,0.0,,0,0.0,,0,0.0
699908244,render/train/699908244.png,train,,0,0.0,0.3404124,1,-0.9051232880483929,,0,0.0,,0,0.0,,0,0.0
699928185,render/train/699928185.png,train,,0,0.0,0.36757265,1,0.012180660384645235,,0,0.0,,0,0.0,,0,0.0
700020481,render/train/700020481.png,train,,0,0.0,0.39550318,1,0.9554998658716137,,0,0.0,,0,0.0,,0,0.0
700619853,render/train/700619853.png,train,,0,0.0,0.35475551,1,-0.4207024364064018,,0,0.0,,0,0.0,,0,0.0
700771684,render/train/700771684.png,train,,0,0.0,0.38386656,1,0.5624873762069439,,0,0.0,,0,0.0,,0,0.0
700931497,render/train/700931497.png,train,,0,0.0,0.30488476,1,-2.105025514666615,0.0905,1,-1.8521116301888652,1.732295687,1,5.108527469035811,17.31090487,1,0.19335815853144794
700994258,render/train/700994258.png,train,,0,0.0,0.38196728,1,0.4983415364897136,,0,0.0,,0,0.0,,0,0.0
701170718,render/train/701170718.png,train,,0,0.0,0.36119268,1,-0.20329495828176405,0.1853333333333333,1,-0.7929692251347872,,0,0.0,,0,0.0
701980913,render/train/701980913.png,train,,0,0.0,0.39236432,1,0.8494887403636179,,0,0.0,,0,0.0,,0,0.0
702351726,render/train/702351726.png,train,,0,0.0,0.37056907,1,0.11338105055644866,,0,0.0,,0,0.0,,0,0.0
702495781,render/train/702495781.png,train,,0,0.0,0.35162648,1,-0.5263815657872215,,0,0.0,,0,0.0,,0,0.0
702860275,render/train/702860275.png,train,,0,0.0,0.38497663,1,0.5999786214656226,,0,0.0,,0,0.0,,0,0.0
703506417,render/train/703506417.png,train,,0,0.0,0.34759445,1,-0.6625584065453325,,0,0.0,,0,0.0,,0,0.0
703616126,render/train/703616126.png,train,,0,0.0,0.41214769,1,1.5176476643172536,,0,0.0,,0,0.0,,0,0.0
704321363,render/train/704321363.png,train,,0,0.0,0.40589633,1,1.3065156897928534,,0,0.0,,0,0.0,,0,0.0
704562669,render/train/704562669.png,train,,0,0.0,0.3465094,1,-0.69920463215987,,0,0.0,,0,0.0,,0,0.0
704596053,render/train/704596053.png,train,,0,0.0,0.38408676,1,0.5699243596457914,,0,0.0,,0,0.0,,0,0.0
704720758,render/train/704720758.png,train,,0,0.0,0.37453464,1,0.24731328677620287,,0,0.0,,0,0.0,,0,0.0
704923125,render/train/704923125.png,train,,0,0.0,0.33693682,1,-1.022506716297208,,0,0.0,,0,0.0,,0,0.0
705117177,render/train/705117177.png,train,,0,0.0,,0,0.0,0.267,1,0.1191217739451756,,0,0.0,,0,0.0
705738216,render/train/705738216.png,train,,0,0.0,0.39052632,1,0.7874125570729659,,0,0.0,,0,0.0,,0,0.0
705844179,render/train/705844179.png,train,,0,0.0,0.3880841,1,0.7049295884352644,,0,0.0,,0,0.0,,0,0.0
705855235,render/train/705855235.png,train,,0,0.0,0.36167594,1,-0.18697344776106792,,0,0.0,,0,0.0,,0,0.0
707258420,render/train/707258420.png,train,,0,0.0,0.3584849,1,-0.29474688841819524,,0,0.0,,0,0.0,,0,0.0
707285446,render/train/707285446.png,train,,0,0.0,0.35254861,1,-0.49523776225196225,,0,0.0,,0,0.0,,0,0.0
707686102,render/train/707686102.png,train,,0,0.0,0.37675561,1,0.3223238095199687,,0,0.0,,0,0.0,,0,0.0
707792324,render/train/707792324.png,train,,0,0.0,0.34956652,1,-0.5959541743462056,,0,0.0,,0,0.0,,0,0.0
707895073,render/train/707895073.png,train,,0,0.0,0.37753065,1,0.3484998297036396,,0,0.0,,0,0.0,,0,0.0
708266844,render/train/708266844.png,train,,0,0.0,0.36753658,1,0.010962440617891287,,0,0.0,1.20752232,1,1.518840047333181,22.21547246,1,1.2575696174361926
708515334,render/train/708515334.png,train,,0,0.0,0.41414112,1,1.5849733041742078,,0,0.0,,0,0.0,,0,0.0
708745541,render/train/708745541.png,train,,0,0.0,0.3828539,1,0.5282860335676015,,0,0.0,,0,0.0,,0,0.0
708888125,render/train/708888125.png,train,,0,0.0,0.30782553,1,-2.0057046346145735,,0,0.0,,0,0.0,,0,0.0
709065178,render/train/709065178.png,train,,0,0.0,0.33334422,1,-1.143842350731373,,0,0.0,,0,0.0,,0,0.0
709226489,render/train/709226489.png,train,24.95900908,1,-0.6427619412739144,,0,0.0,,0,0.0,,0,0.0,,0,0.0
709267633,render/train/709267633.png,train,,0,0.0,0.41536896,1,1.6264420859433024,,0,0.0,,0,0.0,,0,0.0
709856096,render/train/709856096.png,train,,0,0.0,0.37184486,1,0.15646928444131294,,0,0.0,,0,0.0,,0,0.0
709886400,render/train/709886400.png,train,,0,0.0,0.35887119,1,-0.28170042005946483,,0,0.0,,0,0.0,,0,0.0
710418627,render/train/710418627.png,train,,0,0.0,0.3506977,1,-0.5577499648713852,,0,0.0,,0,0.0,,0,0.0
711711106,render/train/711711106.png,train,,0,0.0,0.3857049,1,0.6245750425782912,,0,0.0,,0,0.0,,0,0.0
712008066,render/train/712008066.png,train,,0,0.0,0.34764523,1,-0.6608433746696518,,0,0.0,,0,0.0,,0,0.0
712061261,render/train/712061261.png,train,,0,0.0,0.38279045,1,0.52614308806717,,0,0.0,,0,0.0,,0,0.0
712113333,render/train/712113333.png,train,,0,0.0,0.43503278,1,2.2905633560817047,,0,0.0,,0,0.0,,0,0.0
712239619,render/train/712239619.png,train,,0,0.0,,0,0.0,0.3315,1,0.8394875221981253,0.973462542,1,-0.08223480487651626,22.44231118,1,1.3067899331352744
712424232,render/train/712424232.png,train,,0,0.0,0.38355919,1,0.5521063335203011,,0,0.0,,0,0.0,,0,0.0
712525184,render/train/712525184.png,train,,0,0.0,0.36539229,1,-0.061458309691309596,,0,0.0,,0,0.0,,0,0.0
712532019,render/train/712532019.png,train,,0,0.0,0.34706164,1,-0.6805534072086032,,0,0.0,,0,0.0,,0,0.0
713020314,render/train/713020314.png,train,,0,0.0,0.41866094,1,1.7376246506164026,,0,0.0,,0,0.0,,0,0.0
713163686,render/train/713163686.png,train,,0,0.0,0.35649541,1,-0.36193945963414614,,0,0.0,,0,0.0,,0,0.0
713393124,render/train/713393124.png,train,,0,0.0,0.6509068,1,9.581442155434166,,0,0.0,,0,0.0,,0,0.0
714476191,render/train/714476191.png,train,,0,0.0,0.38234707,1,0.5111684753645537,,0,0.0,,0,0.0,,0,0.0
714511257,render/train/714511257.png,train,,0,0.0,0.45462761,1,2.9523545740518693,,0,0.0,,0,0.0,,0,0.0
714806677,render/train/714806677.png,train,,0,0.0,0.38618508,1,0.6407925298973908,,0,0.0,,0,0.0,,0,0.0
714836323,render/train/714836323.png,train,,0,0.0,0.39603335,1,0.9734057037906587,,0,0.0,,0,0.0,,0,0.0
715482561,render/train/715482561.png,train,,0,0.0,0.3574338,1,-0.3302464946514936,,0,0.0,,0,0.0,,0,0.0
716027443,render/train/716027443.png,train,,0,0.0,0.35310551,1,-0.47642915154762844,,0,0.0,,0,0.0,,0,0.0
716481605,render/train/716481605.png,train,,0,0.0,0.34230926,1,-0.8410591808467032,,0,0.0,,0,0.0,,0,0.0
716683288,render/train/716683288.png,train,,0,0.0,0.36840915,1,0.04043241627291036,,0,0.0,,0,0.0,,0,0.0
717229286,render/train/717229286.png,train,-42.12432011,1,-1.2458759130802732,,0,0.0,,0,0.0,,0,0.0,,0,0.0
717633419,render/train/717633419.png,train,,0,0.0,0.41010806,1,1.4487616764363433,,0,0.0,,0,0.0,,0,0.0
717936443,render/train/717936443.png,train,,0,0.0,0.33111951,1,-1.2189791873627915,,0,0.0,,0,0.0,,0,0.0
718095822,render/train/718095822.png,train,,0,0.0,,0,0.0,0.274,1,0.19730100243774384,,0,0.0,,0,0.0
718575580,render/train/718575580.png,train,,0,0.0,0.32862128,1,-1.3033538246762868,,0,0.0,,0,0.0,,0,0.0
719137941,render/train/719137941.png,train,,0,0.0,0.3672374,1,0.0008580050809501494,,0,0.0,,0,0.0,,0,0.0
719507082,render/train/719507082.png,train,,0,0.0,0.39438801,1,0.9178363744024973,,0,0.0,,0,0.0,,0,0.0
719751111,render/train/719751111.png,train,,0,0.0,0.38052241,1,0.44954283412237594,,0,0.0,,0,0.0,,0,0.0
720344171,render/train/720344171.png,train,,0,0.0,0.34491184,1,-0.7531602509726086,,0,0.0,,0,0.0,,0,0.0
720567395,render/train/720567395.png,train,,0,0.0,0.38046147,1,0.44748466077649485,,0,0.0,,0,0.0,,0,0.0
720781054,render/train/720781054.png,train,,0,0.0,0.37047012,1,0.11003913633631311,,0,0.0,,0,0.0,,0,0.0
720835147,render/train/720835147.png,train,,0,0.0,0.33696818,1,-1.0214475709718578,,0,0.0,,0,0.0,,0,0.0
721329227,render/train/721329227.png,train,,0,0.0,0.38639477,1,0.6478745510476713,,0,0.0,,0,0.0,,0,0.0
721426023,render/train/721426023.png,train,,0,0.0,0.37990658,1,0.42874393534333294,,0,0.0,,0,0.0,,0,0.0
721715227,render/train/721715227.png,train,,0,0.0,0.39670171,1,0.9959787385371976,,0,0.0,,0,0.0,,0,0.0
721925849,render/train/721925849.png,train,,0,0.0,0.36049549,1,-0.22684169072377186,,0,0.0,,0,0.0,,0,0.0
722303181,render/train/722303181.png,train,95.64631957,1,-0.007246305709894981,,0,0.0,,0,0.0,,0,0.0,,0,0.0
722323887,render/train/722323887.png,train,,0,0.0,0.35014456,1,-0.5764315862127298,,0,0.0,,0,0.0,,0,0.0
722337542,render/train/722337542.png,train,,0,0.0,0.40228779,1,1.1846417015166555,,0,0.0,,0,0.0,,0,0.0
722624089,render/train/722624089.png,train,,0,0.0,0.36422503,1,-0.10088107667055136,,0,0.0,,0,0.0,,0,0.0
722656060,render/train/722656060.png,train,,0,0.0,,0,0.0,,0,0.0,0.801255092,1,-1.2602117298916244,16.53077558,1,0.024082781118365097
722657419,render/train/722657419.png,train,,0,0.0,0.35641137,1,-0.3647778069920062,,0,0.0,,0,0.0,,0,0.0
722671179,render/train/722671179.png,train,,0,0.0,0.32915874,1,-1.2852017759976182,,0,0.0,,0,0.0,,0,0.0
722858579,render/train/722858579.png,train,,0,0.0,0.36435294,1,-0.09656107416526964,,0,0.0,,0,0.0,,0,0.0
722954203,render/train/722954203.png,train,,0,0.0,0.366311,1,-0.030430012438342237,,0,0.0,,0,0.0,,0,0.0
722996762,render/train/722996762.png,train,,0,0.0,0.37298287,1,0.19490416874305178,,0,0.0,,0,0.0,,0,0.0
723086841,render/train/723086841.png,train,167.9642319,1,0.6429292873134771,,0,0.0,,0,0.0,,0,0.0,,0,0.0
723328836,render/train/723328836.png,train,,0,0.0,0.36497894,1,-0.07541869617835696,,0,0.0,,0,0.0,,0,0.0
723637794,render/train/723637794.png,train,190.021745,1,0.8412377865269431,,0,0.0,,0,0.0,,0,0.0,,0,0.0
723638059,render/train/723638059.png,train,,0,0.0,0.32817407,1,-1.3184577909055655,,0,0.0,,0,0.0,,0,0.0
723903020,render/train/723903020.png,train,,0,0.0,0.38669859,1,0.658135696862343,,0,0.0,,0,0.0,,0,0.0
725291191,render/train/725291191.png,train,,0,0.0,0.381850225,1,0.49438814822252686,,0,0.0,,0,0.0,,0,0.0
726324276,render/train/726324276.png,train,,0,0.0,0.37486297,1,0.25840222761397347,,0,0.0,,0,0.0,,0,0.0
726632865,render/train/726632865.png,train,,0,0.0,0.32616627,1,-1.386268759790751,,0,0.0,,0,0.0,,0,0.0
726852979,render/train/726852979.png,train,,0,0.0,0.3490113,1,-0.6147060451223937,,0,0.0,,0,0.0,,0,0.0
726901134,render/train/726901134.png,train,,0,0.0,0.36588296,1,-0.044886535558979736,,0,0.0,,0,0.0,,0,0.0
727287922,render/train/727287922.png,train,,0,0.0,0.3613817,1,-0.1969110408902526,,0,0.0,,0,0.0,,0,0.0
727715310,render/train/727715310.png,train,,0,0.0,0.366746,1,-0.015738423901109008,,0,0.0,,0,0.0,,0,0.0
727880096,render/train/727880096.png,train,,0,0.0,0.35630163,1,-0.36848414015539993,,0,0.0,,0,0.0,,0,0.0
727931995,render/train/727931995.png,train,,0,0.0,,0,0.0,0.37875,1,1.3671973145229601,0.949355697,1,-0.24713653906348598,16.11371346,1,-0.06641292090520645
727964996,render/train/727964996.png,train,,0,0.0,0.39702899,1,1.0070322169198784,,0,0.0,,0,0.0,,0,0.0
728252718,render/train/728252718.png,train,,0,0.0,0.3540751,1,-0.44368244504230697,,0,0.0,,0,0.0,,0,0.0
728371459,render/train/728371459.png,train,,0,0.0,0.37364241,1,0.2171793188668352,,0,0.0,,0,0.0,,0,0.0
728455428,render/train/728455428.png,train,,0,0.0,0.37993611,1,0.4297412746755271,,0,0.0,,0,0.0,,0,0.0
729133742,render/train/729133742.png,train,,0,0.0,0.34116188,1,-0.879810525342911,,0,0.0,,0,0.0,,0,0.0
729574569,render/train/729574569.png,train,,0,0.0,0.33395408,1,-1.1232450813398418,0.0755,1,-2.0196385483872255,1.277149707,1,1.995122898249891,12.6767809,1,-0.8121714300329842
729669366,render/train/729669366.png,train,,0,0.0,0.35569196,1,-0.3890749925312498,,0,0.0,,0,0.0,,0,0.0
730173328,render/train/730173328.png,train,,0,0.0,0.36098706,1,-0.21023952020136222,,0,0.0,,0,0.0,,0,0.0
730265166,render/train/730265166.png,train,,0,0.0,0.42202821,1,1.8513500421882823,,0,0.0,,0,0.0,,0,0.0
730340221,render/train/730340221.png,train,,0,0.0,0.35903581,1,-0.2761405825767078,,0,0.0,,0,0.0,,0,0.0
730399756,render/train/730399756.png,train,,0,0.0,,0,0.0,0.245,1,-0.12658437274575318,0.877762738,1,-0.7368647923739708,11.2218737,1,-1.12786264755029
730567526,render/train/730567526.png,train,12.90627629,1,-0.7511222691209296,,0,0.0,,0,0.0,,0,0.0,,0,0.0
730591910,render/train/730591910.png,train,,0,0.0,0.39620569,1,0.9792262747527427,,0,0.0,,0,0.0,,0,0.0
731184698,render/train/731184698.png,train,,0,0.0,0.33768571,1,-0.9972138801141106,,0,0.0,,0,0.0,,0,0.0
731417662,render/train/731417662.png,train,84.1573412,1,-0.11053818851288746,,0,0.0,,0,0.0,,0,0.0,,0,0.0
731595810,render/train/731595810.png,train,,0,0.0,0.367645,1,0.014624192409171123,,0,0.0,,0,0.0,,0,0.0
732208665,render/train/732208665.png,train,,0,0.0,0.39736804,1,1.01848321253723,,0,0.0,,0,0.0,,0,0.0
732280868,render/train/732280868.png,train,,0,0.0,0.35494944,1,-0.414152689820136,,0,0.0,,0,0.0,,0,0.0
732578696,render/train/732578696.png,train,,0,0.0,0.37223437,1,0.16962450432898465,,0,0.0,,0,0.0,,0,0.0
732613388,render/train/732613388.png,train,,0,0.0,0.33149666,1,-1.2062414112321773,,0,0.0,,0,0.0,,0,0.0
732957114,render/train/732957114.png,train,,0,0.0,0.34135559,1,-0.8732682089853305,,0,0.0,,0,0.0,,0,0.0
733015366,render/train/733015366.png,train,,0,0.0,0.40568051,1,1.2992266354523796,,0,0.0,,0,0.0,,0,0.0
733146174,render/train/733146174.png,train,,0,0.0,0.4074392,1,1.35862422130191,,0,0.0,,0,0.0,,0,0.0
734539627,render/train/734539627.png,train,,0,0.0,0.34534828,1,-0.7384200282112534,,0,0.0,,0,0.0,,0,0.0
734958593,render/train/734958593.png,train,,0,0.0,0.37399571,1,0.22911159066040826,0.2066666666666666,1,-0.5547087192526747,,0,0.0,,0,0.0
735019484,render/train/735019484.png,train,,0,0.0,0.37852395,1,0.3820473122186574,,0,0.0,,0,0.0,,0,0.0
735028416,render/train/735028416.png,train,,0,0.0,0.37483446,1,0.25743933752386533,0.1923333333333333,1,-0.7147899966422189,,0,0.0,,0,0.0
735082604,render/train/735082604.png,train,,0,0.0,0.37910073,1,0.40152734540602525,,0,0.0,,0,0.0,,0,0.0
735143665,render/train/735143665.png,train,,0,0.0,0.35290149,1,-0.48331967544042514,,0,0.0,,0,0.0,,0,0.0
735307697,render/train/735307697.png,train,,0,0.0,0.34406893,1,-0.7816284967057562,,0,0.0,,0,0.0,,0,0.0
735659533,render/train/735659533.png,train,,0,0.0,0.36822065,1,0.03406606124010836,,0,0.0,,0,0.0,,0,0.0
736152348,render/train/736152348.png,train,,0,0.0,0.34468979,1,-0.7606597158799487,,0,0.0,,0,0.0,,0,0.0
736727472,render/train/736727472.png,train,,0,0.0,0.35738719,1,-0.33182068991981645,,0,0.0,,0,0.0,,0,0.0
736792055,render/train/736792055.png,train,,0,0.0,0.36208143,1,-0.17327852308069422,,0,0.0,,0,0.0,,0,0.0
736908890,render/train/736908890.png,train,,0,0.0,0.32639137,1,-1.3786662848948164,,0,0.0,,0,0.0,,0,0.0
737341727,render/train/737341727.png,train,115.6170166,1,0.17230063316355942,,0,0.0,,0,0.0,,0,0.0,,0,0.0
737356509,render/train/737356509.png,train,,0,0.0,0.42520451,1,1.9586256575234808,,0,0.0,,0,0.0,,0,0.0
737362009,render/train/737362009.png,train,,0,0.0,0.28194212,1,-2.8798848867076576,,0,0.0,,0,0.0,,0,0.0
738034100,render/train/738034100.png,train,,0,0.0,0.34083376,1,-0.8908923736896618,,0,0.0,,0,0.0,,0,0.0
738593262,render/train/738593262.png,train,,0,0.0,0.35850742,1,-0.2939863031909335,,0,0.0,,0,0.0,,0,0.0
738625870,render/train/738625870.png,train,,0,0.0,0.36058761,1,-0.2237304513305528,,0,0.0,,0,0.0,,0,0.0
738887961,render/train/738887961.png,train,,0,0.0,0.35376741,1,-0.45407429533430854,,0,0.0,,0,0.0,,0,0.0
739506612,render/train/739506612.png,train,,0,0.0,0.36896466,1,0.05919408144145704,,0,0.0,,0,0.0,,0,0.0
739562740,render/train/739562740.png,train,,0,0.0,0.4105138,1,1.4624650445584044,,0,0.0,,0,0.0,,0,0.0
739643942,render/train/739643942.png,train,,0,0.0,0.37775099,1,0.35594154146983176,,0,0.0,,0,0.0,,0,0.0
739659224,render/train/739659224.png,train,,0,0.0,0.35037365,1,-0.5686943539874553,,0,0.0,,0,0.0,,0,0.0
739937375,render/train/739937375.png,train,,0,0.0,0.35125653,1,-0.5388761707972199,,0,0.0,,0,0.0,,0,0.0
740224734,render/train/740224734.png,train,,0,0.0,0.39437895,1,0.9175303840757216,,0,0.0,,0,0.0,,0,0.0
741750852,render/train/741750852.png,train,,0,0.0,0.37717295,1,0.336418953336356,,0,0.0,,0,0.0,,0,0.0
742319182,render/train/742319182.png,train,,0,0.0,0.3784415,1,0.3792626651499333,,0,0.0,,0,0.0,,0,0.0
742571113,render/train/742571113.png,train,-121.5212841,1,-1.959695857313356,,0,0.0,,0,0.0,,0,0.0,,0,0.0
742772976,render/train/742772976.png,train,,0,0.0,0.42518997,1,1.9581345869549027,,0,0.0,,0,0.0,,0,0.0
743402006,render/train/743402006.png,train,,0,0.0,0.33840091,1,-0.9730588821328942,,0,0.0,,0,0.0,,0,0.0
744301389,render/train/744301389.png,train,,0,0.0,0.34889157,1,-0.6187497782156429,,0,0.0,,0,0.0,,0,0.0
744751157,render/train/744751157.png,train,,0,0.0,0.34387073,1,-0.7883224572760532,,0,0.0,,0,0.0,,0,0.0
745130197,render/train/745130197.png,train,,0,0.0,,0,0.0,0.237,1,-0.21593206245154548,1.084856799,1,0.6797523468129292,17.5417392,1,0.24344545666461445
745501666,render/train/745501666.png,train,,0,0.0,0.35115071,1,-0.5424501107949452,,0,0.0,,0,0.0,,0,0.0
745635632,render/train/745635632.png,train,,0,0.0,0.35275725,1,-0.4881912035567697,,0,0.0,,0,0.0,,0,0.0
745676028,render/train/745676028.png,train,,0,0.0,0.36499914,1,-0.07473646608996046,,0,0.0,,0,0.0,,0,0.0
745925185,render/train/745925185.png,train,,0,0.0,0.39958205,1,1.0932586698644002,,0,0.0,,0,0.0,,0,0.0
746006701,render/train/746006701.png,train,,0,0.0,0.3589437,1,-0.27925148423225954,,0,0.0,,0,0.0,,0,0.0
746033942,render/train/746033942.png,train,,0,0.0,0.36211978,1,-0.1719832991257444,,0,0.0,,0,0.0,,0,0.0
746099992,render/train/746099992.png,train,,0,0.0,0.40015499,1,1.1126090117874383,,0,0.0,,0,0.0,,0,0.0
746373374,render/train/746373374.png,train,,0,0.0,0.34895438,1,-0.6166284479259327,,0,0.0,,0,0.0,,0,0.0
746810021,render/train/746810021.png,train,,0,0.0,0.35629781,1,-0.36861315594439314,,0,0.0,,0,0.0,,0,0.0
746817611,render/train/746817611.png,train,134.2908917,1,0.3401884693303987,,0,0.0,,0,0.0,,0,0.0,,0,0.0
746903081,render/train/746903081.png,train,,0,0.0,0.33443961,1,-1.106846904368617,,0,0.0,,0,0.0,,0,0.0
747034836,render/train/747034836.png,train,,0,0.0,0.39302909,1,0.8719405272875181,,0,0.0,,0,0.0,,0,0.0
747510254,render/train/747510254.png,train,,0,0.0,0.33361002,1,-1.1348652835286233,,0,0.0,,0,0.0,,0,0.0
747579493,render/train/747579493.png,train,,0,0.0,0.43809694,1,2.3940515812133056,,0,0.0,,0,0.0,,0,0.0
748222139,render/train/748222139.png,train,,0,0.0,0.34859909,1,-0.6286279295153431,,0,0.0,,0,0.0,,0,0.0
748600767,render/train/748600767.png,train,,0,0.0,,0,0.0,0.2603333333333333,1,0.044665365857014944,,0,0.0,,0,0.0
748602077,render/train/748602077.png,train,,0,0.0,0.37747009,1,0.3464544903891213,,0,0.0,,0,0.0,,0,0.0
748679100,render/train/748679100.png,train,,0,0.0,0.37301692,1,0.19605416550096458,,0,0.0,,0,0.0,,0,0.0
749003022,render/train/749003022.png,train,13.2621556,1,-0.7479227292839918,,0,0.0,,0,0.0,,0,0.0,,0,0.0
749288648,render/train/749288648.png,train,,0,0.0,0.41180869,1,1.5061983573882367,,0,0.0,,0,0.0,,0,0.0
749314033,render/train/749314033.png,train,,0,0.0,0.33769731,1,-0.9968221044197845,,0,0.0,,0,0.0,,0,0.0
749316999,render/train/749316999.png,train,,0,0.0,0.36834025,1,0.03810540374367843,,0,0.0,,0,0.0,,0,0.0
749375446,render/train/749375446.png,train,,0,0.0,0.35504782,1,-0.41083002664704843,,0,0.0,,0,0.0,,0,0.0
749548087,render/train/749548087.png,train,,0,0.0,0.36969182,1,0.08375301367302973,,0,0.0,,0,0.0,,0,0.0
749662533,render/train/749662533.png,train,,0,0.0,0.35473258,1,-0.4214768688780303,,0,0.0,,0,0.0,,0,0.0
749826349,render/train/749826349.png,train,,0,0.0,0.35066768,1,-0.5587638533492886,0.269,1,0.14145869637162367,1.201196246,1,1.4755668370397936,19.2258376,1,0.6088674398089321
750049504,render/train/750049504.png,train,,0,0.0,0.51197804,1,4.889294620013618,,0,0.0,,0,0.0,,0,0.0
750380744,render/train/750380744.png,train,,0,0.0,0.38046147,1,0.44748466077649485,,0,0.0,,0,0.0,,0,0.0
750442059,render/train/750442059.png,train,,0,0.0,0.34759943,1,-0.6623902131869066,,0,0.0,,0,0.0,,0,0.0
750805819,render/train/750805819.png,train,,0,0.0,0.35420645,1,-0.4392462607793967,,0,0.0,,0,0.0,,0,0.0
750893336,render/train/750893336.png,train,,0,0.0,0.35432247,1,-0.43532782836079986,,0,0.0,,0,0.0,,0,0.0
751017152,render/train/751017152.png,train,,0,0.0,0.36216317,1,-0.1705178553863647,,0,0.0,,0,0.0,,0,0.0
751223406,render/train/751223406.png,train,,0,0.0,0.38227472,1,0.5087249433400278,,0,0.0,,0,0.0,,0,0.0
751286665,render/train/751286665.png,train,,0,0.0,0.37356757,1,0.21465169016309732,,0,0.0,,0,0.0,,0,0.0
751321800,render/train/751321800.png,train,,0,0.0,0.38190674,1,0.4962968726505319,,0,0.0,,0,0.0,,0,0.0
751554332,render/train/751554332.png,train,,0,0.0,0.34156849,1,-0.8660777740437741,,0,0.0,,0,0.0,,0,0.0
751973346,render/train/751973346.png,train,,0,0.0,0.35960485,1,-0.2569219583440036,,0,0.0,,0,0.0,,0,0.0
752114706,render/train/752114706.png,train,,0,0.0,0.35376689,1,-0.4540918576930198,,0,0.0,,0,0.0,,0,0.0
752379788,render/train/752379788.png,train,103.156476,1,0.0602739012934802,,0,0.0,,0,0.0,,0,0.0,,0,0.0
753005996,render/train/753005996.png,train,,0,0.0,0.39858721,1,1.0596591757485831,,0,0.0,,0,0.0,,0,0.0
753199362,render/train/753199362.png,train,,0,0.0,0.33541643,1,-1.073856013529676,,0,0.0,,0,0.0,,0,0.0
753570442,render/train/753570442.png,train,,0,0.0,0.38284106,1,0.527852378402502,,0,0.0,,0,0.0,,0,0.0
754272312,render/train/754272312.png,train,105.6965321,1,0.0831103249113816,,0,0.0,,0,0.0,,0,0.0,,0,0.0
754288361,render/train/754288361.png,train,,0,0.0,0.36805136,1,0.02834850026661884,,0,0.0,,0,0.0,,0,0.0
754541700,render/train/754541700.png,train,-64.12566312,1,-1.4436794140104743,,0,0.0,,0,0.0,,0,0.0,,0,0.0
754551833,render/train/754551833.png,train,,0,0.0,0.34179915,1,-0.8582875170046982,,0,0.0,,0,0.0,,0,0.0
754749806,render/train/754749806.png,train,,0,0.0,0.32464851,1,-1.4375292320166586,,0,0.0,,0,0.0,,0,0.0
755483998,render/train/755483998.png,train,,0,0.0,0.38252829,1,0.5172889573753974,0.2115,1,-0.5007278233887581,0.901190148,1,-0.5766107012015615,13.30665929,1,-0.6754980560700674
756378273,render/train/756378273.png,train,,0,0.0,0.4395737,1,2.4439273290023724,,0,0.0,,0,0.0,,0,0.0
756437706,render/train/756437706.png,train,,0,0.0,0.37498701,1,0.2625915256419234,,0,0.0,,0,0.0,,0,0.0
756521912,render/train/756521912.png,train,,0,0.0,0.33531412,1,-1.0773114076060994,,0,0.0,,0,0.0,,0,0.0
756721321,render/train/756721321.png,train,,0,0.0,0.31625475,1,-1.7210181244310998,,0,0.0,,0,0.0,,0,0.0
756782287,render/train/756782287.png,train,,0,0.0,0.35872806,1,-0.2865344592947153,,0,0.0,,0,0.0,,0,0.0
757100562,render/train/757100562.png,train,,0,0.0,0.39245647,1,0.8526009929698389,,0,0.0,,0,0.0,,0,0.0
757588646,render/train/757588646.png,train,,0,0.0,0.38134489,1,0.47732108180077426,,0,0.0,,0,0.0,,0,0.0
757729082,render/train/757729082.png,train,,0,0.0,0.37719758,1,0.3372508012114631,,0,0.0,,0,0.0,,0,0.0
758693518,render/train/758693518.png,train,,0,0.0,0.36259247,1,-0.15601877731961925,,0,0.0,,0,0.0,,0,0.0
758756190,render/train/758756190.png,train,,0,0.0,0.35844504,1,-0.29609311076094036,,0,0.0,,0,0.0,,0,0.0
759011226,render/train/759011226.png,train,,0,0.0,0.38076076,1,0.45759281142777675,,0,0.0,,0,0.0,,0,0.0
759255806,render/train/759255806.png,train,,0,0.0,0.34955949,1,-0.5961916039264746,,0,0.0,,0,0.0,,0,0.0
759347222,render/train/759347222.png,train,,0,0.0,0.3861986,1,0.6412491512238809,,0,0.0,,0,0.0,,0,0.0
759929518,render/train/759929518.png,train,,0,0.0,0.34678668,1,-0.6898398421148041,,0,0.0,,0,0.0,,0,0.0
760236787,render/train/760236787.png,train,,0,0.0,0.36751197,1,0.010131268218118857,,0,0.0,,0,0.0,,0,0.0
760704855,render/train/760704855.png,train,,0,0.0,0.35986074,1,-0.24827958916976686,,0,0.0,,0,0.0,,0,0.0
760704971,render/train/760704971.png,train,,0,0.0,0.42057371,1,1.802226098447121,,0,0.0,,0,0.0,,0,0.0
760753809,render/train/760753809.png,train,,0,0.0,0.39678497,1,0.9987907423569917,,0,0.0,,0,0.0,,0,0.0
761202167,render/train/761202167.png,train,,0,0.0,0.43120083,1,2.1611439705753854,,0,0.0,,0,0.0,,0,0.0
761297738,render/train/761297738.png,train,,0,0.0,0.34837056,1,-0.636346248431237,,0,0.0,,0,0.0,,0,0.0
761520590,render/train/761520590.png,train,,0,0.0,0.36322501,1,-0.13465551889814492,,0,0.0,,0,0.0,,0,0.0
761786133,render/train/761786133.png,train,,0,0.0,0.3714925,1,0.14456875998848714,,0,0.0,,0,0.0,,0,0.0
761886758,render/train/761886758.png,train,,0,0.0,0.37208958,1,0.16473440064092493,,0,0.0,,0,0.0,,0,0.0
762219171,render/train/762219171.png,train,,0,0.0,0.37303121,1,0.1965367926278553,,0,0.0,,0,0.0,,0,0.0
762368408,render/train/762368408.png,train,,0,0.0,0.34139674,1,-0.8718784184834754,,0,0.0,,0,0.0,,0,0.0
762944097,render/train/762944097.png,train,250.477212,1,1.3847638348020415,,0,0.0,,0,0.0,,0,0.0,,0,0.0
763114241,render/train/763114241.png,train,,0,0.0,0.35665576,1,-0.3565238361354222,,0,0.0,,0,0.0,,0,0.0
763411577,render/train/763411577.png,train,,0,0.0,0.35470749,1,-0.42232425268584467,,0,0.0,,0,0.0,,0,0.0
763411836,render/train/763411836.png,train,,0,0.0,0.37265586,1,0.18385980927739506,,0,0.0,,0,0.0,,0,0.0
763726764,render/train/763726764.png,train,,0,0.0,0.33146348,1,-1.2073620248130181,,0,0.0,,0,0.0,,0,0.0
763991123,render/train/763991123.png,train,,0,0.0,0.35269546,1,-0.490278084604392,,0,0.0,,0,0.0,,0,0.0
764245724,render/train/764245724.png,train,,0,0.0,0.37367873,1,0.21840598207527837,,0,0.0,,0,0.0,,0,0.0
764326592,render/train/764326592.png,train,,0,0.0,0.379025,1,0.3989696580498768,,0,0.0,,0,0.0,,0,0.0
764363021,render/train/764363021.png,train,,0,0.0,0.40024416,1,1.115620618568738,,0,0.0,,0,0.0,,0,0.0
764478101,render/train/764478101.png,train,,0,0.0,0.35845216,1,-0.2958526415416634,,0,0.0,,0,0.0,,0,0.0
764504672,render/train/764504672.png,train,,0,0.0,0.36896475,1,0.059197121080465015,,0,0.0,,0,0.0,,0,0.0
764566036,render/train/764566036.png,train,,0,0.0,0.34410013,1,-0.7805747551830854,,0,0.0,,0,0.0,,0,0.0
764633726,render/train/764633726.png,train,,0,0.0,0.3380047,1,-0.986440386257807,,0,0.0,,0,0.0,,0,0.0
765055507,render/train/765055507.png,train,,0,0.0,0.37834566,1,0.37602578734439635,,0,0.0,,0,0.0,,0,0.0
765135916,render/train/765135916.png,train,,0,0.0,0.36758067,1,0.012451525993998267,,0,0.0,,0,0.0,,0,0.0
765310183,render/train/765310183.png,train,,0,0.0,0.3634881,1,-0.1257699786032943,,0,0.0,,0,0.0,,0,0.0
765454454,render/train/765454454.png,train,,0,0.0,0.37819273,1,0.3708607651949735,,0,0.0,,0,0.0,,0,0.0
765521185,render/train/765521185.png,train,,0,0.0,0.38269266,1,0.522840351416467,0.37175,1,1.2890180860303924,0.887262341,1,-0.671883206903631,24.48690078,1,1.7504326480432908
765731942,render/train/765731942.png,train,143.8466204,1,0.4260994334901817,,0,0.0,,0,0.0,,0,0.0,,0,0.0
765785607,render/train/765785607.png,train,,0,0.0,0.36120932,1,-0.20273296280300604,,0,0.0,,0,0.0,,0,0.0
765893959,render/train/765893959.png,train,,0,0.0,0.37704106,1,0.3319645312393998,,0,0.0,,0,0.0,,0,0.0
765976138,render/train/765976138.png,train,,0,0.0,0.37462428,1,0.25034076722787546,,0,0.0,,0,0.0,,0,0.0
766108648,render/train/766108648.png,train,,0,0.0,0.35956065,1,-0.25841475883445325,,0,0.0,,0,0.0,,0,0.0
766443404,render/train/766443404.png,train,,0,0.0,0.33383626,1,-1.1272243065385927,,0,0.0,,0,0.0,,0,0.0
766636095,render/train/766636095.png,train,,0,0.0,0.36679836,1,-0.013970029473961629,,0,0.0,,0,0.0,,0,0.0
766749407,render/train/766749407.png,train,,0,0.0,0.35850149,1,-0.29418658162777583,,0,0.0,,0,0.0,,0,0.0
767346074,render/train/767346074.png,train,,0,0.0,0.36151008,1,-0.1925751647145963,,0,0.0,,0,0.0,,0,0.0
768384141,render/train/768384141.png,train,,0,0.0,0.3656047,1,-0.054284423895462425,,0,0.0,,0,0.0,,0,0.0
768467775,render/train/768467775.png,train,-19.11943844,1,-1.0390500783690577,,0,0.0,,0,0.0,,0,0.0,,0,0.0
769383218,render/train/769383218.png,train,,0,0.0,0.3620127,1,-0.17559979406957565,,0,0.0,,0,0.0,,0,0.0
769839159,render/train/769839159.png,train,,0,0.0,0.3367055,1,-1.0303192640223418,,0,0.0,,0,0.0,,0,0.0
770392100,render/train/770392100.png,train,,0,0.0,0.31901326,1,-1.6278528511073247,,0,0.0,,0,0.0,,0,0.0
770474874,render/train/770474874.png,train,,0,0.0,,0,0.0,0.285,1,0.32015407578320765,0.955888415,1,-0.20244979025191692,19.41025454,1,0.6488829186789359
770593247,render/train/770593247.png,train,,0,0.0,0.39815997,1,1.0452296716413463,,0,0.0,,0,0.0,,0,0.0
771410628,render/train/771410628.png,train,,0,0.0,0.3600163,1,-0.24302574201378552,,0,0.0,,0,0.0,,0,0.0
771609530,render/train/771609530.png,train,,0,0.0,0.40375659,1,1.2342486101223749,0.241,1,-0.17125821759864934,,0,0.0,,0,0.0
771639833,render/train/771639833.png,train,,0,0.0,0.34065553,1,-0.8969118721379169,,0,0.0,,0,0.0,,0,0.0
771772442,render/train/771772442.png,train,,0,0.0,0.40228306,1,1.184481951599919,,0,0.0,,0,0.0,,0,0.0
772440851,render/train/772440851.png,train,,0,0.0,0.36666659,1,-0.01842039871890595,,0,0.0,,0,0.0,,0,0.0
772566639,render/train/772566639.png,train,,0,0.0,0.35617191,1,-0.37286527317850293,,0,0.0,,0,0.0,,0,0.0
772591088,render/train/772591088.png,train,,0,0.0,0.33664324,1,-1.0324220187403366,,0,0.0,,0,0.0,,0,0.0
773428035,render/train/773428035.png,train,,0,0.0,0.373350915,1,0.20733443472738633,,0,0.0,,0,0.0,,0,0.0
773706830,render/train/773706830.png,train,,0,0.0,0.34219547,1,-0.8449022977654428,,0,0.0,,0,0.0,,0,0.0
774116157,render/train/774116157.png,train,,0,0.0,0.41425239,1,1.5887313112007333,0.236,1,-0.22710052366476952,1.064142833,1,0.5380594411137422,29.39678289,1,2.81579727141744
774594190,render/train/774594190.png,train,,0,0.0,0.34901501,1,-0.6145807444477431,,0,0.0,,0,0.0,,0,0.0
775478514,render/train/775478514.png,train,,0,0.0,0.37412723,1,0.2335535164636652,,0,0.0,,0,0.0,,0,0.0
776515253,render/train/776515253.png,train,14.34014558,1,-0.7382310394669311,,0,0.0,,0,0.0,,0,0.0,,0,0.0
777120719,render/train/777120719.png,train,,0,0.0,0.39644075,1,0.987165136365529,,0,0.0,,0,0.0,,0,0.0
777245562,render/train/777245562.png,train,,0,0.0,0.33634853,1,-1.042375485539896,,0,0.0,,0,0.0,,0,0.0
777333329,render/train/777333329.png,train,,0,0.0,0.39069947,1,0.7932604847861199,,0,0.0,,0,0.0,,0,0.0
777956854,render/train/777956854.png,train,,0,0.0,0.359745555,1,-0.2521698204931264,,0,0.0,,0,0.0,,0,0.0
778024152,render/train/778024152.png,train,163.1829015,1,0.5999426436438553,,0,0.0,,0,0.0,,0,0.0,,0,0.0
778266959,render/train/778266959.png,train,,0,0.0,0.39130508,1,0.8137142156689565,,0,0.0,,0,0.0,,0,0.0
778508668,render/train/778508668.png,train,,0,0.0,0.33853108,1,-0.9686625509147532,,0,0.0,,0,0.0,,0,0.0
779018837,render/train/779018837.png,train,65.78481038,1,-0.2757167830874204,,0,0.0,,0,0.0,,0,0.0,,0,0.0
779245999,render/train/779245999.png,train,,0,0.0,0.38776723,1,0.6942276949644772,,0,0.0,,0,0.0,,0,0.0
779535649,render/train/779535649.png,train,,0,0.0,,0,0.0,0.3515,1,1.0628567464626053,0.963570323,1,-0.1499020615439605,20.56020443,1,0.8984033560360342
779877733,render/train/779877733.png,train,,0,0.0,0.36477665,1,-0.0822507914546712,,0,0.0,,0,0.0,,0,0.0
780149366,render/train/780149366.png,train,,0,0.0,0.3546781,1,-0.4233168636906942,,0,0.0,,0,0.0,,0,0.0
780388384,render/train/780388384.png,train,,0,0.0,0.48674163,1,4.036965995009243,,0,0.0,,0,0.0,,0,0.0
780433305,render/train/780433305.png,train,,0,0.0,0.36823106,1,0.034417646151999916,,0,0.0,,0,0.0,,0,0.0
780752652,render/train/780752652.png,train,,0,0.0,0.40071937,1,1.131670250267079,,0,0.0,,0,0.0,,0,0.0
781281190,render/train/781281190.png,train,,0,0.0,0.34777733,1,-0.6563818600816794,,0,0.0,,0,0.0,,0,0.0
781306630,render/train/781306630.png,train,,0,0.0,0.3954689,1,0.9543421011473464,,0,0.0,,0,0.0,,0,0.0
781325985,render/train/781325985.png,train,,0,0.0,0.36239471,1,-0.16269787743254566,,0,0.0,,0,0.0,,0,0.0
781403971,render/train/781403971.png,train,,0,0.0,0.38340984,1,0.5470622214558515,,0,0.0,,0,0.0,,0,0.0
781605401,render/train/781605401.png,train,,0,0.0,0.35926129,1,-0.2685252736494085,0.296,1,0.443007149128672,0.953522466,1,-0.21863395259659218,19.36818383,1,0.6397542583343326
782092877,render/train/782092877.png,train,,0,0.0,0.31626297,1,-1.720740504068396,,0,0.0,,0,0.0,,0,0.0
782678603,render/train/782678603.png,train,,0,0.0,0.38129764,1,0.4757252713217301,0.318,1,0.6887132958196008,0.918493366,1,-0.45824885604035587,19.41376744,1,0.649645160887935
783040210,render/train/783040210.png,train,,0,0.0,0.37602514,1,0.2976530861204449,,0,0.0,,0,0.0,,0,0.0
783055378,render/train/783055378.png,train,,0,0.0,0.35166575,1,-0.525055269966861,,0,0.0,,0,0.0,,0,0.0
783150586,render/train/783150586.png,train,243.9892983,1,1.3264341208836812,,0,0.0,,0,0.0,,0,0.0,,0,0.0
783176072,render/train/783176072.png,train,,0,0.0,0.35879978,1,-0.2841122047432434,,0,0.0,,0,0.0,,0,0.0
783233627,render/train/783233627.png,train,,0,0.0,0.36080704,1,-0.21631947369210397,,0,0.0,,0,0.0,,0,0.0
783252697,render/train/783252697.png,train,,0,0.0,0.35707291,1,-0.3424351093347163,,0,0.0,,0,0.0,,0,0.0
783421229,render/train/783421229.png,train,,0,0.0,0.38638827,1,0.647655021563781,,0,0.0,,0,0.0,,0,0.0
783528107,render/train/783528107.png,train,,0,0.0,0.36444159,1,-0.09356702974268298,,0,0.0,,0,0.0,,0,0.0
783741919,render/train/783741919.png,train,,0,0.0,0.37495313,1,0.26144727042435734,,0,0.0,,0,0.0,,0,0.0
783812275,render/train/783812275.png,train,,0,0.0,0.37999271,1,0.43165286987370555,,0,0.0,0.903468969,1,-0.5610225338241349,19.86080991,1,0.7466461116264037
784293016,render/train/784293016.png,train,,0,0.0,0.3903293,1,0.7807584495474361,,0,0.0,,0,0.0,,0,0.0
784363756,render/train/784363756.png,train,,0,0.0,0.38790383,1,0.6988411915028353,,0,0.0,,0,0.0,,0,0.0
784935951,render/train/784935951.png,train,,0,0.0,0.33091429,1,-1.2259102397756902,,0,0.0,,0,0.0,,0,0.0
785079844,render/train/785079844.png,train,,0,0.0,0.35773858,1,-0.3199529260207418,,0,0.0,,0,0.0,,0,0.0
785209471,render/train/785209471.png,train,,0,0.0,0.32784472,1,-1.329581180985422,,0,0.0,,0,0.0,,0,0.0
785463469,render/train/785463469.png,train,,0,0.0,0.37040662,1,0.10789450214754487,,0,0.0,,0,0.0,,0,0.0
785739315,render/train/785739315.png,train,,0,0.0,0.36823735,1,0.0346300831448723,0.1619999999999999,1,-1.0535666534433485,0.904274504,1,-0.5555123097177326,10.65097658,1,-1.2517380444758968
786535870,render/train/786535870.png,train,,0,0.0,0.3924613,1,0.8527641202632527,,0,0.0,,0,0.0,,0,0.0
786832504,render/train/786832504.png,train,,0,0.0,0.37773112,1,0.3552704567244633,,0,0.0,,0,0.0,,0,0.0
787172285,render/train/787172285.png,train,,0,0.0,0.37667413,1,0.3195719230049939,,0,0.0,,0,0.0,,0,0.0
787518160,render/train/787518160.png,train,25.37727633,1,-0.6390015014527252,,0,0.0,,0,0.0,,0,0.0,,0,0.0
787533936,render/train/787533936.png,train,,0,0.0,0.39072114,1,0.7939923623116423,,0,0.0,,0,0.0,,0,0.0
788080561,render/train/788080561.png,train,,0,0.0,0.36021287,1,-0.23638683268329377,,0,0.0,,0,0.0,,0,0.0
788688131,render/train/788688131.png,train,,0,0.0,0.37287134,1,0.19113738053717147,,0,0.0,,0,0.0,,0,0.0
789071222,render/train/789071222.png,train,,0,0.0,0.35753244,1,-0.3269150502990513,0.1636666666666666,1,-1.034952551421308,,0,0.0,,0,0.0
789164013,render/train/789164013.png,train,,0,0.0,0.3638222,1,-0.11448616313136449,,0,0.0,,0,0.0,,0,0.0
789200912,render/train/789200912.png,train,,0,0.0,0.39048668,1,0.786073764958906,,0,0.0,,0,0.0,,0,0.0
789216614,render/train/789216614.png,train,,0,0.0,0.3304575349999999,1,-1.2413365766086213,,0,0.0,,0,0.0,,0,0.0
789218686,render/train/789218686.png,train,,0,0.0,0.3551036,1,-0.40894612593760726,,0,0.0,,0,0.0,,0,0.0
789469220,render/train/789469220.png,train,,0,0.0,0.34725441,1,-0.67404283819177,,0,0.0,,0,0.0,,0,0.0
790220540,render/train/790220540.png,train,,0,0.0,0.36562978,1,-0.053437377825315414,,0,0.0,,0,0.0,,0,0.0
790422297,render/train/790422297.png,train,,0,0.0,0.34903264,1,-0.6139853129399011,,0,0.0,,0,0.0,,0,0.0
790707240,render/train/790707240.png,train,245.2414672,1,1.3376917696582735,,0,0.0,,0,0.0,,0,0.0,,0,0.0
790828475,render/train/790828475.png,train,,0,0.0,0.3504904,1,-0.5647512667191291,,0,0.0,,0,0.0,,0,0.0
791518570,render/train/791518570.png,train,,0,0.0,0.35993207,1,-0.2458705063873289,,0,0.0,,0,0.0,,0,0.0
791544306,render/train/791544306.png,train,61.07976291,1,-0.3180176035957765,,0,0.0,,0,0.0,,0,0.0,,0,0.0
791643770,render/train/791643770.png,train,,0,0.0,0.34555816,1,-0.7313315900452895,,0,0.0,,0,0.0,,0,0.0
791644318,render/train/791644318.png,train,,0,0.0,0.35374697,1,-0.45476463112672505,,0,0.0,,0,0.0,,0,0.0
791901717,render/train/791901717.png,train,,0,0.0,0.31905896,1,-1.6263093899667471,,0,0.0,,0,0.0,,0,0.0
792165329,render/train/792165329.png,train,,0,0.0,0.37558772,1,0.282879765067673,0.1929999999999999,1,-0.7073443558334037,,0,0.0,,0,0.0
792850218,render/train/792850218.png,train,-14.41108992,1,-0.9967195797066701,,0,0.0,,0,0.0,,0,0.0,,0,0.0
793023871,render/train/793023871.png,train,,0,0.0,0.40399034,1,1.2421432281007148,0.1995,1,-0.6347493579474462,1.115067014,1,0.8864038951039317,15.89865681,1,-0.11307671889431038
793067604,render/train/793067604.png,train,,0,0.0,0.35920375,1,-0.27046861618833423,,0,0.0,,0,0.0,,0,0.0
793720253,render/train/793720253.png,train,,0,0.0,0.34654,1,-0.6981711548972512,,0,0.0,,0,0.0,,0,0.0
793830629,render/train/793830629.png,train,,0,0.0,0.35263439,1,-0.4923406485399523,,0,0.0,,0,0.0,,0,0.0
794214898,render/train/794214898.png,train,,0,0.0,0.35062376,1,-0.560247197185047,,0,0.0,,0,0.0,,0,0.0
794405907,render/train/794405907.png,train,,0,0.0,0.35661176,1,-0.35800988187252125,,0,0.0,,0,0.0,,0,0.0
794427257,render/train/794427257.png,train,,0,0.0,0.34535374,1,-0.7382356234447857,,0,0.0,,0,0.0,,0,0.0
794510468,render/train/794510468.png,train,,0,0.0,0.36512516,1,-0.07048029600384065,,0,0.0,,0,0.0,,0,0.0
794641374,render/train/794641374.png,train,,0,0.0,0.35417449,1,-0.44032567036479886,,0,0.0,,0,0.0,,0,0.0
794995355,render/train/794995355.png,train,,0,0.0,0.36068208,1,-0.22053984358546647,,0,0.0,,0,0.0,,0,0.0
795727494,render/train/795727494.png,train,,0,0.0,0.37316682,1,0.2011168531371294,,0,0.0,,0,0.0,,0,0.0
795837749,render/train/795837749.png,train,,0,0.0,0.37779724,1,0.35750357818212275,,0,0.0,,0,0.0,,0,0.0
796117252,render/train/796117252.png,train,,0,0.0,0.35830263,1,-0.30090283288412895,,0,0.0,,0,0.0,,0,0.0
796744400,render/train/796744400.png,train,,0,0.0,0.35370683,1,-0.4561203101241596,,0,0.0,,0,0.0,,0,0.0
796832411,render/train/796832411.png,train,,0,0.0,0.4068871,1,1.339977724677988,,0,0.0,,0,0.0,,0,0.0
796983808,render/train/796983808.png,train,,0,0.0,0.37604528,1,0.29833328978283546,,0,0.0,,0,0.0,,0,0.0
797241563,render/train/797241563.png,train,,0,0.0,0.33275554,1,-1.1637242917430932,,0,0.0,,0,0.0,,0,0.0
797481672,render/train/797481672.png,train,,0,0.0,0.39441657,1,0.9188009531809421,,0,0.0,,0,0.0,,0,0.0
798215988,render/train/798215988.png,train,,0,0.0,0.35874825,1,-0.28585256694398803,,0,0.0,,0,0.0,,0,0.0
798268482,render/train/798268482.png,train,,0,0.0,0.38611474,1,0.6384168831440368,,0,0.0,,0,0.0,,0,0.0
798438482,render/train/798438482.png,train,,0,0.0,0.35770119,1,-0.3212157271596078,,0,0.0,,0,0.0,,0,0.0
798454930,render/train/798454930.png,train,,0,0.0,0.34699309,1,-0.6828685989194706,,0,0.0,,0,0.0,,0,0.0
798498386,render/train/798498386.png,train,,0,0.0,0.35922882,1,-0.26962190785585455,,0,0.0,,0,0.0,,0,0.0
798869032,render/train/798869032.png,train,,0,0.0,0.34941941,1,-0.6009226331731305,,0,0.0,,0,0.0,,0,0.0
799217349,render/train/799217349.png,train,-86.88823628,1,-1.648326769364253,,0,0.0,,0,0.0,,0,0.0,,0,0.0
799283066,render/train/799283066.png,train,,0,0.0,0.35266121,1,-0.4914348361156573,,0,0.0,,0,0.0,,0,0.0
799636548,render/train/799636548.png,train,,0,0.0,0.35467591,1,-0.42339082823988206,,0,0.0,,0,0.0,,0,0.0
799690401,render/train/799690401.png,train,,0,0.0,0.358207955,1,-0.3041003642513987,,0,0.0,,0,0.0,,0,0.0
800089698,render/train/800089698.png,train,,0,0.0,0.33581592,1,-1.0603637314498162,,0,0.0,,0,0.0,,0,0.0
800130991,render/train/800130991.png,train,,0,0.0,0.36023204,1,-0.2357393895746544,,0,0.0,,0,0.0,,0,0.0
800215811,render/train/800215811.png,train,,0,0.0,0.33150539,1,-1.2059465662484297,,0,0.0,,0,0.0,,0,0.0
800676373,render/train/800676373.png,train,,0,0.0,0.35323912,1,-0.4719166385718589,,0,0.0,,0,0.0,,0,0.0
800838483,render/train/800838483.png,train,,0,0.0,0.34411231,1,-0.7801633907040438,,0,0.0,,0,0.0,,0,0.0
800998431,render/train/800998431.png,train,,0,0.0,0.33977149,1,-0.926769232897583,,0,0.0,,0,0.0,,0,0.0
801063364,render/train/801063364.png,train,,0,0.0,0.34641138,1,-0.7025151367769276,,0,0.0,,0,0.0,,0,0.0
801330021,render/train/801330021.png,train,,0,0.0,,0,0.0,0.184,1,-0.8078605067524187,1.049795923,1,0.43992008114256503,13.34805903,1,-0.6665149853109842
801675840,render/train/801675840.png,train,,0,0.0,0.3830772,1,0.5358277156833803,,0,0.0,,0,0.0,,0,0.0
801689933,render/train/801689933.png,train,,0,0.0,0.36054003,1,-0.22533740715262499,,0,0.0,,0,0.0,,0,0.0
801852409,render/train/801852409.png,train,,0,0.0,0.39358562,1,0.8907366416981528,,0,0.0,,0,0.0,,0,0.0
802299717,render/train/802299717.png,train,,0,0.0,0.36924917,1,0.06880305582014273,,0,0.0,,0,0.0,,0,0.0
802360891,render/train/802360891.png,train,,0,0.0,,0,0.0,0.3575,1,1.1298675137419496,0.930685649,1,-0.3748481202577057,20.81346955,1,0.9533577710581518
802506538,render/train/802506538.png,train,,0,0.0,0.420485,1,1.7992300275985282,,0,0.0,,0,0.0,,0,0.0
802993859,render/train/802993859.png,train,,0,0.0,0.37769725,1,0.35412653924456455,,0,0.0,,0,0.0,,0,0.0
803106454,render/train/803106454.png,train,,0,0.0,0.34666826,1,-0.6938393315736069,0.172,1,-0.9418820413111072,1.030703138,1,0.3093167874739428,11.83904224,1,-0.9939471044792421
803775586,render/train/803775586.png,train,,0,0.0,0.39863974,1,1.061433311716079,0.1996666666666666,1,-0.632887947745243,,0,0.0,,0,0.0
804037111,render/train/804037111.png,train,,0,0.0,0.36475946,1,-0.08283136250514253,0.119,1,-1.5338104856119805,1.323601324,1,2.3128729895243367,15.04038649,1,-0.29930742988382764
804149832,render/train/804149832.png,train,,0,0.0,0.40617944,1,1.3160773808980846,,0,0.0,,0,0.0,,0,0.0
804322446,render/train/804322446.png,train,,0,0.0,0.37372874,1,0.2200950081505585,,0,0.0,,0,0.0,,0,0.0
805227128,render/train/805227128.png,train,,0,0.0,0.35687756,1,-0.34903281466977143,,0,0.0,,0,0.0,,0,0.0
806311584,render/train/806311584.png,train,,0,0.0,0.34026095,1,-0.9102383250230224,,0,0.0,,0,0.0,,0,0.0
806397458,render/train/806397458.png,train,,0,0.0,0.3656755,1,-0.051893241209403106,,0,0.0,,0,0.0,,0,0.0
806790733,render/train/806790733.png,train,,0,0.0,0.37007109,1,0.0965623901891585,,0,0.0,,0,0.0,,0,0.0
806978622,render/train/806978622.png,train,,0,0.0,0.77406593,1,13.74098988546529,0.1585,1,-1.0926562676896314,1.305301671,1,2.1876950778266524,17.27231362,1,0.18498448445930388
807387712,render/train/807387712.png,train,,0,0.0,0.38183506,1,0.4938759690497294,,0,0.0,,0,0.0,,0,0.0
807551839,render/train/807551839.png,train,,0,0.0,,0,0.0,0.212,1,-0.4951435927821461,0.984517634,1,-0.006612970397699535,14.07025714,1,-0.5098097324710799
807875474,render/train/807875474.png,train,,0,0.0,0.36538681,1,-0.061643389933112046,,0,0.0,,0,0.0,,0,0.0
808029389,render/train/808029389.png,train,,0,0.0,0.41239714,1,1.526072530433604,,0,0.0,,0,0.0,,0,0.0
808269149,render/train/808269149.png,train,,0,0.0,0.38407419,1,0.569499823397714,,0,0.0,,0,0.0,,0,0.0
808476294,render/train/808476294.png,train,,0,0.0,0.38811487,1,0.7059688072382319,,0,0.0,,0,0.0,,0,0.0
808488658,render/train/808488658.png,train,,0,0.0,0.3653562,1,-0.06267720493339823,,0,0.0,,0,0.0,,0,0.0
808582678,render/train/808582678.png,train,,0,0.0,0.33910824,1,-0.9491696836960187,,0,0.0,,0,0.0,,0,0.0
808879247,render/train/808879247.png,train,,0,0.0,0.3702511,1,0.1026420059422329,,0,0.0,,0,0.0,,0,0.0
810134797,render/train/810134797.png,train,,0,0.0,0.3689144,1,0.05749661192448769,,0,0.0,,0,0.0,,0,0.0
810221803,render/train/810221803.png,train,,0,0.0,0.34137267,1,-0.8726913530492018,,0,0.0,,0,0.0,,0,0.0
810464372,render/train/810464372.png,train,,0,0.0,0.38357509,1,0.5526433364116624,,0,0.0,,0,0.0,,0,0.0
810570947,render/train/810570947.png,train,,0,0.0,0.37489095,1,0.25934721760770113,,0,0.0,,0,0.0,,0,0.0
810716859,render/train/810716859.png,train,,0,0.0,0.37302009,1,0.19616122834157101,,0,0.0,,0,0.0,,0,0.0
810767754,render/train/810767754.png,train,,0,0.0,0.3352167,1,-1.080601647963105,,0,0.0,,0,0.0,,0,0.0
811102498,render/train/811102498.png,train,,0,0.0,0.36226319,1,-0.1671398032358026,,0,0.0,,0,0.0,,0,0.0
811196388,render/train/811196388.png,train,,0,0.0,0.37736059,1,0.3427562629297495,,0,0.0,,0,0.0,,0,0.0
811299446,render/train/811299446.png,train,,0,0.0,0.33385202,1,-1.126692031974576,,0,0.0,,0,0.0,,0,0.0
812075542,render/train/812075542.png,train,,0,0.0,0.35568128,1,-0.3894356963601634,,0,0.0,,0,0.0,,0,0.0
812088904,render/train/812088904.png,train,,0,0.0,0.38008742,1,0.43485158332281193,,0,0.0,,0,0.0,,0,0.0
812162763,render/train/812162763.png,train,,0,0.0,0.36595222,1,-0.042547364473717764,,0,0.0,,0,0.0,,0,0.0
812270433,render/train/812270433.png,train,,0,0.0,0.37653866,1,0.31499659082306636,,0,0.0,,0,0.0,,0,0.0
812457901,render/train/812457901.png,train,,0,0.0,0.35867112,1,-0.2884575375735891,,0,0.0,,0,0.0,,0,0.0
812618019,render/train/812618019.png,train,122.3867673,1,0.23316420809514637,,0,0.0,0.2033333333333333,1,-0.5919369232967545,,0,0.0,,0,0.0
812811097,render/train/812811097.png,train,,0,0.0,0.36447678,1,-0.09237853089067037,,0,0.0,,0,0.0,,0,0.0
813149599,render/train/813149599.png,train,,0,0.0,0.38193072,1,0.49710676757725036,,0,0.0,,0,0.0,,0,0.0
813214787,render/train/813214787.png,train,,0,0.0,0.36739742,1,0.006262483236646034,,0,0.0,,0,0.0,,0,0.0
814144401,render/train/814144401.png,train,,0,0.0,0.36773968,1,0.01782189264527545,,0,0.0,,0,0.0,,0,0.0
814145084,render/train/814145084.png,train,,0,0.0,0.36221606,1,-0.16873156086283678,,0,0.0,,0,0.0,,0,0.0
814315691,render/train/814315691.png,train,,0,0.0,0.3393767,1,-0.9401027782737084,,0,0.0,,0,0.0,,0,0.0
814898102,render/train/814898102.png,train,,0,0.0,0.37926968,1,0.4072334232988194,,0,0.0,,0,0.0,,0,0.0
814967191,render/train/814967191.png,train,,0,0.0,0.3975525,1,1.0247131215523517,,0,0.0,,0,0.0,,0,0.0
815036763,render/train/815036763.png,train,,0,0.0,0.3291051,1,-1.28701340084621,,0,0.0,,0,0.0,,0,0.0
815051873,render/train/815051873.png,train,,0,0.0,0.36031607,1,-0.23290137995446167,,0,0.0,,0,0.0,,0,0.0
815588093,render/train/815588093.png,train,,0,0.0,0.3376709,1,-0.9977140695997108,,0,0.0,,0,0.0,,0,0.0
815998527,render/train/815998527.png,train,,0,0.0,0.3606996,1,-0.21994812719196713,,0,0.0,,0,0.0,,0,0.0
816208987,render/train/816208987.png,train,,0,0.0,0.38104863,1,0.46731526566275033,,0,0.0,,0,0.0,,0,0.0
816499147,render/train/816499147.png,train,,0,0.0,0.37827781,1,0.37373423727025623,,0,0.0,,0,0.0,,0,0.0
816523902,render/train/816523902.png,train,,0,0.0,0.34235599,1,-0.8394809327263704,,0,0.0,,0,0.0,,0,0.0
816594704,render/train/816594704.png,train,,0,0.0,0.33021141,1,-1.2496491449505185,,0,0.0,,0,0.0,,0,0.0
816699374,render/train/816699374.png,train,,0,0.0,0.37741586,1,0.3446229390181467,,0,0.0,,0,0.0,,0,0.0
816729790,render/train/816729790.png,train,,0,0.0,0.36920269,1,0.06723325114149721,,0,0.0,,0,0.0,,0,0.0
816767607,render/train/816767607.png,train,,0,0.0,,0,0.0,0.4165,1,1.7888067253221671,0.92091158,1,-0.4417071774326739,20.46088256,1,0.876852124406694
816771422,render/train/816771422.png,train,,0,0.0,,0,0.0,0.287,1,0.3424909982096557,0.959755769,1,-0.17599533794532432,19.44997486,1,0.6575015825916427
817102906,render/train/817102906.png,train,,0,0.0,0.33714528,1,-1.0154662368800333,,0,0.0,,0,0.0,,0,0.0
817179455,render/train/817179455.png,train,-49.55374382,1,-1.3126702909991075,,0,0.0,,0,0.0,,0,0.0,,0,0.0
817222485,render/train/817222485.png,train,,0,0.0,0.40745292,1,1.359087597381751,,0,0.0,,0,0.0,,0,0.0
817646682,render/train/817646682.png,train,,0,0.0,0.34505383,1,-0.7483647138314561,,0,0.0,,0,0.0,,0,0.0
817764960,render/train/817764960.png,train,136.3718208,1,0.35889710275247866,,0,0.0,,0,0.0,,0,0.0,,0,0.0
818720899,render/train/818720899.png,train,,0,0.0,0.35974624,1,-0.2521466854629011,,0,0.0,,0,0.0,,0,0.0
818853032,render/train/818853032.png,train,,0,0.0,0.35540471,1,-0.39877650703083484,,0,0.0,,0,0.0,,0,0.0
819286039,render/train/819286039.png,train,411.97,1,2.836667876608024,,0,0.0,,0,0.0,,0,0.0,,0,0.0
819429551,render/train/819429551.png,train,,0,0.0,0.37088138,1,0.12392893565084603,,0,0.0,,0,0.0,,0,0.0
819812613,render/train/819812613.png,train,,0,0.0,0.37242731,1,0.1761408148861665,,0,0.0,,0,0.0,,0,0.0
819863073,render/train/819863073.png,train,,0,0.0,0.35983629,1,-0.2491053577668599,,0,0.0,,0,0.0,,0,0.0
819957053,render/train/819957053.png,train,,0,0.0,0.33397161,1,-1.1226530272086752,,0,0.0,,0,0.0,,0,0.0
820067576,render/train/820067576.png,train,,0,0.0,0.35876659,1,-0.2852331560617514,,0,0.0,,0,0.0,,0,0.0
820073046,render/train/820073046.png,train,,0,0.0,0.35449352,1,-0.42955082555782576,,0,0.0,,0,0.0,,0,0.0
820293105,render/train/820293105.png,train,,0,0.0,0.35187189,1,-0.5180931456885497,0.257,1,0.0074371618129352385,1.048950682,1,0.43413825001925055,23.48222813,1,1.5324350107473603
820510299,render/train/820510299.png,train,220.8197438,1,1.1181277919013985,,0,0.0,,0,0.0,,0,0.0,,0,0.0
820601696,render/train/820601696.png,train,,0,0.0,0.40401109,1,1.2428440337608244,,0,0.0,,0,0.0,,0,0.0
820692130,render/train/820692130.png,train,,0,0.0,0.32771486,1,-1.3339670423358698,,0,0.0,,0,0.0,,0,0.0
821219964,render/train/821219964.png,train,,0,0.0,0.31040659,1,-1.9185325162009896,,0,0.0,,0,0.0,,0,0.0
821229257,render/train/821229257.png,train,-6.058372606,1,-0.9216243127387149,,0,0.0,,0,0.0,,0,0.0,,0,0.0
821537914,render/train/821537914.png,train,,0,0.0,0.35299495,1,-0.4801631791997594,0.1736666666666666,1,-0.9232679392890677,,0,0.0,,0,0.0
821542361,render/train/821542361.png,train,,0,0.0,0.3997415,1,1.098643896973048,,0,0.0,,0,0.0,,0,0.0
821655324,render/train/821655324.png,train,,0,0.0,0.37014915,1,0.09919877042183953,,0,0.0,,0,0.0,,0,0.0
821914285,render/train/821914285.png,train,,0,0.0,0.39473937,1,0.9297031250885699,,0,0.0,,0,0.0,,0,0.0
822072702,render/train/822072702.png,train,-71.68107141,1,-1.5116064587385982,,0,0.0,,0,0.0,,0,0.0,,0,0.0
822079361,render/train/822079361.png,train,,0,0.0,0.26739328,1,-3.3712540153835913,,0,0.0,,0,0.0,,0,0.0
822137197,render/train/822137197.png,train,,0,0.0,,0,0.0,0.261,1,0.052111006665831384,,0,0.0,,0,0.0
822757140,render/train/822757140.png,train,,0,0.0,0.35185553,1,-0.5186456845126164,,0,0.0,,0,0.0,,0,0.0
822972602,render/train/822972602.png,train,64.69850401,1,-0.28548324157002825,,0,0.0,,0,0.0,,0,0.0,,0,0.0
823244753,render/train/823244753.png,train,,0,0.0,0.31946255,1,-1.6126786354432026,,0,0.0,,0,0.0,,0,0.0
823634116,render/train/823634116.png,train,,0,0.0,0.38545979,1,0.6162967546096453,,0,0.0,,0,0.0,,0,0.0
824512000,render/train/824512000.png,train,,0,0.0,0.34911505,1,-0.6112020168218482,,0,0.0,,0,0.0,,0,0.0
825127348,render/train/825127348.png,train,,0,0.0,0.43811052,1,2.394510228965802,,0,0.0,,0,0.0,,0,0.0
825973293,render/train/825973293.png,train,,0,0.0,0.39578665,1,0.9650737155328768,,0,0.0,,0,0.0,,0,0.0
826258963,render/train/826258963.png,train,27.68661296,1,-0.6182393657034333,,0,0.0,,0,0.0,,0,0.0,,0,0.0
826441672,render/train/826441672.png,train,,0,0.0,0.34594928,1,-0.7181219943931453,,0,0.0,,0,0.0,,0,0.0
827035363,render/train/827035363.png,train,,0,0.0,0.33464221,1,-1.1000043392246097,,0,0.0,,0,0.0,,0,0.0
827086896,render/train/827086896.png,train,,0,0.0,0.397283,1,1.0156110914126186,,0,0.0,,0,0.0,,0,0.0
827590818,render/train/827590818.png,train,,0,0.0,0.37388099,1,0.22523706413859057,,0,0.0,,0,0.0,,0,0.0
828069066,render/train/828069066.png,train,,0,0.0,0.39106819,1,0.8057135480630123,,0,0.0,,0,0.0,,0,0.0
828078901,render/train/828078901.png,train,,0,0.0,0.38109983,1,0.46904448252046504,,0,0.0,,0,0.0,,0,0.0
828636202,render/train/828636202.png,train,,0,0.0,0.3631737,1,-0.13638845087020424,,0,0.0,,0,0.0,,0,0.0
828717601,render/train/828717601.png,train,,0,0.0,0.34961202,1,-0.5944174679589768,,0,0.0,,0,0.0,,0,0.0
828807298,render/train/828807298.png,train,,0,0.0,0.36226702,1,-0.16701044970914203,,0,0.0,,0,0.0,,0,0.0
828904716,render/train/828904716.png,train,,0,0.0,0.33972833,1,-0.92822690867061,,0,0.0,,0,0.0,,0,0.0
829968625,render/train/829968625.png,train,,0,0.0,0.36207231,1,-0.1735865398334739,,0,0.0,,0,0.0,,0,0.0
829981361,render/train/829981361.png,train,,0,0.0,0.3446568,1,-0.7617739124451061,,0,0.0,,0,0.0,,0,0.0
830475899,render/train/830475899.png,train,,0,0.0,0.34027118,1,-0.9098928193891468,,0,0.0,,0,0.0,,0,0.0
831848484,render/train/831848484.png,train,,0,0.0,0.34423811,1,-0.7759146508466094,,0,0.0,,0,0.0,,0,0.0
831990105,render/train/831990105.png,train,,0,0.0,0.3239093,1,-1.4624951381375957,,0,0.0,,0,0.0,,0,0.0
832112945,render/train/832112945.png,train,,0,0.0,0.33800885,1,-0.9863002251257839,,0,0.0,,0,0.0,,0,0.0
832174357,render/train/832174357.png,train,17.27783213,1,-0.7118197115783812,,0,0.0,,0,0.0,,0,0.0,,0,0.0
832267594,render/train/832267594.png,train,,0,0.0,0.43916684,1,2.430186134261548,,0,0.0,,0,0.0,,0,0.0
832293069,render/train/832293069.png,train,,0,0.0,0.34715202,1,-0.677500934169534,,0,0.0,,0,0.0,,0,0.0
832907527,render/train/832907527.png,train,,0,0.0,0.32826884,1,-1.3152570510304533,,0,0.0,,0,0.0,,0,0.0
832948495,render/train/832948495.png,train,,0,0.0,0.348951605,1,-0.6167221701286706,,0,0.0,,0,0.0,,0,0.0
833018953,render/train/833018953.png,train,,0,0.0,0.34232189,1,-0.8406326181726217,,0,0.0,,0,0.0,,0,0.0
833673959,render/train/833673959.png,train,,0,0.0,0.44650373,1,2.677980545808528,,0,0.0,,0,0.0,,0,0.0
834012774,render/train/834012774.png,train,,0,0.0,0.42262302,1,1.8714390163901935,,0,0.0,0.975794098,1,-0.06628590622328993,10.58513595,1,-1.266024391156157
834236236,render/train/834236236.png,train,,0,0.0,0.38120825,1,0.4727062343117468,,0,0.0,,0,0.0,,0,0.0
834328037,render/train/834328037.png,train,,0,0.0,0.38060796,1,0.4524321798680332,,0,0.0,,0,0.0,,0,0.0
834450099,render/train/834450099.png,train,,0,0.0,0.36789463,1,0.02305513780353752,,0,0.0,,0,0.0,,0,0.0
834642680,render/train/834642680.png,train,173.2454244,1,0.6904099508853107,,0,0.0,,0,0.0,,0,0.0,,0,0.0
835449661,render/train/835449661.png,train,,0,0.0,0.34163356,1,-0.8638801150412045,,0,0.0,,0,0.0,,0,0.0
835465429,render/train/835465429.png,train,,0,0.0,0.3703315,1,0.10535741678911385,,0,0.0,,0,0.0,,0,0.0
836337726,render/train/836337726.png,train,,0,0.0,0.37867656,1,0.3872015267627196,,0,0.0,,0,0.0,,0,0.0
836390884,render/train/836390884.png,train,,0,0.0,0.35441352,1,-0.4322527268980073,,0,0.0,,0,0.0,,0,0.0
836759737,render/train/836759737.png,train,,0,0.0,0.35888622,1,-0.2811928003451793,,0,0.0,,0,0.0,,0,0.0
836965269,render/train/836965269.png,train,,0,0.0,0.33219113,1,-1.182786543435736,,0,0.0,,0,0.0,,0,0.0
837296086,render/train/837296086.png,train,,0,0.0,0.34736304,1,-0.6703739939094723,,0,0.0,,0,0.0,,0,0.0
837351512,render/train/837351512.png,train,,0,0.0,0.37209959,1,0.1650724760461152,,0,0.0,,0,0.0,,0,0.0
837417544,render/train/837417544.png,train,,0,0.0,0.34397372,1,-0.7848440970382392,,0,0.0,,0,0.0,,0,0.0
837604570,render/train/837604570.png,train,,0,0.0,0.37606592,1,0.29903038032860263,,0,0.0,,0,0.0,,0,0.0
838168073,render/train/838168073.png,train,,0,0.0,0.30881015,1,-1.972450308394965,,0,0.0,,0,0.0,,0,0.0
838352971,render/train/838352971.png,train,,0,0.0,0.35883354,1,-0.2829720023776874,,0,0.0,,0,0.0,,0,0.0
838510907,render/train/838510907.png,train,,0,0.0,0.36823829,1,0.034661830485619584,,0,0.0,,0,0.0,,0,0.0
838925791,render/train/838925791.png,train,,0,0.0,0.37870937,1,0.38830964404986096,,0,0.0,,0,0.0,,0,0.0
839165953,render/train/839165953.png,train,,0,0.0,0.30156557,1,-2.2171270635330442,,0,0.0,,0,0.0,,0,0.0
839183601,render/train/839183601.png,train,,0,0.0,0.33260696,1,-1.168742398007144,,0,0.0,,0,0.0,,0,0.0
839463211,render/train/839463211.png,train,,0,0.0,0.33167362,1,-1.2002648054676974,,0,0.0,,0,0.0,,0,0.0
839630987,render/train/839630987.png,train,,0,0.0,0.3592549,1,-0.2687410880189562,,0,0.0,,0,0.0,,0,0.0
839752989,render/train/839752989.png,train,,0,0.0,,0,0.0,0.303,1,0.5211863776212403,0.949699751,1,-0.24478305393285318,22.28109939,1,1.2718095946894656
839878795,render/train/839878795.png,train,,0,0.0,0.39435805,1,0.9168245123505998,,0,0.0,,0,0.0,,0,0.0
840186031,render/train/840186031.png,train,,0,0.0,0.38721196,1,0.6754741354999506,,0,0.0,,0,0.0,,0,0.0
840194928,render/train/840194928.png,train,,0,0.0,0.37504022,1,0.26438862777081007,,0,0.0,0.949326163,1,-0.24733856499502066,16.72244264,1,0.06567141820075947
840303746,render/train/840303746.png,train,,0,0.0,0.33980494,1,-0.9256395003997202,,0,0.0,,0,0.0,,0,0.0
840698807,render/train/840698807.png,train,,0,0.0,0.37285766,1,0.19067535540800004,0.221,1,-0.39462744186312976,0.919640881,1,-0.45039933390232584,13.54986722,1,-0.6227258878303589
841055334,render/train/841055334.png,train,,0,0.0,0.3824439,1,0.5144387891991746,,0,0.0,,0,0.0,,0,0.0
841072650,render/train/841072650.png,train,110.7170963,1,0.12824780469856822,,0,0.0,,0,0.0,,0,0.0,,0,0.0
841081788,render/train/841081788.png,train,,0,0.0,0.30389328,1,-2.1385115289261445,,0,0.0,,0,0.0,,0,0.0
841226784,render/train/841226784.png,train,,0,0.0,0.34391945,1,-0.7866769993598831,,0,0.0,,0,0.0,,0,0.0
841328550,render/train/841328550.png,train,,0,0.0,0.37446524,1,0.24496938736359622,,0,0.0,,0,0.0,,0,0.0
841576889,render/train/841576889.png,train,,0,0.0,0.38634637,1,0.6462399007368619,,0,0.0,,0,0.0,,0,0.0
842024022,render/train/842024022.png,train,,0,0.0,0.34021379,1,-0.9118310958630587,,0,0.0,,0,0.0,,0,0.0
842148313,render/train/842148313.png,train,,0,0.0,0.37961071,1,0.4187512909743429,,0,0.0,,0,0.0,,0,0.0
842167683,render/train/842167683.png,train,,0,0.0,0.38120517,1,0.47260221111014833,,0,0.0,,0,0.0,,0,0.0
842432665,render/train/842432665.png,train,,0,0.0,,0,0.0,0.279,1,0.253143308503864,,0,0.0,,0,0.0
842879180,render/train/842879180.png,train,,0,0.0,,0,0.0,0.1905,1,-0.7352655088664626,1.024902598,1,0.26963846767635435,13.62318206,1,-0.6068177590495772
843120215,render/train/843120215.png,train,,0,0.0,0.34670291,1,-0.6926690705556421,,0,0.0,,0,0.0,,0,0.0
843575922,render/train/843575922.png,train,,0,0.0,0.34013313,1,-0.9145552878892962,,0,0.0,,0,0.0,,0,0.0
843758383,render/train/843758383.png,train,,0,0.0,0.43055287,1,2.139259920670592,,0,0.0,,0,0.0,,0,0.0
843894109,render/train/843894109.png,train,,0,0.0,0.364906,1,-0.07788215472526556,,0,0.0,,0,0.0,,0,0.0
844100895,render/train/844100895.png,train,,0,0.0,0.35788799,1,-0.3149067875302863,,0,0.0,,0,0.0,,0,0.0
844147775,render/train/844147775.png,train,,0,0.0,,0,0.0,0.3505,1,1.0516882852493814,0.889924513,1,-0.6536727451238342,16.83151528,1,0.08933840845238997
844156595,render/train/844156595.png,train,,0,0.0,0.3651339,1,-0.07018511328242566,,0,0.0,,0,0.0,,0,0.0
844411055,render/train/844411055.png,train,,0,0.0,0.38257569,1,0.5188898339194555,,0,0.0,,0,0.0,,0,0.0
844805086,render/train/844805086.png,train,,0,0.0,0.42531677,1,1.9624171005790905,,0,0.0,,0,0.0,,0,0.0
845322563,render/train/845322563.png,train,,0,0.0,0.35135573,1,-0.535525813135397,,0,0.0,,0,0.0,,0,0.0
845810761,render/train/845810761.png,train,,0,0.0,0.37728545,1,0.34021850209598564,,0,0.0,,0,0.0,,0,0.0
845873232,render/train/845873232.png,train,,0,0.0,0.35696537,1,-0.34606714021125484,,0,0.0,,0,0.0,,0,0.0
845994024,render/train/845994024.png,train,,0,0.0,0.35537215,1,-0.3998761808762889,,0,0.0,,0,0.0,,0,0.0
846108255,render/train/846108255.png,train,,0,0.0,0.35538717,1,-0.39936889889967075,,0,0.0,,0,0.0,,0,0.0
846390932,render/train/846390932.png,train,,0,0.0,0.35311635,1,-0.47606304391603355,,0,0.0,,0,0.0,,0,0.0
846455978,render/train/846455978.png,train,,0,0.0,0.31859202,1,-1.6420797126140476,,0,0.0,,0,0.0,,0,0.0
846469607,render/train/846469607.png,train,,0,0.0,0.37249164,1,0.17831348130133937,,0,0.0,,0,0.0,,0,0.0
846662171,render/train/846662171.png,train,,0,0.0,0.34909907,1,-0.6117417216145483,,0,0.0,,0,0.0,,0,0.0
846740244,render/train/846740244.png,train,,0,0.0,0.34631119,1,-0.7058989304678364,,0,0.0,,0,0.0,,0,0.0
846811981,render/train/846811981.png,train,,0,0.0,0.36464453,1,-0.0867129815179782,,0,0.0,,0,0.0,,0,0.0
847044135,render/train/847044135.png,train,141.1832818,1,0.4021546361656232,,0,0.0,,0,0.0,,0,0.0,,0,0.0
847356042,render/train/847356042.png,train,,0,0.0,0.34612362,1,-0.7122338758975566,,0,0.0,,0,0.0,,0,0.0
848025633,render/train/848025633.png,train,,0,0.0,0.37158327,1,0.1476344047965903,,0,0.0,,0,0.0,,0,0.0
848202218,render/train/848202218.png,train,,0,0.0,0.35559164,1,-0.39246317681183596,,0,0.0,,0,0.0,,0,0.0
848295596,render/train/848295596.png,train,,0,0.0,0.35683995,1,-0.3503030460373227,,0,0.0,,0,0.0,,0,0.0
848393860,render/train/848393860.png,train,,0,0.0,0.37057896,1,0.11371507310962893,,0,0.0,,0,0.0,,0,0.0
848462258,render/train/848462258.png,train,,0,0.0,0.35874129,1,-0.28608763236058377,,0,0.0,,0,0.0,,0,0.0
849184713,render/train/849184713.png,train,,0,0.0,0.4236255,1,1.905296542083997,,0,0.0,,0,0.0,,0,0.0
850250800,render/train/850250800.png,train,,0,0.0,0.38678861,1,0.6611760113453803,,0,0.0,,0,0.0,,0,0.0
850843223,render/train/850843223.png,train,,0,0.0,0.36985522,1,0.08927164716034816,,0,0.0,,0,0.0,,0,0.0
851867509,render/train/851867509.png,train,,0,0.0,0.35823799,1,-0.3030859691669951,0.2055,1,-0.5677385906681023,1.071947231,1,0.5914450568791115,13.42046484,1,-0.6508041012668152
852036166,render/train/852036166.png,train,,0,0.0,0.39731792,1,1.0167904713476072,,0,0.0,,0,0.0,,0,0.0
852138859,render/train/852138859.png,train,101.4116865,1,0.04458733746283636,,0,0.0,,0,0.0,,0,0.0,,0,0.0
852180145,render/train/852180145.png,train,,0,0.0,0.37352321,1,0.2131534858699664,,0,0.0,,0,0.0,,0,0.0
852184111,render/train/852184111.png,train,,0,0.0,0.5168642,1,5.0543186481678335,,0,0.0,,0,0.0,,0,0.0
852432684,render/train/852432684.png,train,,0,0.0,0.3481612,1,-0.6434171242384896,,0,0.0,,0,0.0,,0,0.0
852454383,render/train/852454383.png,train,,0,0.0,0.3508840749999999,1,-0.5514553790929361,,0,0.0,,0,0.0,,0,0.0
852757055,render/train/852757055.png,train,,0,0.0,0.34685576,1,-0.687506750307558,,0,0.0,,0,0.0,,0,0.0
852866777,render/train/852866777.png,train,,0,0.0,0.38577325,1,0.6268834795358079,,0,0.0,,0,0.0,,0,0.0
853471397,render/train/853471397.png,train,,0,0.0,,0,0.0,0.3405,1,0.9400036731171416,0.903154394,1,-0.5631743692481344,19.54188854,1,0.6774453573875164
854050780,render/train/854050780.png,train,,0,0.0,0.35616921,1,-0.3729564623487329,,0,0.0,,0,0.0,,0,0.0
854325702,render/train/854325702.png,train,,0,0.0,0.36409015,1,-0.10543648233009617,,0,0.0,,0,0.0,,0,0.0
854626537,render/train/854626537.png,train,,0,0.0,0.36596567,1,-0.042093107310899006,,0,0.0,,0,0.0,,0,0.0
855265813,render/train/855265813.png,train,,0,0.0,0.38349717,1,0.5500116845063262,,0,0.0,,0,0.0,,0,0.0
856310175,render/train/856310175.png,train,,0,0.0,0.37886731,1,0.3936438727707135,,0,0.0,,0,0.0,,0,0.0
857493941,render/train/857493941.png,train,,0,0.0,0.33826779,1,-0.9775548459629545,,0,0.0,,0,0.0,,0,0.0
857690226,render/train/857690226.png,train,,0,0.0,0.38443623,1,0.5817272779127021,,0,0.0,,0,0.0,,0,0.0
858163366,render/train/858163366.png,train,,0,0.0,0.35751221,1,-0.32759829360044984,,0,0.0,,0,0.0,,0,0.0
858271129,render/train/858271129.png,train,,0,0.0,0.34984295,1,-0.5866180920028788,,0,0.0,,0,0.0,,0,0.0
858364876,render/train/858364876.png,train,,0,0.0,0.36750858,1,0.010016775148827095,,0,0.0,,0,0.0,,0,0.0
858663171,render/train/858663171.png,train,,0,0.0,0.3077545,1,-2.0081035852669875,,0,0.0,,0,0.0,,0,0.0
859360973,render/train/859360973.png,train,,0,0.0,0.34516599,1,-0.7445766481525237,,0,0.0,,0,0.0,,0,0.0
859487043,render/train/859487043.png,train,,0,0.0,0.33873144,1,-0.9618956390082702,,0,0.0,,0,0.0,,0,0.0
859606185,render/train/859606185.png,train,,0,0.0,0.34874019,1,-0.6238624510265992,,0,0.0,,0,0.0,,0,0.0
859644583,render/train/859644583.png,train,-41.10158883,1,-1.2366810276770104,,0,0.0,,0,0.0,,0,0.0,,0,0.0
859659419,render/train/859659419.png,train,,0,0.0,0.41461382,1,1.600938163718002,,0,0.0,,0,0.0,,0,0.0
859939433,render/train/859939433.png,train,,0,0.0,0.35828475,1,-0.3015067078336602,,0,0.0,,0,0.0,,0,0.0
860122882,render/train/860122882.png,train,,0,0.0,0.34323604,1,-0.8097583292960442,,0,0.0,,0,0.0,,0,0.0
860336451,render/train/860336451.png,train,,0,0.0,0.34888897,1,-0.6188375900091976,,0,0.0,,0,0.0,,0,0.0
860722279,render/train/860722279.png,train,,0,0.0,0.38225238,1,0.507970437390782,,0,0.0,,0,0.0,,0,0.0
860898971,render/train/860898971.png,train,,0,0.0,0.34018016,1,-0.9129669076389373,,0,0.0,,0,0.0,,0,0.0
861130931,render/train/861130931.png,train,,0,0.0,,0,0.0,0.39925,1,1.5961507693940529,0.886368922,1,-0.6779945973595617,18.76168306,1,0.5081534479826598
861281692,render/train/861281692.png,train,,0,0.0,0.40111229,1,1.1449406386993755,,0,0.0,,0,0.0,,0,0.0
861558907,render/train/861558907.png,train,,0,0.0,0.36727846,1,0.0022447559437972784,,0,0.0,,0,0.0,,0,0.0
861681123,render/train/861681123.png,train,,0,0.0,0.32330608,1,-1.4828681497178937,,0,0.0,,0,0.0,,0,0.0
862321368,render/train/862321368.png,train,,0,0.0,0.38417048,1,0.572751899398289,,0,0.0,,0,0.0,,0,0.0
862498467,render/train/862498467.png,train,,0,0.0,0.38353529,1,0.5512991404949215,,0,0.0,,0,0.0,,0,0.0
862699408,render/train/862699408.png,train,,0,0.0,0.38262051,1,0.5204035741452918,,0,0.0,,0,0.0,,0,0.0
862879139,render/train/862879139.png,train,,0,0.0,0.34947854,1,-0.5989255903450689,,0,0.0,,0,0.0,,0,0.0
863587457,render/train/863587457.png,train,,0,0.0,0.31523099,1,-1.7555943558813918,,0,0.0,,0,0.0,,0,0.0
863625275,render/train/863625275.png,train,,0,0.0,0.38998404,1,0.7690977188385507,,0,0.0,,0,0.0,,0,0.0
864305544,render/train/864305544.png,train,,0,0.0,,0,0.0,0.069,1,-2.0922335462731816,1.327370903,1,2.338658616563246,15.38423682,1,-0.22469749646578732
864842890,render/train/864842890.png,train,,0,0.0,0.36634153,1,-0.02939889933939481,,0,0.0,,0,0.0,,0,0.0
865092427,render/train/865092427.png,train,,0,0.0,0.36865057,1,0.048586079042240424,,0,0.0,,0,0.0,,0,0.0
865332656,render/train/865332656.png,train,,0,0.0,0.37628119,1,0.30630085909736104,,0,0.0,,0,0.0,,0,0.0
865769090,render/train/865769090.png,train,,0,0.0,0.32677748,1,-1.3656258958141019,,0,0.0,,0,0.0,,0,0.0
865858202,render/train/865858202.png,train,,0,0.0,0.36395079,1,-0.11014319446469019,,0,0.0,,0,0.0,,0,0.0
865879594,render/train/865879594.png,train,,0,0.0,0.3854775,1,0.6168948880188261,,0,0.0,,0,0.0,,0,0.0
865948061,render/train/865948061.png,train,278.5221779,1,1.6369026445086452,,0,0.0,,0,0.0,,0,0.0,,0,0.0
866279797,render/train/866279797.png,train,,0,0.0,0.36605303,1,-0.03914263104742233,,0,0.0,,0,0.0,,0,0.0
866677131,render/train/866677131.png,train,,0,0.0,0.37913945,1,0.4028350656546724,,0,0.0,,0,0.0,,0,0.0
866841862,render/train/866841862.png,train,,0,0.0,0.36759676,1,0.012994945901042927,,0,0.0,,0,0.0,,0,0.0
866951127,render/train/866951127.png,train,5.980301023,1,-0.8133903840512728,,0,0.0,0.2573333333333333,1,0.011159982217342837,,0,0.0,,0,0.0
867336767,render/train/867336767.png,train,,0,0.0,0.35983878,1,-0.24902126108764605,,0,0.0,,0,0.0,,0,0.0
867393548,render/train/867393548.png,train,,0,0.0,0.36160098,1,-0.18950512931681582,0.4,1,1.604527115303971,0.953783995,1,-0.21684497582919765,18.42693992,1,0.4355196267862522
867402833,render/train/867402833.png,train,,0,0.0,0.36539681,1,-0.06130565226558912,,0,0.0,,0,0.0,,0,0.0
867714785,render/train/867714785.png,train,152.5242236,1,0.5041155933156504,,0,0.0,,0,0.0,,0,0.0,,0,0.0
867758699,render/train/867758699.png,train,,0,0.0,0.38458096,1,0.5866153551747577,,0,0.0,,0,0.0,,0,0.0
869392310,render/train/869392310.png,train,,0,0.0,0.33488674,1,-1.091745640040679,,0,0.0,,0,0.0,,0,0.0
869406421,render/train/869406421.png,train,,0,0.0,0.40218453,1,1.1811542223618174,,0,0.0,,0,0.0,,0,0.0
869708404,render/train/869708404.png,train,,0,0.0,0.35814265,1,-0.30630596008915545,,0,0.0,,0,0.0,,0,0.0
870443283,render/train/870443283.png,train,,0,0.0,0.4152424,1,1.6221676780231367,,0,0.0,,0,0.0,,0,0.0
870679146,render/train/870679146.png,train,,0,0.0,0.35133483,1,-0.536231684860519,,0,0.0,,0,0.0,,0,0.0
871001883,render/train/871001883.png,train,,0,0.0,0.32620307,1,-1.3850258851742678,,0,0.0,,0,0.0,,0,0.0
871245251,render/train/871245251.png,train,,0,0.0,0.36466519,1,-0.08601521549687823,,0,0.0,,0,0.0,,0,0.0
871482212,render/train/871482212.png,train,,0,0.0,0.36242795,1,-0.1615752374257009,,0,0.0,,0,0.0,,0,0.0
871802155,render/train/871802155.png,train,,0,0.0,0.3637068,1,-0.11838365581457475,,0,0.0,,0,0.0,,0,0.0
872295488,render/train/872295488.png,train,,0,0.0,0.37176287,1,0.15370017330529603,,0,0.0,,0,0.0,,0,0.0
873004206,render/train/873004206.png,train,,0,0.0,0.36939171,1,0.07361716853300865,,0,0.0,,0,0.0,,0,0.0
873238288,render/train/873238288.png,train,,0,0.0,0.32140926,1,-1.546930905968914,,0,0.0,,0,0.0,,0,0.0
873401341,render/train/873401341.png,train,,0,0.0,0.401116,1,1.145065939374026,,0,0.0,,0,0.0,,0,0.0
873453731,render/train/873453731.png,train,73.83261176,1,-0.20336286873631154,,0,0.0,,0,0.0,,0,0.0,,0,0.0
873632495,render/train/873632495.png,train,,0,0.0,0.43769633,1,2.380521472514684,,0,0.0,,0,0.0,,0,0.0
873980403,render/train/873980403.png,train,,0,0.0,0.35955244,1,-0.2586920414594896,,0,0.0,,0,0.0,,0,0.0
874837683,render/train/874837683.png,train,,0,0.0,0.36567786,1,-0.05181353511986661,,0,0.0,,0,0.0,,0,0.0
875422792,render/train/875422792.png,train,,0,0.0,0.36982073,1,0.08810678994506281,,0,0.0,,0,0.0,,0,0.0
875480288,render/train/875480288.png,train,131.1821319,1,0.31223910407066985,,0,0.0,,0,0.0,,0,0.0,,0,0.0
875491202,render/train/875491202.png,train,292.5925873,1,1.7634029330399505,,0,0.0,,0,0.0,,0,0.0,,0,0.0
875508039,render/train/875508039.png,train,,0,0.0,0.3677538,1,0.01829877823181756,,0,0.0,,0,0.0,,0,0.0
876188876,render/train/876188876.png,train,,0,0.0,0.39821297,1,1.047019681279217,,0,0.0,,0,0.0,,0,0.0
876238099,render/train/876238099.png,train,-128.6299242,1,-2.023606223966597,,0,0.0,,0,0.0,,0,0.0,,0,0.0
877528478,render/train/877528478.png,train,,0,0.0,,0,0.0,0.406,1,1.6715378825833154,0.89731003,1,-0.6031524650470617,22.86240687,1,1.3979438705478273
877661391,render/train/877661391.png,train,,0,0.0,0.37813011,1,0.3687458519209485,,0,0.0,,0,0.0,,0,0.0
878287974,render/train/878287974.png,train,,0,0.0,0.3601834849999999,1,-0.2373792748193124,,0,0.0,,0,0.0,,0,0.0
878623302,render/train/878623302.png,train,,0,0.0,0.40905206,1,1.413096578745958,,0,0.0,0.82757252,1,-1.080188607142019,10.70862832,1,-1.239228553841311
878851923,render/train/878851923.png,train,,0,0.0,0.38390226,1,0.5636930996799986,,0,0.0,,0,0.0,,0,0.0
879566898,render/train/879566898.png,train,,0,0.0,0.33742347,1,-1.006070712707222,,0,0.0,,0,0.0,,0,0.0
879855559,render/train/879855559.png,train,,0,0.0,0.35312515,1,-0.47576583476861445,,0,0.0,,0,0.0,,0,0.0
880146863,render/train/880146863.png,train,,0,0.0,0.37280295,1,0.18882759262898538,,0,0.0,,0,0.0,,0,0.0
880265803,render/train/880265803.png,train,,0,0.0,0.34702977,1,-0.6816297771549974,,0,0.0,,0,0.0,,0,0.0
880356503,render/train/880356503.png,train,,0,0.0,0.30751302,1,-2.0162592744623216,,0,0.0,,0,0.0,,0,0.0
880710416,render/train/880710416.png,train,,0,0.0,0.36419448,1,-0.10191286524483348,,0,0.0,,0,0.0,,0,0.0
881168754,render/train/881168754.png,train,,0,0.0,0.33466696,1,-1.0991684384974907,,0,0.0,,0,0.0,,0,0.0
881173814,render/train/881173814.png,train,197.1821336,1,0.9056133990728201,,0,0.0,0.143,1,-1.265767416494604,1.03911953,1,0.366888719279923,14.56697254,1,-0.40203056319788133
881250244,render/train/881250244.png,train,,0,0.0,0.4262251,1,1.9930948261331702,,0,0.0,,0,0.0,,0,0.0
881286368,render/train/881286368.png,train,,0,0.0,0.37188256,1,0.15774255544787222,,0,0.0,,0,0.0,,0,0.0
881699959,render/train/881699959.png,train,,0,0.0,0.38407296,1,0.56945828166461,,0,0.0,,0,0.0,,0,0.0
882038181,render/train/882038181.png,train,,0,0.0,0.40311719,1,1.2126536636609802,,0,0.0,,0,0.0,,0,0.0
882891483,render/train/882891483.png,train,,0,0.0,0.38275614,1,0.5249843101299005,,0,0.0,,0,0.0,,0,0.0
884131140,render/train/884131140.png,train,,0,0.0,0.33757456,1,-1.0009678342886226,,0,0.0,,0,0.0,,0,0.0
884364741,render/train/884364741.png,train,,0,0.0,0.38003376,1,0.43303928299888533,,0,0.0,,0,0.0,,0,0.0
884656805,render/train/884656805.png,train,,0,0.0,0.323466525,1,-1.4774493177113273,,0,0.0,,0,0.0,,0,0.0
884758912,render/train/884758912.png,train,,0,0.0,0.37981659,1,0.42570463407329767,,0,0.0,,0,0.0,,0,0.0
884792716,render/train/884792716.png,train,,0,0.0,0.36215314,1,-0.17085660626688964,,0,0.0,,0,0.0,,0,0.0
884979712,render/train/884979712.png,train,,0,0.0,0.3677936,1,0.019642974148556744,,0,0.0,,0,0.0,,0,0.0
885328080,render/train/885328080.png,train,,0,0.0,0.29105461,1,-2.5721217749153675,,0,0.0,,0,0.0,,0,0.0
885496474,render/train/885496474.png,train,,0,0.0,0.35415635,1,-0.4409383264936848,,0,0.0,,0,0.0,,0,0.0
886026826,render/train/886026826.png,train,,0,0.0,0.42281457,1,1.877908381411588,,0,0.0,,0,0.0,,0,0.0
886271093,render/train/886271093.png,train,,0,0.0,0.35867178,1,-0.28843524688753314,,0,0.0,,0,0.0,,0,0.0
886386910,render/train/886386910.png,train,,0,0.0,0.36455788,1,-0.08963947840706216,,0,0.0,,0,0.0,,0,0.0
886529018,render/train/886529018.png,train,,0,0.0,0.34716825,1,-0.6769527859351447,,0,0.0,,0,0.0,,0,0.0
886858918,render/train/886858918.png,train,,0,0.0,0.37467295,1,0.25198453645570884,,0,0.0,,0,0.0,,0,0.0
887026171,render/train/887026171.png,train,,0,0.0,0.42518322,1,1.957906614029325,,0,0.0,,0,0.0,,0,0.0
887350173,render/train/887350173.png,train,,0,0.0,0.395258,1,0.9472192137392945,,0,0.0,,0,0.0,,0,0.0
887653372,render/train/887653372.png,train,,0,0.0,0.33877583,1,-0.9603964215021373,,0,0.0,,0,0.0,,0,0.0
887685066,render/train/887685066.png,train,,0,0.0,0.38429931,1,0.5771029737689833,,0,0.0,,0,0.0,,0,0.0
887804615,render/train/887804615.png,train,,0,0.0,0.34881657,1,-0.621282810722062,,0,0.0,,0,0.0,,0,0.0
888408662,render/train/888408662.png,train,,0,0.0,0.36526252,1,-0.0658411314027512,,0,0.0,,0,0.0,,0,0.0
889509807,render/train/889509807.png,train,,0,0.0,0.3732598,1,0.20425713796975326,,0,0.0,,0,0.0,,0,0.0
889670641,render/train/889670641.png,train,,0,0.0,0.3636819,1,-0.1192246226067058,,0,0.0,,0,0.0,,0,0.0
889893408,render/train/889893408.png,train,,0,0.0,0.35733019,1,-0.33374579462469617,,0,0.0,,0,0.0,,0,0.0
890037112,render/train/890037112.png,train,,0,0.0,0.3397353,1,-0.9279915055163469,,0,0.0,,0,0.0,,0,0.0
890273694,render/train/890273694.png,train,,0,0.0,0.40215636,1,1.1802028153524067,,0,0.0,,0,0.0,,0,0.0
890286804,render/train/890286804.png,train,,0,0.0,0.38094303,1,0.46374875589371234,,0,0.0,,0,0.0,,0,0.0
890297179,render/train/890297179.png,train,,0,0.0,0.42932907,1,2.0979275849191774,,0,0.0,,0,0.0,,0,0.0
890414662,render/train/890414662.png,train,,0,0.0,0.35268551,1,-0.4906141335835782,,0,0.0,,0,0.0,,0,0.0
890512503,render/train/890512503.png,train,,0,0.0,0.38071685,1,0.45610980532968576,,0,0.0,,0,0.0,,0,0.0
890572584,render/train/890572584.png,train,,0,0.0,0.39126142,1,0.8122396530125529,,0,0.0,,0,0.0,,0,0.0
890993359,render/train/890993359.png,train,,0,0.0,0.3439212,1,-0.7866178952680678,,0,0.0,,0,0.0,,0,0.0
892241258,render/train/892241258.png,train,93.18891585,1,-0.029339641502803954,,0,0.0,,0,0.0,,0,0.0,,0,0.0
893298020,render/train/893298020.png,train,,0,0.0,0.37466356,1,0.25166740078590516,,0,0.0,,0,0.0,,0,0.0
893952822,render/train/893952822.png,train,,0,0.0,0.37541315,1,0.27698387860572976,0.2296666666666666,1,-0.2978341113485223,1.013613515,1,0.19241602881798806,14.74755617,1,-0.362846850299633
894220698,render/train/894220698.png,train,,0,0.0,0.38004401,1,0.43338546410809564,,0,0.0,,0,0.0,,0,0.0
895111852,render/train/895111852.png,train,,0,0.0,0.35711055,1,-0.34116386475416116,,0,0.0,,0,0.0,,0,0.0
895255248,render/train/895255248.png,train,,0,0.0,0.32153178,1,-1.5427929440664268,,0,0.0,,0,0.0,,0,0.0
895257711,render/train/895257711.png,train,,0,0.0,0.38117284,1,0.47151030523104887,,0,0.0,,0,0.0,,0,0.0
895302963,render/train/895302963.png,train,,0,0.0,0.37166513,1,0.15039912534292982,,0,0.0,,0,0.0,,0,0.0
895368318,render/train/895368318.png,train,,0,0.0,0.37758601,1,0.35036954543104476,,0,0.0,,0,0.0,,0,0.0
895465907,render/train/895465907.png,train,,0,0.0,0.34757271,1,-0.6632926482345263,,0,0.0,,0,0.0,,0,0.0
896186812,render/train/896186812.png,train,,0,0.0,0.352654845,1,-0.4916498061410357,,0,0.0,,0,0.0,,0,0.0
896500717,render/train/896500717.png,train,,0,0.0,0.33599709,1,-1.0542449381273091,,0,0.0,,0,0.0,,0,0.0
896516520,render/train/896516520.png,train,,0,0.0,0.34732657,1,-0.6716057231829274,,0,0.0,,0,0.0,,0,0.0
896836306,render/train/896836306.png,train,,0,0.0,0.34876143,1,-0.623145096220782,,0,0.0,,0,0.0,,0,0.0
897111350,render/train/897111350.png,train,,0,0.0,0.36573737,1,-0.0498036582604402,,0,0.0,,0,0.0,,0,0.0
897856664,render/train/897856664.png,train,,0,0.0,0.41373857,1,1.5713776743680876,,0,0.0,,0,0.0,,0,0.0
897919146,render/train/897919146.png,train,-20.66610996,1,-1.0529554586590693,,0,0.0,,0,0.0,,0,0.0,,0,0.0
898827717,render/train/898827717.png,train,,0,0.0,0.35027613,1,-0.5719879717211342,,0,0.0,,0,0.0,,0,0.0
899188513,render/train/899188513.png,train,,0,0.0,0.3561426,1,-0.3738551822820118,,0,0.0,,0,0.0,,0,0.0
899991188,render/train/899991188.png,train,,0,0.0,0.37055224,1,0.11281263806200736,0.355,1,1.1019463607088895,0.905325915,1,-0.5483201824508395,21.08607303,1,1.0125082959168195
900206396,render/train/900206396.png,train,,0,0.0,0.3944462,1,0.9198016698898117,,0,0.0,,0,0.0,,0,0.0
900377151,render/train/900377151.png,train,,0,0.0,0.3773241,1,0.34152385818095954,,0,0.0,,0,0.0,,0,0.0
900477091,render/train/900477091.png,train,,0,0.0,0.3636633,1,-0.11985281466829713,,0,0.0,,0,0.0,,0,0.0
901091575,render/train/901091575.png,train,,0,0.0,0.34926735,1,-0.6060582721454794,,0,0.0,,0,0.0,,0,0.0
901146079,render/train/901146079.png,train,,0,0.0,0.35799953,1,-0.3111396615867386,,0,0.0,,0,0.0,,0,0.0
901361482,render/train/901361482.png,train,,0,0.0,0.3687618,1,0.0523427351180929,,0,0.0,,0,0.0,,0,0.0
901629107,render/train/901629107.png,train,,0,0.0,0.32664054,1,-1.3702508754331573,,0,0.0,,0,0.0,,0,0.0
902068777,render/train/902068777.png,train,,0,0.0,0.34746977,1,-0.6667693197840037,,0,0.0,,0,0.0,,0,0.0
902689817,render/train/902689817.png,train,,0,0.0,0.36856069,1,0.045550492886547854,,0,0.0,,0,0.0,,0,0.0
902705671,render/train/902705671.png,train,,0,0.0,0.35587178,1,-0.38300179379385685,,0,0.0,,0,0.0,,0,0.0
902763521,render/train/902763521.png,train,,0,0.0,0.4099229,1,1.4425081257844945,,0,0.0,,0,0.0,,0,0.0
903431099,render/train/903431099.png,train,,0,0.0,0.35830867,1,-0.30069883933294583,,0,0.0,,0,0.0,,0,0.0
903930104,render/train/903930104.png,train,-17.21827415,1,-1.021957623956863,,0,0.0,,0,0.0,,0,0.0,,0,0.0
904061966,render/train/904061966.png,train,,0,0.0,0.35926185,1,-0.2685063603400278,,0,0.0,,0,0.0,,0,0.0
904517028,render/train/904517028.png,train,,0,0.0,0.39864657,1,1.0616639865429955,,0,0.0,,0,0.0,,0,0.0
904673850,render/train/904673850.png,train,,0,0.0,0.35386702,1,-0.45071009042811694,,0,0.0,,0,0.0,,0,0.0
904679252,render/train/904679252.png,train,,0,0.0,0.37255113,1,0.18032268268543108,,0,0.0,,0,0.0,,0,0.0
904704494,render/train/904704494.png,train,,0,0.0,0.35159195,1,-0.5275477739531782,,0,0.0,,0,0.0,,0,0.0
904791008,render/train/904791008.png,train,,0,0.0,0.38218205,1,0.5055951283750953,0.3595,1,1.1522044361683976,0.893283062,1,-0.630698749378978,18.2412139,1,0.39522009883117537
905076848,render/train/905076848.png,train,,0,0.0,0.37991064,1,0.42888105683634803,,0,0.0,,0,0.0,,0,0.0
906179701,render/train/906179701.png,train,,0,0.0,0.40373085,1,1.2333792733661701,,0,0.0,,0,0.0,,0,0.0
906210584,render/train/906210584.png,train,,0,0.0,0.36114969,1,-0.20474689251444247,,0,0.0,,0,0.0,,0,0.0
906778852,render/train/906778852.png,train,,0,0.0,0.33664117,1,-1.0324919304375144,,0,0.0,,0,0.0,,0,0.0
906799787,render/train/906799787.png,train,,0,0.0,0.39156002,1,0.8223244997647767,,0,0.0,,0,0.0,,0,0.0
907119862,render/train/907119862.png,train,,0,0.0,0.3423688,1,-0.8390482907742748,,0,0.0,,0,0.0,,0,0.0
907128555,render/train/907128555.png,train,,0,0.0,0.32619562,1,-1.3852774997365709,,0,0.0,,0,0.0,,0,0.0
907537660,render/train/907537660.png,train,,0,0.0,,0,0.0,0.1669999999999999,1,-0.9977243473772283,0.887508896,1,-0.6701966590757227,15.25957674,1,-0.251746707873226
907618399,render/train/907618399.png,train,,0,0.0,0.37634912,1,0.30859511107284177,,0,0.0,,0,0.0,,0,0.0
907710212,render/train/907710212.png,train,,0,0.0,0.4003208,1,1.1182090400526299,,0,0.0,,0,0.0,,0,0.0
908333095,render/train/908333095.png,train,,0,0.0,0.38905414,1,0.7376914931356258,,0,0.0,,0,0.0,,0,0.0
908476662,render/train/908476662.png,train,,0,0.0,0.38628112,1,0.6440361624562765,,0,0.0,,0,0.0,,0,0.0
908638014,render/train/908638014.png,train,,0,0.0,0.37087012,1,0.12354864303721703,,0,0.0,,0,0.0,,0,0.0
908754108,render/train/908754108.png,train,,0,0.0,0.30797623,1,-2.000614927965008,,0,0.0,,0,0.0,,0,0.0
908812975,render/train/908812975.png,train,,0,0.0,0.41219974,1,1.5194055888767077,,0,0.0,,0,0.0,,0,0.0
908837792,render/train/908837792.png,train,,0,0.0,0.34643324,1,-0.7017768422357237,,0,0.0,,0,0.0,,0,0.0
909382922,render/train/909382922.png,train,,0,0.0,0.36770444,1,0.01663170510492612,,0,0.0,,0,0.0,,0,0.0
909509106,render/train/909509106.png,train,,0,0.0,0.42702035,1,2.019953414142903,,0,0.0,,0,0.0,,0,0.0
909673553,render/train/909673553.png,train,,0,0.0,0.40108774,1,1.1441114927256089,,0,0.0,,0,0.0,,0,0.0
909955996,render/train/909955996.png,train,,0,0.0,0.35082586,1,-0.553421518924416,,0,0.0,,0,0.0,,0,0.0
910389413,render/train/910389413.png,train,,0,0.0,0.34129811,1,-0.8752095250982502,,0,0.0,,0,0.0,,0,0.0
911111741,render/train/911111741.png,train,,0,0.0,0.35180608,1,-0.5203157972785158,,0,0.0,,0,0.0,,0,0.0
911981082,render/train/911981082.png,train,,0,0.0,0.38415931,1,0.5723746464236661,,0,0.0,,0,0.0,,0,0.0
912214142,render/train/912214142.png,train,,0,0.0,0.42545276,1,1.9670099951197293,,0,0.0,,0,0.0,,0,0.0
912864989,render/train/912864989.png,train,,0,0.0,,0,0.0,0.1365,1,-1.33836241438056,1.054643244,1,0.4730779514097405,12.33320291,1,-0.8867222700970437
912967034,render/train/912967034.png,train,,0,0.0,,0,0.0,0.3195,1,0.7054659876394369,0.936212185,1,-0.33704411187557476,22.57031329,1,1.3345643107386598
913368014,render/train/913368014.png,train,,0,0.0,0.33997342,1,-0.9199492961772987,,0,0.0,,0,0.0,,0,0.0
913582816,render/train/913582816.png,train,,0,0.0,,0,0.0,0.367,1,1.2359678952675779,,0,0.0,,0,0.0
913768396,render/train/913768396.png,train,100.4455143,1,0.03590094756497552,,0,0.0,,0,0.0,,0,0.0,,0,0.0
914204004,render/train/914204004.png,train,,0,0.0,0.42056313,1,1.8018687719948827,,0,0.0,,0,0.0,,0,0.0
914466551,render/train/914466551.png,train,,0,0.0,0.35360889,1,-0.45942811283987645,,0,0.0,,0,0.0,,0,0.0
914573947,render/train/914573947.png,train,,0,0.0,0.37595307,1,0.2952190107506103,,0,0.0,,0,0.0,,0,0.0
915211571,render/train/915211571.png,train,,0,0.0,0.41001219,1,1.4455237854178045,,0,0.0,,0,0.0,,0,0.0
915222222,render/train/915222222.png,train,,0,0.0,0.37725216,1,0.33909417340080233,,0,0.0,,0,0.0,,0,0.0
915365516,render/train/915365516.png,train,,0,0.0,0.37877881,1,0.3906548944131389,,0,0.0,,0,0.0,,0,0.0
915411038,render/train/915411038.png,train,,0,0.0,0.35326814,1,-0.47093652386070867,,0,0.0,,0,0.0,,0,0.0
915653393,render/train/915653393.png,train,,0,0.0,0.38061245,1,0.45258382408074976,,0,0.0,,0,0.0,,0,0.0
915714545,render/train/915714545.png,train,,0,0.0,0.36515861,1,-0.06935056350597792,,0,0.0,,0,0.0,,0,0.0
915798099,render/train/915798099.png,train,,0,0.0,0.38013673,1,0.4365169677613648,,0,0.0,,0,0.0,,0,0.0
915909655,render/train/915909655.png,train,,0,0.0,0.37783312,1,0.35871538093319527,,0,0.0,,0,0.0,,0,0.0
916135247,render/train/916135247.png,train,,0,0.0,0.35267198,1,-0.4910710926477357,,0,0.0,,0,0.0,,0,0.0
916461490,render/train/916461490.png,train,,0,0.0,0.36210647,1,-0.17243282796121656,,0,0.0,,0,0.0,,0,0.0
916566560,render/train/916566560.png,train,,0,0.0,0.36101129,1,-0.20942118183295638,,0,0.0,,0,0.0,,0,0.0
917149837,render/train/917149837.png,train,,0,0.0,0.35579291,1,-0.3856655307776078,,0,0.0,,0,0.0,,0,0.0
917240080,render/train/917240080.png,train,,0,0.0,0.40660468,1,1.3304393374718149,,0,0.0,,0,0.0,,0,0.0
917545259,render/train/917545259.png,train,,0,0.0,0.34634024,1,-0.7049178025436823,,0,0.0,,0,0.0,,0,0.0
917692864,render/train/917692864.png,train,,0,0.0,,0,0.0,0.139,1,-1.3104412613474998,,0,0.0,,0,0.0
917837982,render/train/917837982.png,train,,0,0.0,0.40671678,1,1.3342253767247432,,0,0.0,,0,0.0,,0,0.0
917938501,render/train/917938501.png,train,,0,0.0,0.32040893,1,-1.580715818064201,,0,0.0,,0,0.0,,0,0.0
918157319,render/train/918157319.png,train,325.2939228,1,2.0574049239208283,,0,0.0,,0,0.0,,0,0.0,,0,0.0
918244660,render/train/918244660.png,train,,0,0.0,0.34339353,1,-0.8044392987702316,,0,0.0,,0,0.0,,0,0.0
918773447,render/train/918773447.png,train,472.25,1,3.378616385417375,,0,0.0,,0,0.0,,0,0.0,,0,0.0
919063854,render/train/919063854.png,train,,0,0.0,,0,0.0,0.2283333333333333,1,-0.31272539296615387,,0,0.0,,0,0.0
919712594,render/train/919712594.png,train,,0,0.0,0.34179586,1,-0.8583986326973128,,0,0.0,,0,0.0,,0,0.0
919768604,render/train/919768604.png,train,,0,0.0,0.360922,1,-0.21243684146626438,,0,0.0,,0,0.0,,0,0.0
920265814,render/train/920265814.png,train,,0,0.0,0.36163095,1,-0.18849292952725094,,0,0.0,,0,0.0,,0,0.0
920561799,render/train/920561799.png,train,,0,0.0,0.40651802,1,1.3275125028450636,,0,0.0,,0,0.0,,0,0.0
920814890,render/train/920814890.png,train,,0,0.0,0.35702577,1,-0.3440272046994179,,0,0.0,,0,0.0,,0,0.0
921026823,render/train/921026823.png,train,,0,0.0,0.39366166,1,0.8933047989219945,,0,0.0,,0,0.0,,0,0.0
922945428,render/train/922945428.png,train,,0,0.0,0.36520777,1,-0.06769024513243711,,0,0.0,,0,0.0,,0,0.0
922969981,render/train/922969981.png,train,,0,0.0,0.36147849,1,-0.19364207800630104,,0,0.0,,0,0.0,,0,0.0
922972840,render/train/922972840.png,train,,0,0.0,0.34215996,1,-0.8461016042228161,,0,0.0,,0,0.0,,0,0.0
923029677,render/train/923029677.png,train,,0,0.0,0.39191905,1,0.8344502952418396,,0,0.0,,0,0.0,,0,0.0
923105283,render/train/923105283.png,train,,0,0.0,0.37881873,1,0.3920031431818881,,0,0.0,,0,0.0,,0,0.0
923146158,render/train/923146158.png,train,,0,0.0,0.37604443,1,0.2983045820810961,0.344,1,0.9790932873634252,,0,0.0,,0,0.0
923568845,render/train/923568845.png,train,,0,0.0,0.40556896,1,1.2954591717711648,,0,0.0,,0,0.0,,0,0.0
924221537,render/train/924221537.png,train,,0,0.0,0.44967432,1,2.785063312935573,,0,0.0,,0,0.0,,0,0.0
924258388,render/train/924258388.png,train,,0,0.0,0.34230372,1,-0.8412462875145116,,0,0.0,,0,0.0,,0,0.0
924456640,render/train/924456640.png,train,,0,0.0,0.39149503,1,0.8201295426635479,,0,0.0,,0,0.0,,0,0.0
924584081,render/train/924584081.png,train,,0,0.0,0.39334445,1,0.88259142237051,,0,0.0,,0,0.0,,0,0.0
924846340,render/train/924846340.png,train,,0,0.0,0.38016064,1,0.4373244985244118,,0,0.0,,0,0.0,,0,0.0
925076863,render/train/925076863.png,train,,0,0.0,0.40474828,1,1.2677417168729221,,0,0.0,,0,0.0,,0,0.0
925163617,render/train/925163617.png,train,106.1795053,1,0.08745250483067295,,0,0.0,,0,0.0,,0,0.0,,0,0.0
925500331,render/train/925500331.png,train,,0,0.0,0.38341143,1,0.5471159217449875,,0,0.0,,0,0.0,,0,0.0
925984041,render/train/925984041.png,train,,0,0.0,,0,0.0,0.293,1,0.4095017654889999,,0,0.0,,0,0.0
925989264,render/train/925989264.png,train,,0,0.0,0.3777411,1,0.35560751891665154,,0,0.0,,0,0.0,,0,0.0
926324198,render/train/926324198.png,train,,0,0.0,0.41320631,1,1.5534012492765301,,0,0.0,,0,0.0,,0,0.0
926346453,render/train/926346453.png,train,,0,0.0,0.32267936,1,-1.5040348448168683,,0,0.0,,0,0.0,,0,0.0
926490158,render/train/926490158.png,train,,0,0.0,0.39925527,1,1.0822220783650962,,0,0.0,,0,0.0,,0,0.0
926565348,render/train/926565348.png,train,,0,0.0,0.37216814,1,0.16738766775698255,,0,0.0,1.200029536,1,1.4675860124112161,24.89017712,1,1.837937059850809
926565511,render/train/926565511.png,train,,0,0.0,0.36989914,1,0.0907549909961084,,0,0.0,,0,0.0,,0,0.0
926851553,render/train/926851553.png,train,44.80678229,1,-0.4643201513876224,,0,0.0,,0,0.0,,0,0.0,,0,0.0
926945718,render/train/926945718.png,train,37.51200969,1,-0.5299039458911611,,0,0.0,,0,0.0,,0,0.0,,0,0.0
927050868,render/train/927050868.png,train,,0,0.0,0.35355098,1,-0.46138395167249957,,0,0.0,,0,0.0,,0,0.0
927902684,render/train/927902684.png,train,,0,0.0,0.34420519,1,-0.7770264832480934,0.1305,1,-1.405373181659904,1.010012446,1,0.1677830864720711,10.74845321,1,-1.230587199938057
928008419,render/train/928008419.png,train,,0,0.0,0.44541284,1,2.6411370813961557,,0,0.0,,0,0.0,,0,0.0
928940604,render/train/928940604.png,train,,0,0.0,0.36200233,1,-0.17595002803079784,,0,0.0,,0,0.0,,0,0.0
929171141,render/train/929171141.png,train,,0,0.0,0.36841027,1,0.040470242891671726,,0,0.0,,0,0.0,,0,0.0
929535825,render/train/929535825.png,train,,0,0.0,0.35412155,1,-0.4421136535766635,,0,0.0,,0,0.0,,0,0.0
930553513,render/train/930553513.png,train,,0,0.0,0.36800418,1,0.026755053951247942,,0,0.0,,0,0.0,,0,0.0
930567238,render/train/930567238.png,train,,0,0.0,0.39862825,1,1.0610452511360955,,0,0.0,,0,0.0,,0,0.0
930831236,render/train/930831236.png,train,,0,0.0,0.31148404,1,-1.8821429712137672,,0,0.0,,0,0.0,,0,0.0
931370343,render/train/931370343.png,train,,0,0.0,0.37620542,1,0.30374182079054324,,0,0.0,,0,0.0,,0,0.0
931521712,render/train/931521712.png,train,,0,0.0,0.34641044,1,-0.7025468841176749,,0,0.0,,0,0.0,,0,0.0
931723898,render/train/931723898.png,train,,0,0.0,0.37211398,1,0.16555848054968123,,0,0.0,,0,0.0,,0,0.0
931906273,render/train/931906273.png,train,,0,0.0,0.37649648,1,0.313572013341456,,0,0.0,,0,0.0,,0,0.0
932177649,render/train/932177649.png,train,,0,0.0,0.37103025,1,0.12895683630725557,,0,0.0,,0,0.0,,0,0.0
932213408,render/train/932213408.png,train,,0,0.0,,0,0.0,0.322,1,0.733387140672497,0.926144559,1,-0.4059112318386318,18.71887364,1,0.49886449957343554
932596908,render/train/932596908.png,train,,0,0.0,0.37755482,1,0.3493161416460413,,0,0.0,,0,0.0,,0,0.0
933005938,render/train/933005938.png,train,,0,0.0,0.33587551,1,-1.058351152689049,,0,0.0,,0,0.0,,0,0.0
933916766,render/train/933916766.png,train,59.5588378,1,-0.3316915102874686,,0,0.0,0.394,1,1.537516348024627,0.775000418,1,-1.439805586869323,34.672905605,1,3.96063015400202
934242824,render/train/934242824.png,train,,0,0.0,0.33830674,1,-0.9762393577479546,,0,0.0,,0,0.0,,0,0.0
934350191,render/train/934350191.png,train,,0,0.0,0.33288923,1,-1.1592090768659848,,0,0.0,,0,0.0,,0,0.0
934378848,render/train/934378848.png,train,,0,0.0,0.33698124,1,-1.021006485578073,,0,0.0,,0,0.0,,0,0.0
934720972,render/train/934720972.png,train,,0,0.0,0.34084911,1,-0.8903739463700138,,0,0.0,,0,0.0,,0,0.0
934750353,render/train/934750353.png,train,,0,0.0,0.35460063,1,-0.4259333174009906,,0,0.0,,0,0.0,,0,0.0
935609923,render/train/935609923.png,train,,0,0.0,0.38344332,1,0.5481929671667163,,0,0.0,,0,0.0,,0,0.0
935627680,render/train/935627680.png,train,,0,0.0,0.37525609,1,0.27167937079962046,,0,0.0,,0,0.0,,0,0.0
935941337,render/train/935941337.png,train,,0,0.0,,0,0.0,0.331,1,0.8339032915915133,,0,0.0,,0,0.0
935965318,render/train/935965318.png,train,,0,0.0,0.33180826,1,-1.1957175055121727,,0,0.0,,0,0.0,,0,0.0
935976337,render/train/935976337.png,train,,0,0.0,0.37985486,1,0.42699715612690686,,0,0.0,,0,0.0,,0,0.0
936348759,render/train/936348759.png,train,,0,0.0,0.32043251,1,-1.5799194326441819,,0,0.0,,0,0.0,,0,0.0
936419032,render/train/936419032.png,train,68.01369706,1,-0.2556779341735016,,0,0.0,,0,0.0,,0,0.0,,0,0.0
936563267,render/train/936563267.png,train,,0,0.0,0.37592453,1,0.2942551074475001,,0,0.0,,0,0.0,,0,0.0
937218293,render/train/937218293.png,train,,0,0.0,0.36011903,1,-0.2395561629553261,,0,0.0,,0,0.0,,0,0.0
937233675,render/train/937233675.png,train,,0,0.0,0.36891791,1,0.057615157845789466,,0,0.0,,0,0.0,,0,0.0
937312139,render/train/937312139.png,train,,0,0.0,0.36926813,1,0.06944340643776598,,0,0.0,,0,0.0,,0,0.0
937429768,render/train/937429768.png,train,,0,0.0,0.37258957,1,0.18162094627938702,,0,0.0,,0,0.0,,0,0.0
937600317,render/train/937600317.png,train,,0,0.0,0.36872385,1,0.051061020669846253,,0,0.0,,0,0.0,,0,0.0
938001500,render/train/938001500.png,train,,0,0.0,0.3722569,1,0.17038542729391376,,0,0.0,,0,0.0,,0,0.0
938126554,render/train/938126554.png,train,,0,0.0,,0,0.0,0.20825,1,-0.5370253223317362,0.831876241,1,-1.0507492069900342,13.577310245,1,-0.616771197404325
938471508,render/train/938471508.png,train,,0,0.0,0.34497827,1,-0.7509166596472577,,0,0.0,,0,0.0,,0,0.0
938632884,render/train/938632884.png,train,,0,0.0,0.36618089,1,-0.0348243172304792,,0,0.0,,0,0.0,,0,0.0
938927224,render/train/938927224.png,train,,0,0.0,0.38112345,1,0.4698422188911535,,0,0.0,,0,0.0,,0,0.0
939175685,render/train/939175685.png,train,,0,0.0,,0,0.0,0.213,1,-0.483975131568922,0.928441574,1,-0.3901986092638617,12.41393583,1,-0.8692045385135263
939569581,render/train/939569581.png,train,,0,0.0,0.33163835,1,-1.2014560062210489,,0,0.0,,0,0.0,,0,0.0
940363363,render/train/940363363.png,train,,0,0.0,0.41910129,1,1.7524969288057608,,0,0.0,,0,0.0,,0,0.0
940574386,render/train/940574386.png,train,,0,0.0,0.34201016,1,-0.8511609144823037,,0,0.0,,0,0.0,,0,0.0
940977758,render/train/940977758.png,train,,0,0.0,0.42211202,1,1.8541806215797878,,0,0.0,,0,0.0,,0,0.0
941025862,render/train/941025862.png,train,,0,0.0,0.36796455,1,0.025416599574855495,,0,0.0,,0,0.0,,0,0.0
941113349,render/train/941113349.png,train,,0,0.0,0.36666503,1,-0.018473085795039864,,0,0.0,,0,0.0,,0,0.0
941524634,render/train/941524634.png,train,,0,0.0,0.35367667,1,-0.4571389269294077,,0,0.0,,0,0.0,,0,0.0
941929262,render/train/941929262.png,train,,0,0.0,0.3613444,1,-0.1981708023901106,,0,0.0,,0,0.0,,0,0.0
942234134,render/train/942234134.png,train,,0,0.0,0.34107289,1,-0.882816052846193,,0,0.0,,0,0.0,,0,0.0
942714544,render/train/942714544.png,train,,0,0.0,0.3863404,1,0.6460382713493502,,0,0.0,,0,0.0,,0,0.0
942731516,render/train/942731516.png,train,,0,0.0,0.35341699,1,-0.46590929867963565,,0,0.0,,0,0.0,,0,0.0
942798505,render/train/942798505.png,train,,0,0.0,0.33608462,1,-1.0512887203234837,,0,0.0,,0,0.0,,0,0.0
943239154,render/train/943239154.png,train,,0,0.0,0.34067938,1,-0.8961063678008758,,0,0.0,,0,0.0,,0,0.0
943356153,render/train/943356153.png,train,,0,0.0,0.33413155,1,-1.117251250954318,,0,0.0,,0,0.0,,0,0.0
943955993,render/train/943955993.png,train,,0,0.0,,0,0.0,0.141,1,-1.288104338921052,1.17680677,1,1.3087317788514872,13.61558599,1,-0.6084659827896526
944555071,render/train/944555071.png,train,,0,0.0,0.36004783,1,-0.24196085514808674,,0,0.0,,0,0.0,,0,0.0
945028672,render/train/945028672.png,train,,0,0.0,0.42889461,1,2.083254234215992,,0,0.0,,0,0.0,,0,0.0
945057179,render/train/945057179.png,train,,0,0.0,0.39971724,1,1.0978245453916364,,0,0.0,,0,0.0,,0,0.0
945096755,render/train/945096755.png,train,,0,0.0,0.37134878,1,0.13971479423085204,,0,0.0,,0,0.0,,0,0.0
945247998,render/train/945247998.png,train,,0,0.0,0.3385676,1,-0.9674291329529593,,0,0.0,,0,0.0,,0,0.0
945652954,render/train/945652954.png,train,,0,0.0,0.36754584,1,0.011275185698017574,,0,0.0,,0,0.0,,0,0.0
945771244,render/train/945771244.png,train,,0,0.0,0.4443714,1,2.605963729749685,,0,0.0,,0,0.0,,0,0.0
945861213,render/train/945861213.png,train,,0,0.0,0.35315362,1,-0.4748042956291776,,0,0.0,,0,0.0,,0,0.0
946366980,render/train/946366980.png,train,,0,0.0,0.30069281,1,-2.2466034562037467,,0,0.0,,0,0.0,,0,0.0
946712155,render/train/946712155.png,train,,0,0.0,0.36819149,1,0.033081218201613416,,0,0.0,,0,0.0,,0,0.0
946893976,render/train/946893976.png,train,,0,0.0,0.34874023,1,-0.6238611000759298,,0,0.0,,0,0.0,,0,0.0
947147165,render/train/947147165.png,train,,0,0.0,0.35087811,1,-0.5516568396116094,,0,0.0,,0,0.0,,0,0.0
947769028,render/train/947769028.png,train,,0,0.0,0.39319174,1,0.8774338304497726,,0,0.0,,0,0.0,,0,0.0
948546936,render/train/948546936.png,train,,0,0.0,0.36840705,1,0.04036149136273045,,0,0.0,,0,0.0,,0,0.0
948650769,render/train/948650769.png,train,205.0712987,1,0.9765410908726838,,0,0.0,,0,0.0,,0,0.0,,0,0.0
948765285,render/train/948765285.png,train,,0,0.0,0.37332413,1,0.2064298043849261,,0,0.0,,0,0.0,,0,0.0
948991314,render/train/948991314.png,train,,0,0.0,0.31519849,1,-1.75669200330084,,0,0.0,,0,0.0,,0,0.0
949058568,render/train/949058568.png,train,,0,0.0,0.35765063,1,-0.32292332880660124,,0,0.0,,0,0.0,,0,0.0
949058569,render/train/949058569.png,train,,0,0.0,0.38603228,1,0.6356318983376453,,0,0.0,,0,0.0,,0,0.0
949132343,render/train/949132343.png,train,,0,0.0,0.34556434,1,-0.7311228681667598,,0,0.0,,0,0.0,,0,0.0
949159115,render/train/949159115.png,train,,0,0.0,0.36795124,1,0.024967070739383316,,0,0.0,,0,0.0,,0,0.0
949343034,render/train/949343034.png,train,,0,0.0,0.35717581,1,-0.3389597887359102,,0,0.0,,0,0.0,,0,0.0
949719355,render/train/949719355.png,train,,0,0.0,0.39848019,1,1.056044707230756,,0,0.0,,0,0.0,,0,0.0
949756192,render/train/949756192.png,train,133.1528291,1,0.32995669545843953,,0,0.0,,0,0.0,,0,0.0,,0,0.0
949789711,render/train/949789711.png,train,,0,0.0,0.36424024,1,-0.10036737767824992,,0,0.0,,0,0.0,,0,0.0
950036559,render/train/950036559.png,train,144.6951233,1,0.4337279152648235,,0,0.0,,0,0.0,,0,0.0,,0,0.0
950252228,render/train/950252228.png,train,,0,0.0,0.41564538,1,1.6357778305489619,,0,0.0,,0,0.0,,0,0.0
950647553,render/train/950647553.png,train,,0,0.0,0.40348963,1,1.2252323653501906,0.2345,1,-0.24385321548460556,0.892912233,1,-0.6332353876320058,13.03650471,1,-0.7341172094278048
950692936,render/train/950692936.png,train,,0,0.0,0.34341367,1,-0.803759095107841,,0,0.0,,0,0.0,,0,0.0
950984280,render/train/950984280.png,train,,0,0.0,0.37078887,1,0.1208045244885949,,0,0.0,,0,0.0,,0,0.0
951030953,render/train/951030953.png,train,,0,0.0,0.4120274,1,1.5135850179146235,,0,0.0,,0,0.0,,0,0.0
951186365,render/train/951186365.png,train,,0,0.0,0.35877417,1,-0.28497715090976905,,0,0.0,,0,0.0,,0,0.0
951464832,render/train/951464832.png,train,,0,0.0,0.34769384,1,-0.6592016318678262,,0,0.0,,0,0.0,,0,0.0
951628759,render/train/951628759.png,train,,0,0.0,0.36953742,1,0.078538344086481,0.3485,1,1.0293513628229334,0.948193246,1,-0.2550882302037981,23.57437713,1,1.5524298461588573
951639938,render/train/951639938.png,train,,0,0.0,0.33021579,1,-1.2495012158521428,,0,0.0,,0,0.0,,0,0.0
951662507,render/train/951662507.png,train,,0,0.0,0.35848755,1,-0.29465738793630203,,0,0.0,,0,0.0,,0,0.0
951933381,render/train/951933381.png,train,,0,0.0,0.3769725,1,0.3296490017908651,,0,0.0,,0,0.0,,0,0.0
951940704,render/train/951940704.png,train,,0,0.0,0.43534029,1,2.3009491270956923,,0,0.0,,0,0.0,,0,0.0
952029062,render/train/952029062.png,train,,0,0.0,0.37389366,1,0.22566497776334143,,0,0.0,,0,0.0,,0,0.0
952776097,render/train/952776097.png,train,87.17702398,1,-0.0833896719286427,,0,0.0,,0,0.0,,0,0.0,,0,0.0
952804603,render/train/952804603.png,train,,0,0.0,0.39230829,1,0.8475963962124893,,0,0.0,,0,0.0,,0,0.0
952898097,render/train/952898097.png,train,,0,0.0,0.33988537,1,-0.9229230763398354,,0,0.0,,0,0.0,,0,0.0
953208758,render/train/953208758.png,train,,0,0.0,0.36715532,1,-0.0019141456940747292,,0,0.0,,0,0.0,,0,0.0
953356077,render/train/953356077.png,train,98.31320425,1,0.01673037271566077,,0,0.0,,0,0.0,,0,0.0,,0,0.0
953833723,render/train/953833723.png,train,,0,0.0,0.36143904,1,-0.1949744531046775,,0,0.0,,0,0.0,,0,0.0
954090484,render/train/954090484.png,train,,0,0.0,0.39006159,1,0.7717168744501897,,0,0.0,,0,0.0,,0,0.0
954258008,render/train/954258008.png,train,,0,0.0,0.33102861,1,-1.222049222760572,,0,0.0,,0,0.0,,0,0.0
954755494,render/train/954755494.png,train,3.000872148,1,-0.8401769971221051,,0,0.0,,0,0.0,,0,0.0,,0,0.0
954781354,render/train/954781354.png,train,,0,0.0,0.34724713,1,-0.6742887112137265,,0,0.0,,0,0.0,,0,0.0
954804864,render/train/954804864.png,train,11.46555203,1,-0.7640751285156285,,0,0.0,,0,0.0,,0,0.0,,0,0.0
954903716,render/train/954903716.png,train,,0,0.0,0.3516794,1,-0.5245942580506935,,0,0.0,,0,0.0,,0,0.0
955200653,render/train/955200653.png,train,,0,0.0,0.32498132,1,-1.426288984703839,,0,0.0,,0,0.0,,0,0.0
955951687,render/train/955951687.png,train,,0,0.0,0.33296652,1,-1.1565987024337026,,0,0.0,,0,0.0,,0,0.0
956184132,render/train/956184132.png,train,,0,0.0,0.37482752,1,0.25720494758260615,,0,0.0,,0,0.0,,0,0.0
956462664,render/train/956462664.png,train,,0,0.0,0.39506825,1,0.9408106414980538,,0,0.0,,0,0.0,,0,0.0
956860993,render/train/956860993.png,train,-55.31696784,1,-1.3644846682979335,,0,0.0,,0,0.0,,0,0.0,,0,0.0
957017762,render/train/957017762.png,train,,0,0.0,,0,0.0,0.1405,1,-1.2936885695276636,0.95394828,1,-0.2157211920490761,12.83180759,1,-0.7785331577680743
957944731,render/train/957944731.png,train,,0,0.0,0.36114179,1,-0.20501370527178547,,0,0.0,,0,0.0,,0,0.0
958448882,render/train/958448882.png,train,,0,0.0,0.36234593,1,-0.16434536177472173,,0,0.0,,0,0.0,,0,0.0
958708723,render/train/958708723.png,train,,0,0.0,0.34938977,1,-0.6019236876196674,,0,0.0,,0,0.0,,0,0.0
958992897,render/train/958992897.png,train,,0,0.0,0.34158729,1,-0.865442827228832,,0,0.0,,0,0.0,,0,0.0
959078750,render/train/959078750.png,train,,0,0.0,0.4045687,1,1.2616766238395511,,0,0.0,,0,0.0,,0,0.0
959788863,render/train/959788863.png,train,,0,0.0,0.36717544,1,-0.001234617507018864,,0,0.0,,0,0.0,,0,0.0
960238804,render/train/960238804.png,train,,0,0.0,0.34501773,1,-0.7495839468112121,,0,0.0,,0,0.0,,0,0.0
960557401,render/train/960557401.png,train,,0,0.0,0.37743403,1,0.3452366083600347,,0,0.0,,0,0.0,,0,0.0
960896880,render/train/960896880.png,train,,0,0.0,0.357945,1,-0.3129813450877392,,0,0.0,,0,0.0,,0,0.0
961207214,render/train/961207214.png,train,20.92794041,1,-0.6790033423126436,,0,0.0,,0,0.0,,0,0.0,,0,0.0
961272139,render/train/961272139.png,train,,0,0.0,0.38000782,1,0.4321631914893317,,0,0.0,,0,0.0,,0,0.0
961432489,render/train/961432489.png,train,,0,0.0,0.3318831,1,-1.1931898768084348,,0,0.0,,0,0.0,,0,0.0
961504352,render/train/961504352.png,train,,0,0.0,0.43360758,1,2.242428983706385,,0,0.0,,0,0.0,,0,0.0
961636865,render/train/961636865.png,train,,0,0.0,0.36344351,1,-0.12727595086277602,,0,0.0,,0,0.0,,0,0.0
961938708,render/train/961938708.png,train,,0,0.0,0.35624612,1,-0.37035892194781717,,0,0.0,,0,0.0,,0,0.0
961980503,render/train/961980503.png,train,,0,0.0,0.35439971,1,-0.4327191426168561,0.138,1,-1.3216097225607237,1.036075809,1,0.3460682895936117,14.2239278,1,-0.4764656966782212
962173929,render/train/962173929.png,train,,0,0.0,0.38044047,1,0.44677541167469575,,0,0.0,,0,0.0,,0,0.0
962326024,render/train/962326024.png,train,,0,0.0,0.40667606,1,1.3328501089425915,,0,0.0,,0,0.0,,0,0.0
962879741,render/train/962879741.png,train,,0,0.0,0.40438149,1,1.255353836965861,,0,0.0,,0,0.0,,0,0.0
962995886,render/train/962995886.png,train,,0,0.0,0.33730096,1,-1.0102083368720418,,0,0.0,,0,0.0,,0,0.0
963631367,render/train/963631367.png,train,,0,0.0,0.3632724,1,-0.13305498009175604,,0,0.0,,0,0.0,,0,0.0
963881444,render/train/963881444.png,train,,0,0.0,0.32881448,1,-1.2968287329397503,,0,0.0,,0,0.0,,0,0.0
963896306,render/train/963896306.png,train,,0,0.0,0.35226534,1,-0.5048048571598747,,0,0.0,,0,0.0,,0,0.0
963961682,render/train/963961682.png,train,,0,0.0,0.36566131,1,-0.05237249095961663,,0,0.0,,0,0.0,,0,0.0
965296987,render/train/965296987.png,train,,0,0.0,0.39846139,1,1.055409760415814,,0,0.0,,0,0.0,,0,0.0
965501269,render/train/965501269.png,train,,0,0.0,0.36576682,1,-0.04880902082958663,,0,0.0,,0,0.0,,0,0.0
965594112,render/train/965594112.png,train,,0,0.0,0.3627692,1,-0.15004993952149207,,0,0.0,,0,0.0,,0,0.0
965608760,render/train/965608760.png,train,,0,0.0,0.33920775,1,-0.9458088561665026,,0,0.0,,0,0.0,,0,0.0
966245387,render/train/966245387.png,train,,0,0.0,0.34764197,1,-0.6609534771492643,,0,0.0,,0,0.0,,0,0.0
966864975,render/train/966864975.png,train,423.6341908,1,2.9415350101602433,,0,0.0,,0,0.0,,0,0.0,,0,0.0
966953045,render/train/966953045.png,train,,0,0.0,0.39477312,1,0.9308429897164585,,0,0.0,,0,0.0,,0,0.0
967532674,render/train/967532674.png,train,,0,0.0,,0,0.0,0.2465,1,-0.10983168092591714,0.912688006,1,-0.49796014682020123,15.66973123,1,-0.16274984929812958
967548475,render/train/967548475.png,train,,0,0.0,0.36169428,1,-0.18635403687883131,,0,0.0,,0,0.0,,0,0.0
967673328,render/train/967673328.png,train,,0,0.0,0.35943481,1,-0.2626648496425571,,0,0.0,,0,0.0,,0,0.0
967943450,render/train/967943450.png,train,,0,0.0,0.33046619,1,-1.2410442646573776,,0,0.0,,0,0.0,,0,0.0
967962139,render/train/967962139.png,train,,0,0.0,0.33858806,1,-0.9667381216852081,,0,0.0,,0,0.0,,0,0.0
967963503,render/train/967963503.png,train,,0,0.0,0.34535226,1,-0.7382856086195789,,0,0.0,,0,0.0,,0,0.0
968134863,render/train/968134863.png,train,,0,0.0,0.36829564,1,0.036598756008860145,,0,0.0,,0,0.0,,0,0.0
968431878,render/train/968431878.png,train,,0,0.0,0.33905768,1,-0.9508772853430141,,0,0.0,,0,0.0,,0,0.0
968537124,render/train/968537124.png,train,,0,0.0,0.3689794,1,0.059691906763385774,,0,0.0,,0,0.0,,0,0.0
968666725,render/train/968666725.png,train,,0,0.0,0.35771333,1,-0.3208057136312356,,0,0.0,,0,0.0,,0,0.0
968949443,render/train/968949443.png,train,384.637936,1,2.5909384252563035,,0,0.0,,0,0.0,,0,0.0,,0,0.0
969077485,render/train/969077485.png,train,,0,0.0,0.35193217,1,-0.5160572630287246,,0,0.0,,0,0.0,,0,0.0
969180408,render/train/969180408.png,train,,0,0.0,0.3645261,1,-0.09071280871444831,,0,0.0,,0,0.0,,0,0.0
969338627,render/train/969338627.png,train,,0,0.0,0.35779851,1,-0.31792886417927757,,0,0.0,,0,0.0,,0,0.0
970030032,render/train/970030032.png,train,,0,0.0,0.3287593,1,-1.2986923693891415,,0,0.0,,0,0.0,,0,0.0
970285384,render/train/970285384.png,train,,0,0.0,0.33523927,1,-1.0798393740475065,,0,0.0,,0,0.0,,0,0.0
970455714,render/train/970455714.png,train,,0,0.0,0.33788415,1,-0.9905118138397917,,0,0.0,,0,0.0,,0,0.0
970503486,render/train/970503486.png,train,,0,0.0,0.32910892,1,-1.286884385057215,,0,0.0,,0,0.0,,0,0.0
971170976,render/train/971170976.png,train,,0,0.0,0.3792992,1,0.40823042489334627,,0,0.0,,0,0.0,,0,0.0
972068859,render/train/972068859.png,train,,0,0.0,0.36103038,1,-0.20877644062565578,,0,0.0,,0,0.0,,0,0.0
972337368,render/train/972337368.png,train,,0,0.0,0.36838691,1,0.03968128770033989,,0,0.0,,0,0.0,,0,0.0
972362080,render/train/972362080.png,train,,0,0.0,0.35815042,1,-0.3060435379214898,,0,0.0,,0,0.0,,0,0.0
972393663,render/train/972393663.png,train,,0,0.0,0.35273195,1,-0.48904567985560204,,0,0.0,,0,0.0,,0,0.0
972435079,render/train/972435079.png,train,,0,0.0,0.32877992,1,-1.297995954318709,,0,0.0,,0,0.0,,0,0.0
972454148,render/train/972454148.png,train,,0,0.0,0.32584641,1,-1.3970716368241287,,0,0.0,,0,0.0,,0,0.0
972522646,render/train/972522646.png,train,,0,0.0,0.35641972,1,-0.3644957960396252,,0,0.0,,0,0.0,,0,0.0
972638379,render/train/972638379.png,train,,0,0.0,0.39659641,1,0.9924223608981857,,0,0.0,,0,0.0,,0,0.0
972642110,render/train/972642110.png,train,,0,0.0,0.36945993,1,0.07592121490084801,,0,0.0,,0,0.0,,0,0.0
972695180,render/train/972695180.png,train,,0,0.0,0.39492528,1,0.9359820060654827,,0,0.0,,0,0.0,,0,0.0
972818761,render/train/972818761.png,train,,0,0.0,0.37867068,1,0.3870029370142158,,0,0.0,,0,0.0,,0,0.0
973091046,render/train/973091046.png,train,,0,0.0,,0,0.0,0.309,1,0.5881971449005845,,0,0.0,,0,0.0
973188497,render/train/973188497.png,train,,0,0.0,0.3749767,1,0.26224331810670715,,0,0.0,,0,0.0,,0,0.0
973722160,render/train/973722160.png,train,,0,0.0,0.28374372,1,-2.8190380685267895,,0,0.0,,0,0.0,,0,0.0
974102332,render/train/974102332.png,train,,0,0.0,0.34957383,1,-0.5957072881112472,,0,0.0,,0,0.0,,0,0.0
974171598,render/train/974171598.png,train,,0,0.0,,0,0.0,0.276,1,0.21963792486419192,,0,0.0,,0,0.0
974543233,render/train/974543233.png,train,,0,0.0,0.42394222,1,1.9159933694897722,,0,0.0,,0,0.0,,0,0.0
974608076,render/train/974608076.png,train,,0,0.0,0.40445891,1,1.2579686019878207,,0,0.0,,0,0.0,,0,0.0
974829630,render/train/974829630.png,train,,0,0.0,0.34669796,1,-0.692836250701064,,0,0.0,,0,0.0,,0,0.0
974951002,render/train/974951002.png,train,,0,0.0,0.35322539,1,-0.47238035238936893,,0,0.0,,0,0.0,,0,0.0
974977615,render/train/974977615.png,train,,0,0.0,0.35101165,1,-0.5471466907995132,,0,0.0,,0,0.0,,0,0.0
975186441,render/train/975186441.png,train,,0,0.0,0.33326323,1,-1.1465776881006386,,0,0.0,,0,0.0,,0,0.0
975316837,render/train/975316837.png,train,,0,0.0,0.35075006,1,-0.5559815704442378,,0,0.0,,0,0.0,,0,0.0
975372229,render/train/975372229.png,train,-30.512105,1,-1.1414760679767908,,0,0.0,,0,0.0,,0,0.0,,0,0.0
975391754,render/train/975391754.png,train,,0,0.0,0.33368013,1,-1.132497404741622,,0,0.0,,0,0.0,,0,0.0
975529928,render/train/975529928.png,train,,0,0.0,0.38124543,1,0.47396194295959476,,0,0.0,,0,0.0,,0,0.0
975679689,render/train/975679689.png,train,,0,0.0,0.36156406,1,-0.19075205678530907,,0,0.0,,0,0.0,,0,0.0
975874706,render/train/975874706.png,train,,0,0.0,0.3611176,1,-0.2058306926895238,,0,0.0,,0,0.0,,0,0.0
975942451,render/train/975942451.png,train,,0,0.0,0.34327027,1,-0.8086022532601155,,0,0.0,,0,0.0,,0,0.0
977134165,render/train/977134165.png,train,,0,0.0,0.36459442,1,-0.0884053849699355,,0,0.0,,0,0.0,,0,0.0
977446169,render/train/977446169.png,train,,0,0.0,,0,0.0,0.297,1,0.4541756103418961,,0,0.0,,0,0.0
977496062,render/train/977496062.png,train,,0,0.0,0.35461809,1,-0.42534362743349724,,0,0.0,,0,0.0,,0,0.0
977560848,render/train/977560848.png,train,,0,0.0,0.374407055,1,0.2430042607451164,,0,0.0,,0,0.0,,0,0.0
977724395,render/train/977724395.png,train,,0,0.0,0.35501894,1,-0.411805413030854,0.2245,1,-0.3555378276168456,1.095853414,1,0.7549741721362533,13.394951,1,-0.6563401899006066
977861855,render/train/977861855.png,train,,0,0.0,0.3465376,1,-0.6982522119374571,,0,0.0,,0,0.0,,0,0.0
978144128,render/train/978144128.png,train,,0,0.0,0.32715503,1,-1.3528746101767863,,0,0.0,,0,0.0,,0,0.0
978251240,render/train/978251240.png,train,,0,0.0,0.36289032,1,-0.14595926089245934,,0,0.0,,0,0.0,,0,0.0
978860750,render/train/978860750.png,train,,0,0.0,0.3642123,1,-0.10131101672130817,,0,0.0,,0,0.0,,0,0.0
979011291,render/train/979011291.png,train,,0,0.0,0.3642299,1,-0.1007165984264682,,0,0.0,,0,0.0,,0,0.0
979179304,render/train/979179304.png,train,,0,0.0,0.33606063,1,-1.0520989529878697,,0,0.0,,0,0.0,,0,0.0
979211683,render/train/979211683.png,train,,0,0.0,0.36916022,1,0.06579887926752823,,0,0.0,,0,0.0,,0,0.0
979410672,render/train/979410672.png,train,,0,0.0,0.39052842,1,0.7874834819831458,,0,0.0,,0,0.0,,0,0.0
979464287,render/train/979464287.png,train,,0,0.0,0.3736609,1,0.2178037958140857,,0,0.0,,0,0.0,,0,0.0
979533481,render/train/979533481.png,train,,0,0.0,0.3881679,1,0.7077598300891045,,0,0.0,,0,0.0,,0,0.0
979588845,render/train/979588845.png,train,,0,0.0,0.34706136,1,-0.6805628638632946,,0,0.0,,0,0.0,,0,0.0
980179181,render/train/980179181.png,train,,0,0.0,,0,0.0,,0,0.0,0.820729949,1,-1.1269948907597003,15.50648001,1,-0.19817271090949923
980398576,render/train/980398576.png,train,,0,0.0,0.35986815,1,-0.24802932555813312,,0,0.0,,0,0.0,,0,0.0
980411522,render/train/980411522.png,train,,0,0.0,0.39088075,1,0.7993829932229696,0.335,1,0.8785771364444094,0.867649177,1,-0.806046128534124,11.65178394,1,-1.0345791122919883
980661216,render/train/980661216.png,train,2.162388076,1,-0.8477154044293512,,0,0.0,,0,0.0,,0,0.0,,0,0.0
980673012,render/train/980673012.png,train,,0,0.0,0.40977621,1,1.4375538519396056,,0,0.0,,0,0.0,,0,0.0
980966583,render/train/980966583.png,train,-43.36051195,1,-1.2569899197871461,,0,0.0,,0,0.0,,0,0.0,,0,0.0
981778956,render/train/981778956.png,train,,0,0.0,0.40626564,1,1.3189886795921286,,0,0.0,,0,0.0,,0,0.0
981880572,render/train/981880572.png,train,,0,0.0,0.3370471,1,-1.01878214529977,,0,0.0,,0,0.0,,0,0.0
982011392,render/train/982011392.png,train,,0,0.0,0.38359708,1,0.5533860215425437,,0,0.0,,0,0.0,,0,0.0
982052578,render/train/982052578.png,train,,0,0.0,0.38664522,1,0.656333190930775,,0,0.0,,0,0.0,,0,0.0
982081375,render/train/982081375.png,train,,0,0.0,0.36383462,1,-0.114066692948301,,0,0.0,,0,0.0,,0,0.0
982170716,render/train/982170716.png,train,,0,0.0,0.35031486,1,-0.5706799137348197,,0,0.0,,0,0.0,,0,0.0
982392154,render/train/982392154.png,train,,0,0.0,,0,0.0,,0,0.0,0.779950443,1,-1.4059451747428555,12.78661329,1,-0.7883395863786705
982448073,render/train/982448073.png,train,,0,0.0,0.33558333,1,-1.0682191718587233,,0,0.0,,0,0.0,,0,0.0
982641733,render/train/982641733.png,train,,0,0.0,0.33048829,1,-1.2402978644121518,,0,0.0,,0,0.0,,0,0.0
982644871,render/train/982644871.png,train,,0,0.0,0.34266836,1,-0.828931021205967,,0,0.0,,0,0.0,,0,0.0
982652113,render/train/982652113.png,train,,0,0.0,0.39839746,1,1.0532506035073406,,0,0.0,,0,0.0,,0,0.0
982823848,render/train/982823848.png,train,,0,0.0,0.35493117,1,-0.4147697365386993,,0,0.0,,0,0.0,,0,0.0
982899341,render/train/982899341.png,train,,0,0.0,0.33737081,1,-1.0078492392643954,,0,0.0,,0,0.0,,0,0.0
982900215,render/train/982900215.png,train,,0,0.0,0.33947658,1,-0.9367294544504928,,0,0.0,,0,0.0,,0,0.0
982959217,render/train/982959217.png,train,,0,0.0,0.37787317,1,0.3600680202916218,,0,0.0,,0,0.0,,0,0.0
983140270,render/train/983140270.png,train,,0,0.0,0.37865073,1,0.38632915036750853,,0,0.0,,0,0.0,,0,0.0
983336786,render/train/983336786.png,train,,0,0.0,0.32807349,1,-1.3218547563655065,,0,0.0,,0,0.0,,0,0.0
983359271,render/train/983359271.png,train,,0,0.0,0.34987919,1,-0.5853941306957763,,0,0.0,,0,0.0,,0,0.0
983408527,render/train/983408527.png,train,,0,0.0,0.34233697,1,-0.8401233097699976,,0,0.0,,0,0.0,,0,0.0
983924337,render/train/983924337.png,train,,0,0.0,0.35722894,1,-0.3371653885083623,,0,0.0,,0,0.0,,0,0.0
984649058,render/train/984649058.png,train,,0,0.0,0.36969623,1,0.08390195598440754,,0,0.0,,0,0.0,,0,0.0
984722345,render/train/984722345.png,train,,0,0.0,0.34843599,1,-0.6341364308726374,,0,0.0,,0,0.0,,0,0.0
985031681,render/train/985031681.png,train,,0,0.0,0.35686622,1,-0.349415809184741,,0,0.0,,0,0.0,,0,0.0
985113271,render/train/985113271.png,train,,0,0.0,0.33911152,1,-0.9490589057410715,,0,0.0,,0,0.0,,0,0.0
985128268,render/train/985128268.png,train,,0,0.0,0.36958426,1,0.08012030732115655,,0,0.0,,0,0.0,,0,0.0
985248291,render/train/985248291.png,train,,0,0.0,0.39543139,1,0.9530752471564685,,0,0.0,,0,0.0,,0,0.0
985685560,render/train/985685560.png,train,456.35,1,3.235667127121611,,0,0.0,,0,0.0,,0,0.0,,0,0.0
985716101,render/train/985716101.png,train,,0,0.0,0.3862986,1,0.6446265278991065,,0,0.0,,0,0.0,,0,0.0
985931014,render/train/985931014.png,train,,0,0.0,0.3520318,1,-0.5126923826471964,,0,0.0,,0,0.0,,0,0.0
986199632,render/train/986199632.png,train,,0,0.0,0.32344295,1,-1.4782455342625116,,0,0.0,,0,0.0,,0,0.0
986628745,render/train/986628745.png,train,,0,0.0,0.35082054,1,-0.5536011953635372,,0,0.0,,0,0.0,,0,0.0
987143129,render/train/987143129.png,train,,0,0.0,0.37010428,1,0.09768334150766653,0.0849999999999999,1,-1.9135381668615983,1.469086914,1,3.3080602938030355,15.64579264,1,-0.16794413428259294
987280139,render/train/987280139.png,train,,0,0.0,0.39015986,1,0.7750358225089345,,0,0.0,,0,0.0,,0,0.0
988391543,render/train/988391543.png,train,,0,0.0,0.36124078,1,-0.20167044010098054,,0,0.0,,0,0.0,,0,0.0
988399583,render/train/988399583.png,train,,0,0.0,0.44221475,1,2.533125535683425,,0,0.0,,0,0.0,,0,0.0
988455037,render/train/988455037.png,train,,0,0.0,0.3727379,1,0.18663060910175056,,0,0.0,,0,0.0,,0,0.0
988551958,render/train/988551958.png,train,,0,0.0,0.42340205,1,1.8977497939032042,,0,0.0,,0,0.0,,0,0.0
988557841,render/train/988557841.png,train,,0,0.0,0.46496815,1,3.3015935601042723,,0,0.0,,0,0.0,,0,0.0
989355394,render/train/989355394.png,train,,0,0.0,0.34033362,1,-0.9077839853931359,,0,0.0,,0,0.0,,0,0.0
989396731,render/train/989396731.png,train,,0,0.0,0.36451297,1,-0.0911562582719064,,0,0.0,,0,0.0,,0,0.0
990486279,render/train/990486279.png,train,,0,0.0,0.39717883,1,1.0120928781300353,,0,0.0,,0,0.0,,0,0.0
990726873,render/train/990726873.png,train,,0,0.0,0.3639981,1,-0.10854535755964194,,0,0.0,,0,0.0,,0,0.0
990755656,render/train/990755656.png,train,,0,0.0,0.29677001,1,-2.379091188419508,,0,0.0,,0,0.0,,0,0.0
990844091,render/train/990844091.png,train,,0,0.0,0.38038292,1,0.44483173139810456,,0,0.0,,0,0.0,,0,0.0
990921781,render/train/990921781.png,train,,0,0.0,0.33084137,1,-1.2283730228472642,,0,0.0,,0,0.0,,0,0.0
991150899,render/train/991150899.png,train,,0,0.0,0.32110167,1,-1.5573193788842403,,0,0.0,,0,0.0,,0,0.0
991486562,render/train/991486562.png,train,,0,0.0,0.38748444,1,0.6846768114646048,0.2329999999999999,1,-0.26060590730444255,,0,0.0,,0,0.0
991497754,render/train/991497754.png,train,,0,0.0,0.37801095,1,0.3647213698747491,,0,0.0,,0,0.0,,0,0.0
991575324,render/train/991575324.png,train,,0,0.0,0.3668584,1,-0.011942252518156567,,0,0.0,,0,0.0,,0,0.0
991645843,render/train/991645843.png,train,,0,0.0,0.3714413,1,0.14283954313077052,,0,0.0,,0,0.0,,0,0.0
991677197,render/train/991677197.png,train,,0,0.0,,0,0.0,0.307,1,0.5658602224741364,,0,0.0,,0,0.0
991734116,render/train/991734116.png,train,,0,0.0,0.36741646,1,0.0069055357556099106,,0,0.0,,0,0.0,,0,0.0
991748625,render/train/991748625.png,train,,0,0.0,0.4167925,1,1.674520393865813,,0,0.0,,0,0.0,,0,0.0
991749301,render/train/991749301.png,train,,0,0.0,0.3553822,1,-0.39953675452042925,,0,0.0,,0,0.0,,0,0.0
991912273,render/train/991912273.png,train,,0,0.0,0.39672462,1,0.9967524955334915,,0,0.0,,0,0.0,,0,0.0
992359277,render/train/992359277.png,train,,0,0.0,,0,0.0,0.1679999999999999,1,-0.9865558861640042,1.091984203,1,0.728507017108903,14.10579773,1,-0.5020980020401744
992375016,render/train/992375016.png,train,,0,0.0,0.34108064,1,-0.8825543061538639,,0,0.0,,0,0.0,,0,0.0
992491355,render/train/992491355.png,train,,0,0.0,0.39495463,1,0.9369732661196609,,0,0.0,,0,0.0,,0,0.0
992696585,render/train/992696585.png,train,,0,0.0,,0,0.0,0.211,1,-0.50631205399537,0.875138172,1,-0.7548180120876317,10.87629214,1,-1.2028482297427003
992902333,render/train/992902333.png,train,,0,0.0,,0,0.0,0.24,1,-0.18242667881187338,1.004037835,1,0.1269140422237458,17.43472846,1,0.2202258652033668
993287384,render/train/993287384.png,train,,0,0.0,,0,0.0,,0,0.0,1.109114286,1,0.8456845404831452,,0,0.0
993495758,render/train/993495758.png,train,,0,0.0,0.41132119,1,1.4897336460965114,,0,0.0,,0,0.0,,0,0.0
993642509,render/train/993642509.png,train,,0,0.0,0.33724691,1,-1.0120338089650005,,0,0.0,,0,0.0,,0,0.0
994147149,render/train/994147149.png,train,,0,0.0,0.36037645,1,-0.23086211991795938,,0,0.0,,0,0.0,,0,0.0
994176414,render/train/994176414.png,train,,0,0.0,0.38372241,1,0.5576188877296054,,0,0.0,1.04019662,1,0.37425650253299597,15.18496739,1,-0.2679357242858705
994235992,render/train/994235992.png,train,,0,0.0,0.36092418,1,-0.2123632146547457,,0,0.0,,0,0.0,,0,0.0
994355655,render/train/994355655.png,train,,0,0.0,0.4118037,1,1.5060298262921434,,0,0.0,,0,0.0,,0,0.0
994657756,render/train/994657756.png,train,,0,0.0,0.42316146,1,1.8896241633602788,,0,0.0,,0,0.0,,0,0.0
995410408,render/train/995410408.png,train,,0,0.0,0.37956411,1,0.4171774334436874,,0,0.0,,0,0.0,,0,0.0
995559885,render/train/995559885.png,train,,0,0.0,0.33776563,1,-0.9945146806752697,,0,0.0,,0,0.0,,0,0.0
995697393,render/train/995697393.png,train,,0,0.0,0.35072691,1,-0.5567634331445516,,0,0.0,,0,0.0,,0,0.0
996300632,render/train/996300632.png,train,,0,0.0,0.36524897,1,-0.06629876594224342,,0,0.0,,0,0.0,,0,0.0
996351908,render/train/996351908.png,train,,0,0.0,0.41502916,1,1.6149657600008849,,0,0.0,,0,0.0,,0,0.0
996538100,render/train/996538100.png,train,,0,0.0,0.37510529,1,0.2665862867733796,,0,0.0,,0,0.0,,0,0.0
997201189,render/train/997201189.png,train,,0,0.0,0.41024924,1,1.4535298568264279,,0,0.0,,0,0.0,,0,0.0
997252615,render/train/997252615.png,train,,0,0.0,0.36080303,1,-0.21645490649678048,0.2614999999999999,1,0.05769523727244216,0.965989074,1,-0.13335670961315138,16.476876,1,0.012387448224369343
997287969,render/train/997287969.png,train,,0,0.0,0.35788304,1,-0.3150739676757101,,0,0.0,,0,0.0,,0,0.0
997443668,render/train/997443668.png,train,,0,0.0,,0,0.0,0.246,1,-0.11541591153252916,1.241962384,1,1.7544256778505802,21.59688826,1,1.1233468991521889
997638129,render/train/997638129.png,train,,0,0.0,,0,0.0,0.2425,1,-0.15450552577881327,1.074977648,1,0.612174481182029,19.22062685,1,0.6077367917430773
998478267,render/train/998478267.png,train,,0,0.0,0.42780861,1,2.046575923523038,,0,0.0,,0,0.0,,0,0.0
998917125,render/train/998917125.png,train,110.2326669,1,0.1238925327849417,,0,0.0,,0,0.0,,0,0.0,,0,0.0
999068142,render/train/999068142.png,train,,0,0.0,0.37255612,1,0.18049121378152427,,0,0.0,,0,0.0,,0,0.0
999116161,render/train/999116161.png,train,,0,0.0,0.35865584,1,-0.28897360072956385,,0,0.0,,0,0.0,,0,0.0
999660395,render/train/999660395.png,train,,0,0.0,0.34863371,1,-0.6274586817103803,,0,0.0,,0,0.0,,0,0.0
999723050,render/train/999723050.png,train,,0,0.0,0.33382733,1,-1.1275259062756908,,0,0.0,,0,0.0,,0,0.0
999774546,render/train/999774546.png,train,,0,0.0,0.35427898,1,-0.43679664947685487,,0,0.0,,0,0.0,,0,0.0
999910921,render/train/999910921.png,train,,0,0.0,0.37667899,1,0.3197360635114097,,0,0.0,,0,0.0,,0,0.0
1000606738,render/train/1000606738.png,train,,0,0.0,0.3684349,1,0.04130209076678072,,0,0.0,,0,0.0,,0,0.0
1000610070,render/train/1000610070.png,train,,0,0.0,0.34522858,1,-0.7424627480914988,,0,0.0,,0,0.0,,0,0.0
1000940979,render/train/1000940979.png,train,,0,0.0,0.36044402,1,-0.22858002649851056,,0,0.0,,0,0.0,,0,0.0
1001186326,render/train/1001186326.png,train,,0,0.0,0.34666187,1,-0.6940551459431545,,0,0.0,,0,0.0,,0,0.0
1001439258,render/train/1001439258.png,train,,0,0.0,0.37485348,1,0.2580817145674945,,0,0.0,,0,0.0,,0,0.0
1002053152,render/train/1002053152.png,train,,0,0.0,0.34762282,1,-0.6616002447825708,,0,0.0,,0,0.0,,0,0.0
1002421560,render/train/1002421560.png,train,-15.95518318,1,-1.01060178010016,,0,0.0,,0,0.0,,0,0.0,,0,0.0
1002611290,render/train/1002611290.png,train,,0,0.0,0.36415634,1,-0.10320099670876343,,0,0.0,,0,0.0,,0,0.0
1003276848,render/train/1003276848.png,train,,0,0.0,0.33737221,1,-1.0078019559909426,,0,0.0,,0,0.0,,0,0.0
1003322685,render/train/1003322685.png,train,,0,0.0,0.37311394,1,0.19933089635126885,,0,0.0,,0,0.0,,0,0.0
1003416473,render/train/1003416473.png,train,,0,0.0,0.41584019,1,1.642357298049969,,0,0.0,,0,0.0,,0,0.0
1003531277,render/train/1003531277.png,train,-81.38297384,1,-1.598831600652207,,0,0.0,,0,0.0,,0,0.0,,0,0.0
1003609082,render/train/1003609082.png,train,,0,0.0,0.44177748,1,2.518357280695665,,0,0.0,,0,0.0,,0,0.0
1003747074,render/train/1003747074.png,train,,0,0.0,0.36411353,1,-0.10464685166342777,,0,0.0,,0,0.0,,0,0.0
1004036255,render/train/1004036255.png,train,,0,0.0,0.40046874,1,1.1232055311059594,,0,0.0,,0,0.0,,0,0.0
1004048009,render/train/1004048009.png,train,27.51087357,1,-0.6198193540967573,,0,0.0,,0,0.0,,0,0.0,,0,0.0
1004172510,render/train/1004172510.png,train,,0,0.0,0.34556001,1,-0.7312691085767988,,0,0.0,,0,0.0,,0,0.0
1005319308,render/train/1005319308.png,train,,0,0.0,0.37725763,1,0.3392789159049374,,0,0.0,,0,0.0,,0,0.0
1005375030,render/train/1005375030.png,train,,0,0.0,0.41378255,1,1.572863044629852,,0,0.0,,0,0.0,,0,0.0
1006229444,render/train/1006229444.png,train,,0,0.0,0.368655,1,0.04873569682895292,,0,0.0,,0,0.0,,0,0.0
1006972816,render/train/1006972816.png,train,,0,0.0,0.37206432,1,0.16388127529276383,,0,0.0,,0,0.0,,0,0.0
1007721072,render/train/1007721072.png,train,,0,0.0,0.35428669,1,-0.43653625373519517,,0,0.0,,0,0.0,,0,0.0
1007994898,render/train/1007994898.png,train,,0,0.0,0.41642982,1,1.6622713241401037,,0,0.0,,0,0.0,,0,0.0
1008054582,render/train/1008054582.png,train,,0,0.0,0.37350253,1,0.21245504437352986,,0,0.0,,0,0.0,,0,0.0
1008455726,render/train/1008455726.png,train,,0,0.0,0.38855303,1,0.7207671208784023,,0,0.0,,0,0.0,,0,0.0
1009402745,render/train/1009402745.png,train,,0,0.0,0.39081756,1,0.7972488289018946,,0,0.0,,0,0.0,,0,0.0
1010071702,render/train/1010071702.png,train,,0,0.0,0.34872521,1,-0.624368382052548,,0,0.0,,0,0.0,,0,0.0
1011327767,render/train/1011327767.png,train,,0,0.0,0.37163024,1,0.1492207586209432,,0,0.0,,0,0.0,,0,0.0
1011731362,render/train/1011731362.png,train,,0,0.0,0.44335751,1,2.5717208453772367,,0,0.0,,0,0.0,,0,0.0
1011779904,render/train/1011779904.png,train,,0,0.0,0.37859237,1,0.38435811333984743,,0,0.0,,0,0.0,,0,0.0
1011876528,render/train/1011876528.png,train,,0,0.0,0.37553512,1,0.28110326493650367,,0,0.0,,0,0.0,,0,0.0
1011928148,render/train/1011928148.png,train,,0,0.0,0.35893262,1,-0.2796256975678744,0.1525,1,-1.1596670349689755,0.956557271,1,-0.19787451238700518,11.46248639,1,-1.0756536042132208
1011964069,render/train/1011964069.png,train,,0,0.0,0.37955034,1,0.416712368675508,,0,0.0,,0,0.0,,0,0.0
1012063352,render/train/1012063352.png,train,,0,0.0,0.40041543,1,1.1214050516003975,,0,0.0,,0,0.0,,0,0.0
1012066552,render/train/1012066552.png,train,,0,0.0,0.43960081,1,2.444842935819026,,0,0.0,,0,0.0,,0,0.0
1012240056,render/train/1012240056.png,train,,0,0.0,0.38527977,1,0.6102168011189035,,0,0.0,,0,0.0,,0,0.0
1012244611,render/train/1012244611.png,train,,0,0.0,0.41170662,1,1.5027510690158352,0.224,1,-0.3611220582234576,1.081627625,1,0.657663334642674,22.18257973,1,1.2504324295927562
1012389657,render/train/1012389657.png,train,3.697542049,1,-0.8339135728689646,,0,0.0,,0,0.0,,0,0.0,,0,0.0
1012615960,render/train/1012615960.png,train,,0,0.0,0.37857284,1,0.38369851167517616,,0,0.0,,0,0.0,,0,0.0
1012673977,render/train/1012673977.png,train,,0,0.0,0.39607619,1,0.9748525719583251,,0,0.0,,0,0.0,,0,0.0
1012813731,render/train/1012813731.png,train,,0,0.0,0.35659947,1,-0.35842496146590735,,0,0.0,,0,0.0,,0,0.0
1013332010,render/train/1013332010.png,train,,0,0.0,0.40096044,1,1.1398120922180446,,0,0.0,,0,0.0,,0,0.0
1013677154,render/train/1013677154.png,train,,0,0.0,0.34810342,1,-0.6453685724814353,,0,0.0,,0,0.0,,0,0.0
1013955085,render/train/1013955085.png,train,,0,0.0,0.3165625749999999,1,-1.7106217146805882,,0,0.0,,0,0.0,,0,0.0
1014178298,render/train/1014178298.png,train,,0,0.0,0.36108206,1,-0.2070310123598991,,0,0.0,,0,0.0,,0,0.0
1014358426,render/train/1014358426.png,train,,0,0.0,0.45700932,1,3.032793892063391,,0,0.0,,0,0.0,,0,0.0
1015002552,render/train/1015002552.png,train,,0,0.0,0.34939934,1,-0.6016004726718479,,0,0.0,,0,0.0,,0,0.0
1015530423,render/train/1015530423.png,train,,0,0.0,0.31321391,1,-1.8237187453220383,,0,0.0,,0,0.0,,0,0.0
1015804720,render/train/1015804720.png,train,,0,0.0,0.34122991,1,-0.8775128959907531,,0,0.0,,0,0.0,,0,0.0
1015995822,render/train/1015995822.png,train,,0,0.0,0.37182941,1,0.15594747974499146,,0,0.0,,0,0.0,,0,0.0
1016001230,render/train/1016001230.png,train,,0,0.0,0.38583819,1,0.6290767479487,,0,0.0,,0,0.0,,0,0.0
1016053436,render/train/1016053436.png,train,,0,0.0,0.36365524,1,-0.12012503122832142,,0,0.0,,0,0.0,,0,0.0
1016427513,render/train/1016427513.png,train,,0,0.0,0.34670882,1,-0.6924694675941363,,0,0.0,,0,0.0,,0,0.0
1016483191,render/train/1016483191.png,train,,0,0.0,0.36206097,1,-0.17396953434844542,,0,0.0,,0,0.0,,0,0.0
1016549467,render/train/1016549467.png,train,,0,0.0,0.3488479,1,-0.620224678609714,,0,0.0,,0,0.0,,0,0.0
1016554396,render/train/1016554396.png,train,,0,0.0,0.34652388,1,-0.6987155880172979,,0,0.0,,0,0.0,,0,0.0
1016682022,render/train/1016682022.png,train,,0,0.0,,0,0.0,0.196,1,-0.6738389721937303,0.996326132,1,0.07416250222608642,14.84520894,1,-0.34165778624438786
1017422838,render/train/1017422838.png,train,,0,0.0,0.36507338,1,-0.07222910164627265,,0,0.0,,0,0.0,,0,0.0
1017533864,render/train/1017533864.png,train,,0,0.0,0.37933569,1,0.4094628296421362,,0,0.0,,0,0.0,,0,0.0
1017786656,render/train/1017786656.png,train,,0,0.0,0.36342323,1,-0.12796088285251314,,0,0.0,,0,0.0,,0,0.0
1017876939,render/train/1017876939.png,train,,0,0.0,0.40790835,1,1.3744691839737313,,0,0.0,,0,0.0,,0,0.0
1017988364,render/train/1017988364.png,train,,0,0.0,0.35605283,1,-0.3768870533233617,,0,0.0,,0,0.0,,0,0.0
1018289608,render/train/1018289608.png,train,,0,0.0,0.35957648,1,-0.2578801201067652,,0,0.0,,0,0.0,,0,0.0
1018372810,render/train/1018372810.png,train,,0,0.0,0.34584685,1,-0.7215814413215805,,0,0.0,,0,0.0,,0,0.0
1018492887,render/train/1018492887.png,train,,0,0.0,0.38180644,1,0.49290936384528045,,0,0.0,,0,0.0,,0,0.0
1018993474,render/train/1018993474.png,train,,0,0.0,0.36515817,1,-0.06936542396334858,,0,0.0,,0,0.0,,0,0.0
1019146699,render/train/1019146699.png,train,,0,0.0,0.33667776,1,-1.0312561483120493,,0,0.0,,0,0.0,,0,0.0
1019302045,render/train/1019302045.png,train,,0,0.0,0.37683798,1,0.3251057546873522,,0,0.0,,0,0.0,,0,0.0
1019871749,render/train/1019871749.png,train,,0,0.0,0.34037658,1,-0.9063330643734595,,0,0.0,,0,0.0,,0,0.0
1020201493,render/train/1020201493.png,train,,0,0.0,0.38516817,1,0.60644764874935,0.219,1,-0.41696436428957784,1.082808936,1,0.6657440367218602,12.13020166,1,-0.9307702422082786
1020575007,render/train/1020575007.png,train,,0,0.0,0.35962472,1,-0.25625087359863513,,0,0.0,,0,0.0,,0,0.0
1021238306,render/train/1021238306.png,train,,0,0.0,0.3601387,1,-0.23889183296331015,,0,0.0,,0,0.0,,0,0.0
1021483975,render/train/1021483975.png,train,,0,0.0,0.39957908,1,1.0931583617771443,,0,0.0,,0,0.0,,0,0.0
1022466130,render/train/1022466130.png,train,,0,0.0,0.33796445,1,-0.9877997803695842,,0,0.0,,0,0.0,,0,0.0
1022768745,render/train/1022768745.png,train,,0,0.0,0.37564095,1,0.2846775426718943,,0,0.0,,0,0.0,,0,0.0
1022782104,render/train/1022782104.png,train,,0,0.0,0.41979595,1,1.7759582136178835,,0,0.0,,0,0.0,,0,0.0
1022909256,render/train/1022909256.png,train,,0,0.0,0.36136438,1,-0.1974960025304013,,0,0.0,,0,0.0,,0,0.0
1022982762,render/train/1022982762.png,train,,0,0.0,0.37118198,1,0.13408132993657637,,0,0.0,,0,0.0,,0,0.0
1023161233,render/train/1023161233.png,train,,0,0.0,0.37657118,1,0.31609491371784915,,0,0.0,,0,0.0,,0,0.0
1023305390,render/train/1023305390.png,train,,0,0.0,0.33035557,1,-1.2447803187355129,,0,0.0,,0,0.0,,0,0.0
1024068572,render/train/1024068572.png,train,,0,0.0,0.39176934,1,0.8293940246213599,0.2663333333333333,1,0.11167613313635916,,0,0.0,,0,0.0
1024345756,render/train/1024345756.png,train,,0,0.0,0.4182603,1,1.7240935287047774,,0,0.0,,0,0.0,,0,0.0
1024792036,render/train/1024792036.png,train,,0,0.0,0.39692149,1,1.0034015369940092,,0,0.0,1.005045691,1,0.13380823357108879,12.92707658,1,-0.7578613352320777
1025306032,render/train/1025306032.png,train,,0,0.0,0.35960828,1,-0.2568061143240425,,0,0.0,,0,0.0,,0,0.0
1025433212,render/train/1025433212.png,train,,0,0.0,0.37039035,1,0.10734500296248425,,0,0.0,,0,0.0,,0,0.0
1025691953,render/train/1025691953.png,train,,0,0.0,0.34519508,1,-0.7435941692777002,,0,0.0,,0,0.0,,0,0.0
1025699725,render/train/1025699725.png,train,,0,0.0,,0,0.0,0.234,1,-0.24943744609121726,,0,0.0,,0,0.0
1026017017,render/train/1026017017.png,train,,0,0.0,0.3750338,1,0.26417180018826036,,0,0.0,,0,0.0,,0,0.0
1026090267,render/train/1026090267.png,train,,0,0.0,0.32199305,1,-1.527214118676612,,0,0.0,,0,0.0,,0,0.0
1026468393,render/train/1026468393.png,train,,0,0.0,0.35257191,1,-0.4944508334866345,,0,0.0,,0,0.0,,0,0.0
1026585512,render/train/1026585512.png,train,,0,0.0,0.33119767,1,-1.2163394297534351,,0,0.0,,0,0.0,,0,0.0
1026999069,render/train/1026999069.png,train,,0,0.0,0.35871072,1,-0.2871200964102006,,0,0.0,,0,0.0,,0,0.0
1027170347,render/train/1027170347.png,train,,0,0.0,0.3645491,1,-0.08993601207914652,,0,0.0,,0,0.0,,0,0.0
1027277278,render/train/1027277278.png,train,,0,0.0,0.40662582,1,1.3311533149009587,,0,0.0,,0,0.0,,0,0.0
1027526557,render/train/1027526557.png,train,,0,0.0,0.34810915,1,-0.6451750487979455,,0,0.0,,0,0.0,,0,0.0
1027925897,render/train/1027925897.png,train,,0,0.0,0.34274002,1,-0.826510793080501,,0,0.0,,0,0.0,,0,0.0
1028383994,render/train/1028383994.png,train,,0,0.0,0.35710014,1,-0.3415154496660527,,0,0.0,,0,0.0,,0,0.0
1028416033,render/train/1028416033.png,train,,0,0.0,0.43005336,1,2.1223895864401716,,0,0.0,,0,0.0,,0,0.0
1028677935,render/train/1028677935.png,train,,0,0.0,0.37383074,1,0.22353993235928857,,0,0.0,,0,0.0,,0,0.0
1028942320,render/train/1028942320.png,train,,0,0.0,0.3900218,1,0.770373016271116,,0,0.0,,0,0.0,,0,0.0
1029035301,render/train/1029035301.png,train,,0,0.0,0.36997043,1,0.09316272282787699,,0,0.0,,0,0.0,,0,0.0
1029595953,render/train/1029595953.png,train,64.73496741,1,-0.2851554166653149,,0,0.0,,0,0.0,,0,0.0,,0,0.0
1030451978,render/train/1030451978.png,train,,0,0.0,0.3645152,1,-0.09108094277204914,,0,0.0,,0,0.0,,0,0.0
1031120219,render/train/1031120219.png,train,,0,0.0,0.3876684,1,0.6908898335963517,,0,0.0,,0,0.0,,0,0.0
1031229001,render/train/1031229001.png,train,,0,0.0,0.37154684,1,0.14640402647380443,,0,0.0,,0,0.0,,0,0.0
1032049018,render/train/1032049018.png,train,,0,0.0,,0,0.0,0.2319999999999999,1,-0.27177436851766656,0.858171779,1,-0.8708758217511385,10.23167095,1,-1.3427205517083587
1032380700,render/train/1032380700.png,train,,0,0.0,0.34629729,1,-0.7063683858256932,,0,0.0,,0,0.0,,0,0.0
1032824878,render/train/1032824878.png,train,,0,0.0,0.3747633,1,0.255035996281776,,0,0.0,,0,0.0,,0,0.0
1032864427,render/train/1032864427.png,train,,0,0.0,0.38956456,1,0.7549302991613142,,0,0.0,1.109968877,1,0.8515303298396774,20.26112885,1,0.833508815697039
1033105320,render/train/1033105320.png,train,,0,0.0,,0,0.0,0.381,1,1.3923263522527145,,0,0.0,,0,0.0
1033189892,render/train/1033189892.png,train,,0,0.0,0.37243706,1,0.1764701091120002,,0,0.0,,0,0.0,,0,0.0
1033278937,render/train/1033278937.png,train,,0,0.0,,0,0.0,0.194,1,-0.6961758946201784,1.086916359,1,0.6938406696798207,21.06056085,1,1.00697256747605
1033351470,render/train/1033351470.png,train,,0,0.0,0.38006135,1,0.4339711012235809,,0,0.0,,0,0.0,,0,0.0
1033553223,render/train/1033553223.png,train,,0,0.0,0.36802502,1,0.027458899250363884,,0,0.0,,0,0.0,,0,0.0
1033716962,render/train/1033716962.png,train,,0,0.0,0.36071936,1,-0.21928075756094317,,0,0.0,,0,0.0,,0,0.0
1033918415,render/train/1033918415.png,train,,0,0.0,0.37173532,1,0.15276970603126985,,0,0.0,,0,0.0,,0,0.0
1033946861,render/train/1033946861.png,train,,0,0.0,0.37675973,1,0.3224629574389879,0.183,1,-0.8190289679656428,1.158953952,1,1.186610420858588,13.88465277,1,-0.5500828643531906
1034104971,render/train/1034104971.png,train,,0,0.0,0.35609978,1,-0.37530137497434346,,0,0.0,,0,0.0,,0,0.0
1034123279,render/train/1034123279.png,train,,0,0.0,0.38728627,1,0.6779838641073098,0.122,1,-1.5003051019723084,0.88188115,1,-0.708692989680735,10.05911169,1,-1.3801631067271842
1034236621,render/train/1034236621.png,train,,0,0.0,0.3885182,1,0.7195907805824198,,0,0.0,,0,0.0,,0,0.0
1034741718,render/train/1034741718.png,train,,0,0.0,0.44308089,1,2.562378346018227,,0,0.0,,0,0.0,,0,0.0
1034918215,render/train/1034918215.png,train,,0,0.0,0.35251392,1,-0.4964093742205983,,0,0.0,,0,0.0,,0,0.0
1034983348,render/train/1034983348.png,train,,0,0.0,0.38002629,1,0.4327869929612457,,0,0.0,,0,0.0,,0,0.0
1035028820,render/train/1035028820.png,train,,0,0.0,0.43188759,1,2.184338442630167,,0,0.0,,0,0.0,,0,0.0
1035315076,render/train/1035315076.png,train,,0,0.0,0.41044986,1,1.4603055499122657,,0,0.0,,0,0.0,,0,0.0
1035856874,render/train/1035856874.png,train,,0,0.0,,0,0.0,0.202,1,-0.6068282049143862,,0,0.0,,0,0.0
1036138133,render/train/1036138133.png,train,,0,0.0,0.38499973,1,0.6007587954775997,,0,0.0,,0,0.0,,0,0.0
1036220346,render/train/1036220346.png,train,,0,0.0,0.37255278,1,0.18037840940057112,,0,0.0,,0,0.0,,0,0.0
1036443335,render/train/1036443335.png,train,,0,0.0,0.30930644,1,-1.955688725693486,,0,0.0,,0,0.0,,0,0.0
1036702537,render/train/1036702537.png,train,,0,0.0,0.36243783,1,-0.161241552610188,,0,0.0,,0,0.0,,0,0.0
1037214507,render/train/1037214507.png,train,,0,0.0,0.37003696,1,0.09540969152990507,,0,0.0,1.184644856,1,1.3623478357891168,21.96383699,1,1.202968809979305
1037247055,render/train/1037247055.png,train,,0,0.0,0.35713398,1,-0.340372545399156,,0,0.0,,0,0.0,,0,0.0
1037483608,render/train/1037483608.png,train,,0,0.0,0.44205828,1,2.5278409543997,,0,0.0,,0,0.0,,0,0.0
1037753254,render/train/1037753254.png,train,,0,0.0,0.33690966,1,-1.0234240118022002,,0,0.0,,0,0.0,,0,0.0
1037907132,render/train/1037907132.png,train,,0,0.0,0.35769038,1,-0.32158082157820067,,0,0.0,,0,0.0,,0,0.0
1037933162,render/train/1037933162.png,train,,0,0.0,0.33585548,1,-1.059027641237097,,0,0.0,,0,0.0,,0,0.0
1038226153,render/train/1038226153.png,train,,0,0.0,,0,0.0,0.204,1,-0.5844912824879384,1.135056188,1,1.0231388953731533,22.20715615,1,1.2557651133213241
1038295245,render/train/1038295245.png,train,,0,0.0,0.3576415,1,-0.32323168329705015,,0,0.0,,0,0.0,,0,0.0
1038630240,render/train/1038630240.png,train,,0,0.0,0.41460255,1,1.600557533366704,,0,0.0,,0,0.0,,0,0.0
1038723100,render/train/1038723100.png,train,,0,0.0,0.353293,1,-0.470096908019247,,0,0.0,,0,0.0,,0,0.0
1038983275,render/train/1038983275.png,train,,0,0.0,0.36221772,1,-0.16867549641002755,,0,0.0,,0,0.0,,0,0.0
1039049249,render/train/1039049249.png,train,,0,0.0,0.41139,1,1.4920576189867334,,0,0.0,,0,0.0,,0,0.0
1039097467,render/train/1039097467.png,train,,0,0.0,0.34932417,1,-0.6041392467186156,,0,0.0,,0,0.0,,0,0.0
1039985158,render/train/1039985158.png,train,,0,0.0,,0,0.0,0.254,1,-0.02606822182673687,,0,0.0,,0,0.0
1040974624,render/train/1040974624.png,train,,0,0.0,0.45725149,1,3.0409728851577853,,0,0.0,,0,0.0,,0,0.0
1041000545,render/train/1041000545.png,train,,0,0.0,0.37262427,1,0.18279289598569035,,0,0.0,,0,0.0,,0,0.0
1041165828,render/train/1041165828.png,train,,0,0.0,0.33846216,1,-0.9709902389193179,,0,0.0,,0,0.0,,0,0.0
1042275963,render/train/1042275963.png,train,,0,0.0,0.38084203,1,0.4603376054517336,,0,0.0,,0,0.0,,0,0.0
1042390014,render/train/1042390014.png,train,,0,0.0,0.35782168,1,-0.317146326003629,,0,0.0,,0,0.0,,0,0.0
1042430628,render/train/1042430628.png,train,,0,0.0,0.36377279,1,-0.11615492494659266,,0,0.0,,0,0.0,,0,0.0
1042780856,render/train/1042780856.png,train,,0,0.0,0.36008701,1,-0.24063759896673417,,0,0.0,,0,0.0,,0,0.0
1043405335,render/train/1043405335.png,train,,0,0.0,0.44716761,1,2.7004022740800173,,0,0.0,,0,0.0,,0,0.0
1044196654,render/train/1044196654.png,train,,0,0.0,0.3876684,1,0.6908898335963517,,0,0.0,,0,0.0,,0,0.0
1044241223,render/train/1044241223.png,train,,0,0.0,0.37124704,1,0.13627865120147667,,0,0.0,,0,0.0,,0,0.0
1044295958,render/train/1044295958.png,train,,0,0.0,0.33895751,1,-0.9542604035585863,,0,0.0,,0,0.0,,0,0.0
1044700576,render/train/1044700576.png,train,,0,0.0,0.35329706,1,-0.46995978652623377,,0,0.0,,0,0.0,,0,0.0
1044740151,render/train/1044740151.png,train,,0,0.0,0.34348957,1,-0.801195666211344,,0,0.0,,0,0.0,,0,0.0
1044945612,render/train/1044945612.png,train,,0,0.0,0.38948605,1,0.7522787207335933,,0,0.0,,0,0.0,,0,0.0
1045029623,render/train/1045029623.png,train,,0,0.0,0.34201824,1,-0.8508880224469466,,0,0.0,,0,0.0,,0,0.0
1045248903,render/train/1045248903.png,train,,0,0.0,0.34755922,1,-0.6637482563480144,,0,0.0,,0,0.0,,0,0.0
1045265904,render/train/1045265904.png,train,,0,0.0,0.33737751,1,-1.0076229550271563,,0,0.0,,0,0.0,,0,0.0
1045484392,render/train/1045484392.png,train,,0,0.0,0.33973104,1,-0.9281353817627127,,0,0.0,,0,0.0,,0,0.0
1045667225,render/train/1045667225.png,train,,0,0.0,0.34246271,1,-0.8358765963385691,,0,0.0,,0,0.0,,0,0.0
1046009311,render/train/1046009311.png,train,,0,0.0,0.42702088,1,2.0199713142392817,,0,0.0,,0,0.0,,0,0.0
1046027555,render/train/1046027555.png,train,,0,0.0,0.36995005,1,0.09247441346146452,,0,0.0,,0,0.0,,0,0.0
1046064945,render/train/1046064945.png,train,,0,0.0,0.43642908,1,2.3377216665978846,,0,0.0,,0,0.0,,0,0.0
1047211829,render/train/1047211829.png,train,71.92438381,1,-0.22051882912069826,,0,0.0,,0,0.0,,0,0.0,,0,0.0
1047488413,render/train/1047488413.png,train,,0,0.0,0.36075305,1,-0.21814291935905855,,0,0.0,,0,0.0,,0,0.0
1047573880,render/train/1047573880.png,train,,0,0.0,0.3742406,1,0.23738244840036885,,0,0.0,,0,0.0,,0,0.0
1047587622,render/train/1047587622.png,train,,0,0.0,0.39620363,1,0.9791567007932322,0.1956666666666666,1,-0.6775617925981392,,0,0.0,,0,0.0
1047765125,render/train/1047765125.png,train,,0,0.0,0.42586088,1,1.9807937448066617,,0,0.0,,0,0.0,,0,0.0
1048177525,render/train/1048177525.png,train,2.83724036,1,-0.8416481318848856,,0,0.0,,0,0.0,,0,0.0,,0,0.0
1048219303,render/train/1048219303.png,train,308.5311609,1,1.9066989880344443,,0,0.0,,0,0.0,,0,0.0,,0,0.0
1048356010,render/train/1048356010.png,train,270.2905197,1,1.5628957618524035,,0,0.0,,0,0.0,,0,0.0,,0,0.0
1048411136,render/train/1048411136.png,train,,0,0.0,0.42324434,1,1.8924233331487061,,0,0.0,,0,0.0,,0,0.0
1048769739,render/train/1048769739.png,train,,0,0.0,0.34211504,1,-0.8476187218253277,,0,0.0,,0,0.0,,0,0.0
1048831581,render/train/1048831581.png,train,,0,0.0,0.35634052,1,-0.3671706783664041,,0,0.0,,0,0.0,,0,0.0
1049514979,render/train/1049514979.png,train,,0,0.0,0.37519578,1,0.26964247492679144,,0,0.0,,0,0.0,,0,0.0
1049869017,render/train/1049869017.png,train,,0,0.0,0.377461295,1,0.346157450110535,,0,0.0,,0,0.0,,0,0.0
1050100593,render/train/1050100593.png,train,327.2441987,1,2.0749389172149857,,0,0.0,,0,0.0,,0,0.0,,0,0.0
1050347337,render/train/1050347337.png,train,,0,0.0,0.36915045,1,0.06546890956635985,,0,0.0,,0,0.0,,0,0.0
1050360528,render/train/1050360528.png,train,,0,0.0,0.35365375,1,-0.4579130216633708,,0,0.0,,0,0.0,,0,0.0
1050435822,render/train/1050435822.png,train,,0,0.0,,0,0.0,0.328,1,0.8003979079518412,1.021142597,1,0.2439183584938913,23.54088095,1,1.5451617194725786
1050763719,render/train/1050763719.png,train,,0,0.0,0.37088821,1,0.1241596104777644,,0,0.0,,0,0.0,,0,0.0
1050868721,render/train/1050868721.png,train,,0,0.0,0.3357861,1,-1.061370865174369,,0,0.0,,0,0.0,,0,0.0
1051120785,render/train/1051120785.png,train,6.950276755,1,-0.8046697984252168,,0,0.0,,0,0.0,,0,0.0,,0,0.0
1051267871,render/train/1051267871.png,train,,0,0.0,0.35653071,1,-0.3607472456677927,,0,0.0,,0,0.0,,0,0.0
1051950887,render/train/1051950887.png,train,,0,0.0,0.35265054,1,-0.4917952022069036,,0,0.0,,0,0.0,,0,0.0
1052347491,render/train/1052347491.png,train,,0,0.0,0.32695077,1,-1.359773239773603,,0,0.0,,0,0.0,,0,0.0
1052403305,render/train/1052403305.png,train,,0,0.0,0.3540605,1,-0.44417554203688914,,0,0.0,,0,0.0,,0,0.0
1053128614,render/train/1053128614.png,train,,0,0.0,0.3681964,1,0.03324704739636596,,0,0.0,,0,0.0,,0,0.0
1053654075,render/train/1053654075.png,train,,0,0.0,0.36382705,1,-0.11432236036261602,,0,0.0,,0,0.0,,0,0.0
1053689640,render/train/1053689640.png,train,,0,0.0,0.39510719,1,0.9421257919753864,,0,0.0,,0,0.0,,0,0.0
1053749106,render/train/1053749106.png,train,,0,0.0,0.45331783,1,2.9081183698350945,,0,0.0,,0,0.0,,0,0.0
1054068496,render/train/1054068496.png,train,,0,0.0,,0,0.0,0.285,1,0.32015407578320765,0.976393146,1,-0.06218814668398754,21.13686578,1,1.0235294971924418
1054663737,render/train/1054663737.png,train,,0,0.0,0.33617998,1,-1.0480680539259888,,0,0.0,,0,0.0,,0,0.0
1054699439,render/train/1054699439.png,train,,0,0.0,0.44425689,1,2.6020962957188836,,0,0.0,,0,0.0,,0,0.0
1055096978,render/train/1055096978.png,train,,0,0.0,0.36900879,1,0.060684517768233394,,0,0.0,,0,0.0,,0,0.0
1055238521,render/train/1055238521.png,train,,0,0.0,0.37774913,1,0.3558787222636719,,0,0.0,,0,0.0,,0,0.0
1055403183,render/train/1055403183.png,train,,0,0.0,0.4202301,1,1.7906210944533776,,0,0.0,,0,0.0,,0,0.0
1055512615,render/train/1055512615.png,train,,0,0.0,0.36402861,1,-0.10751491993603107,,0,0.0,,0,0.0,,0,0.0
1056241646,render/train/1056241646.png,train,,0,0.0,0.37263888,1,0.18328633071794173,,0,0.0,,0,0.0,,0,0.0
1056427666,render/train/1056427666.png,train,,0,0.0,0.33748264,1,-1.0040723189284908,,0,0.0,,0,0.0,,0,0.0
1056745854,render/train/1056745854.png,train,,0,0.0,0.48456382,1,3.963413148038507,,0,0.0,,0,0.0,,0,0.0
1056838688,render/train/1056838688.png,train,,0,0.0,0.36475321,1,-0.08304244854734365,,0,0.0,,0,0.0,,0,0.0
1056941097,render/train/1056941097.png,train,,0,0.0,0.33695594,1,-1.0218609618769052,,0,0.0,,0,0.0,,0,0.0
1057142863,render/train/1057142863.png,train,1.410869343,1,-0.8544719481700884,,0,0.0,,0,0.0,,0,0.0,,0,0.0
1057428367,render/train/1057428367.png,train,,0,0.0,0.36471825,1,-0.0842231794330017,,0,0.0,,0,0.0,,0,0.0
1057546694,render/train/1057546694.png,train,,0,0.0,,0,0.0,0.209,1,-0.5286489764218182,,0,0.0,,0,0.0
1057577802,render/train/1057577802.png,train,,0,0.0,0.34464658,1,-0.7621190803413144,,0,0.0,,0,0.0,,0,0.0
1057831981,render/train/1057831981.png,train,,0,0.0,0.35418826,1,-0.4398606055966213,,0,0.0,,0,0.0,,0,0.0
1058058469,render/train/1058058469.png,train,,0,0.0,0.4177397,1,1.706510905733552,,0,0.0,,0,0.0,,0,0.0
1058114006,render/train/1058114006.png,train,,0,0.0,0.31210556,1,-1.8611518997019036,,0,0.0,,0,0.0,,0,0.0
1058146720,render/train/1058146720.png,train,,0,0.0,0.34980137,1,-0.5880224052244373,,0,0.0,,0,0.0,,0,0.0
1058557408,render/train/1058557408.png,train,,0,0.0,0.32751388,1,-1.3407548939777394,,0,0.0,,0,0.0,,0,0.0
1058865431,render/train/1058865431.png,train,,0,0.0,0.311097505,1,-1.8951977141453522,,0,0.0,,0,0.0,,0,0.0
1058915923,render/train/1058915923.png,train,,0,0.0,0.37436911,1,0.2417227151657025,,0,0.0,,0,0.0,,0,0.0
1058961949,render/train/1058961949.png,train,,0,0.0,0.39017325,1,0.7754880532457473,,0,0.0,,0,0.0,,0,0.0
1059090867,render/train/1059090867.png,train,,0,0.0,0.32639066,1,-1.378690264269211,,0,0.0,,0,0.0,,0,0.0
1059116091,render/train/1059116091.png,train,,0,0.0,0.34683518,1,-0.6882018144273193,,0,0.0,,0,0.0,,0,0.0
1059315394,render/train/1059315394.png,train,,0,0.0,0.4322761,1,2.1974598887510877,,0,0.0,,0,0.0,,0,0.0
1059383045,render/train/1059383045.png,train,,0,0.0,0.35642575,1,-0.3642921402261094,,0,0.0,,0,0.0,,0,0.0
1059454282,render/train/1059454282.png,train,,0,0.0,0.40192369,1,1.1723446730421587,,0,0.0,,0,0.0,,0,0.0
1059658423,render/train/1059658423.png,train,,0,0.0,,0,0.0,0.216,1,-0.45046974792924993,,0,0.0,,0,0.0
1059731090,render/train/1059731090.png,train,,0,0.0,0.38213277,1,0.5039307571495446,,0,0.0,,0,0.0,,0,0.0
1059955409,render/train/1059955409.png,train,,0,0.0,0.41481827,1,1.6078432103305003,,0,0.0,,0,0.0,,0,0.0
1060516600,render/train/1060516600.png,train,,0,0.0,0.36338058,1,-0.12940133400449624,,0,0.0,,0,0.0,,0,0.0
1060757060,render/train/1060757060.png,train,,0,0.0,0.38497626,1,0.5999661251719253,,0,0.0,,0,0.0,,0,0.0
1060916262,render/train/1060916262.png,train,,0,0.0,0.38730912,1,0.6787555946775995,,0,0.0,,0,0.0,,0,0.0
1061550399,render/train/1061550399.png,train,,0,0.0,0.42334602,1,1.8958574497520757,,0,0.0,,0,0.0,,0,0.0
1061842940,render/train/1061842940.png,train,,0,0.0,0.33739946,1,-1.0068816208469444,,0,0.0,,0,0.0,,0,0.0
1063041507,render/train/1063041507.png,train,,0,0.0,0.38185283,1,0.4944761288849161,,0,0.0,,0,0.0,,0,0.0
1063440128,render/train/1063440128.png,train,,0,0.0,0.36748449,1,0.009203165107765967,,0,0.0,,0,0.0,,0,0.0
1064087880,render/train/1064087880.png,train,,0,0.0,0.37459599,1,0.24938530736645448,,0,0.0,,0,0.0,,0,0.0
1064576585,render/train/1064576585.png,train,,0,0.0,0.35570592,1,-0.3886035107473871,,0,0.0,,0,0.0,,0,0.0
1064842298,render/train/1064842298.png,train,,0,0.0,0.37562329,1,0.2840810979510503,,0,0.0,,0,0.0,,0,0.0
1064934987,render/train/1064934987.png,train,,0,0.0,0.42154947,1,1.8351811890933047,,0,0.0,,0,0.0,,0,0.0
1065372195,render/train/1065372195.png,train,,0,0.0,0.32866479,1,-1.301884328084897,,0,0.0,,0,0.0,,0,0.0
1065435792,render/train/1065435792.png,train,,0,0.0,0.36431526,1,-0.0978336696964961,,0,0.0,,0,0.0,,0,0.0
1065541315,render/train/1065541315.png,train,,0,0.0,0.34386571,1,-0.7884920015851503,,0,0.0,,0,0.0,,0,0.0
1065659422,render/train/1065659422.png,train,183.1975298,1,0.7798845474520575,,0,0.0,,0,0.0,,0,0.0,,0,0.0
1065912423,render/train/1065912423.png,train,248.5034267,1,1.3670184797913445,,0,0.0,,0,0.0,,0,0.0,,0,0.0
1065918379,render/train/1065918379.png,train,58.7319127,1,-0.339125996432824,,0,0.0,,0,0.0,,0,0.0,,0,0.0
1066071241,render/train/1066071241.png,train,,0,0.0,,0,0.0,0.185,1,-0.7966920455391947,1.113444185,1,0.8753030100072339,20.76961788,1,0.9438426713373806
1066274431,render/train/1066274431.png,train,,0,0.0,0.36508508,1,-0.0718339485752711,,0,0.0,,0,0.0,,0,0.0
1066470436,render/train/1066470436.png,train,,0,0.0,,0,0.0,0.396,1,1.559853270451075,,0,0.0,,0,0.0
1066912127,render/train/1066912127.png,train,,0,0.0,0.38345634,1,0.5486327016098317,,0,0.0,,0,0.0,,0,0.0
1067785609,render/train/1067785609.png,train,,0,0.0,0.39313145,1,0.8753976100522783,,0,0.0,,0,0.0,,0,0.0
1067787070,render/train/1067787070.png,train,,0,0.0,0.39891755,1,1.0708160018575237,,0,0.0,,0,0.0,,0,0.0
1068100442,render/train/1068100442.png,train,,0,0.0,0.35801124,1,-0.31074417077806976,,0,0.0,,0,0.0,,0,0.0
1068153413,render/train/1068153413.png,train,,0,0.0,0.3485515,1,-0.6302352230750826,,0,0.0,,0,0.0,,0,0.0
1068186328,render/train/1068186328.png,train,,0,0.0,0.36652669,1,-0.023145348687547845,,0,0.0,,0,0.0,,0,0.0
1068353755,render/train/1068353755.png,train,,0,0.0,0.35980816,1,-0.2500554138256015,,0,0.0,,0,0.0,,0,0.0
1068808459,render/train/1068808459.png,train,,0,0.0,0.39040099,1,0.783179690885906,,0,0.0,,0,0.0,,0,0.0
1068978203,render/train/1068978203.png,train,,0,0.0,0.34174788,1,-0.8600190980260862,,0,0.0,,0,0.0,,0,0.0
1069092654,render/train/1069092654.png,train,,0,0.0,0.3589821,1,-0.27795457158897113,,0,0.0,,0,0.0,,0,0.0
1069141321,render/train/1069141321.png,train,,0,0.0,0.37535492,1,0.275017232167746,,0,0.0,,0,0.0,,0,0.0
1070036927,render/train/1070036927.png,train,,0,0.0,0.37048176,1,0.1104322629813087,,0,0.0,,0,0.0,,0,0.0
1070310585,render/train/1070310585.png,train,,0,0.0,0.36074996,1,-0.21824728029832433,,0,0.0,,0,0.0,,0,0.0
1070320227,render/train/1070320227.png,train,,0,0.0,0.38429931,1,0.5771029737689833,,0,0.0,,0,0.0,,0,0.0
1070754450,render/train/1070754450.png,train,,0,0.0,0.37404178,1,0.23066754809468515,,0,0.0,,0,0.0,,0,0.0
1071227644,render/train/1071227644.png,train,,0,0.0,0.37777031,1,0.35659405064348504,,0,0.0,,0,0.0,,0,0.0
1071356842,render/train/1071356842.png,train,,0,0.0,0.35694077,1,-0.34689797487335994,,0,0.0,,0,0.0,,0,0.0
1071493956,render/train/1071493956.png,train,,0,0.0,,0,0.0,0.3145,1,0.6496236815733167,0.923953778,1,-0.4208971657559017,21.98769917,1,1.208146515235569
1071638401,render/train/1071638401.png,train,,0,0.0,0.38084473,1,0.46042879462196545,,0,0.0,,0,0.0,,0,0.0
1071860128,render/train/1071860128.png,train,,0,0.0,0.38480246,1,0.5940962445103826,,0,0.0,,0,0.0,,0,0.0
1071877788,render/train/1071877788.png,train,,0,0.0,0.35831824,1,-0.3003756243851262,,0,0.0,,0,0.0,,0,0.0
1071999103,render/train/1071999103.png,train,,0,0.0,0.40332327,1,1.2196137615132856,,0,0.0,,0,0.0,,0,0.0
1072790069,render/train/1072790069.png,train,,0,0.0,0.32104988,1,-1.5590685222643397,,0,0.0,,0,0.0,,0,0.0
1073329534,render/train/1073329534.png,train,,0,0.0,0.36368772,1,-0.11902805928420801,,0,0.0,,0,0.0,,0,0.0
1073330794,render/train/1073330794.png,train,,0,0.0,0.35027949,1,-0.5718744918648464,,0,0.0,,0,0.0,,0,0.0
1073733808,render/train/1073733808.png,train,,0,0.0,0.36484403,1,-0.0799751150509038,,0,0.0,,0,0.0,,0,0.0
1074067336,render/train/1074067336.png,train,,0,0.0,0.38841806,1,0.7162086755798496,0.211,1,-0.50631205399537,1.075871128,1,0.618286288905577,12.36347326,1,-0.880154096095173
1074560123,render/train/1074560123.png,train,69.22130195,1,-0.24482093899489543,,0,0.0,,0,0.0,,0,0.0,,0,0.0
1074625910,render/train/1074625910.png,train,,0,0.0,0.320050415,1,-1.5928242200513871,,0,0.0,,0,0.0,,0,0.0
1075276432,render/train/1075276432.png,train,,0,0.0,0.37716624,1,0.33619233136144766,,0,0.0,,0,0.0,,0,0.0
1075404096,render/train/1075404096.png,train,,0,0.0,0.37879971,1,0.39136076613826076,,0,0.0,,0,0.0,,0,0.0
1075461516,render/train/1075461516.png,train,,0,0.0,0.35077016,1,-0.5553027177325166,,0,0.0,,0,0.0,,0,0.0
1075544965,render/train/1075544965.png,train,,0,0.0,0.3925623,1,0.8561752707052296,,0,0.0,,0,0.0,,0,0.0
1075748489,render/train/1075748489.png,train,,0,0.0,0.34159568,1,-0.8651594653257798,,0,0.0,,0,0.0,,0,0.0
1075922952,render/train/1075922952.png,train,,0,0.0,0.36789723,1,0.023142949597094044,,0,0.0,,0,0.0,,0,0.0
1076149389,render/train/1076149389.png,train,20.41787387,1,-0.6835891054305359,,0,0.0,,0,0.0,,0,0.0,,0,0.0
1076285178,render/train/1076285178.png,train,,0,0.0,0.36456285,1,-0.08947162278630366,,0,0.0,,0,0.0,,0,0.0
1076325582,render/train/1076325582.png,train,,0,0.0,0.40517863,1,1.2822762573947557,0.143,1,-1.265767416494604,0.87251011,1,-0.7727951460241079,10.2622674,1,-1.3360816193062044
1076737435,render/train/1076737435.png,train,216.6231471,1,1.0803982078994205,,0,0.0,,0,0.0,,0,0.0,,0,0.0
1076766601,render/train/1076766601.png,train,,0,0.0,0.35412177,1,-0.44210622334797817,,0,0.0,,0,0.0,,0,0.0
1077387611,render/train/1077387611.png,train,,0,0.0,0.36777032,1,0.018856720858563672,,0,0.0,,0,0.0,,0,0.0
1077715415,render/train/1077715415.png,train,,0,0.0,0.38047762,1,0.44803010710954355,,0,0.0,,0,0.0,,0,0.0
1077770059,render/train/1077770059.png,train,,0,0.0,0.3890601,1,0.7378927847854702,,0,0.0,,0,0.0,,0,0.0
1077976008,render/train/1077976008.png,train,,0,0.0,0.36974923,1,0.08569196562227624,0.368,1,1.247136356480802,0.942820572,1,-0.29183975284482544,20.09079341,1,0.7965487934771026
1078277401,render/train/1078277401.png,train,,0,0.0,0.33377673,1,-1.1292348588733538,,0,0.0,,0,0.0,,0,0.0
1078510278,render/train/1078510278.png,train,,0,0.0,0.36498491,1,-0.07521706679084524,,0,0.0,,0,0.0,,0,0.0
1078694994,render/train/1078694994.png,train,,0,0.0,0.38958964,1,0.7557773452314611,,0,0.0,,0,0.0,,0,0.0
1079075328,render/train/1079075328.png,train,,0,0.0,0.38478301,1,0.5934393447470501,,0,0.0,,0,0.0,,0,0.0
1079079241,render/train/1079079241.png,train,,0,0.0,0.37641146,1,0.31070056769217735,,0,0.0,,0,0.0,,0,0.0
1079236284,render/train/1079236284.png,train,,0,0.0,0.34703022,1,-0.6816145789599594,,0,0.0,,0,0.0,,0,0.0
1079254349,render/train/1079254349.png,train,,0,0.0,0.36179092,1,-0.18309014005989177,,0,0.0,,0,0.0,,0,0.0
1079860530,render/train/1079860530.png,train,,0,0.0,0.34230265,1,-0.8412824254449363,,0,0.0,,0,0.0,,0,0.0
1080075202,render/train/1080075202.png,train,,0,0.0,0.37777688,1,0.35681594429104685,0.304,1,0.5323548388344643,,0,0.0,,0,0.0
1080185947,render/train/1080185947.png,train,,0,0.0,0.38101564,1,0.46620106909759296,,0,0.0,0.933540935,1,-0.3553166712854413,15.81211052,1,-0.13185585729001437
1080677483,render/train/1080677483.png,train,,0,0.0,0.3604348,1,-0.22889142062796558,,0,0.0,,0,0.0,,0,0.0
1080857742,render/train/1080857742.png,train,,0,0.0,0.39612833,1,0.9766135361567871,,0,0.0,,0,0.0,,0,0.0
1081105585,render/train/1081105585.png,train,,0,0.0,0.40883151,1,1.405647774488748,,0,0.0,,0,0.0,,0,0.0
1081227608,render/train/1081227608.png,train,,0,0.0,0.38730657,1,0.6786694715723816,,0,0.0,,0,0.0,,0,0.0
1081296468,render/train/1081296468.png,train,,0,0.0,0.36497131,1,-0.07567639001867604,,0,0.0,,0,0.0,,0,0.0
1081913704,render/train/1081913704.png,train,,0,0.0,0.39101963,1,0.8040734939495235,,0,0.0,,0,0.0,,0,0.0
1082020725,render/train/1082020725.png,train,,0,0.0,0.41587885,1,1.643662991872612,,0,0.0,,0,0.0,,0,0.0
1082166960,render/train/1082166960.png,train,,0,0.0,0.30823837,1,-1.9917614727485722,,0,0.0,,0,0.0,,0,0.0
1082266101,render/train/1082266101.png,train,,0,0.0,0.35264374,1,-0.49202486382081995,,0,0.0,,0,0.0,,0,0.0
1082761945,render/train/1082761945.png,train,,0,0.0,0.30524997,1,-2.0926909973110224,,0,0.0,,0,0.0,,0,0.0
1082852638,render/train/1082852638.png,train,,0,0.0,0.38802883,1,0.7030629123468672,,0,0.0,1.024454484,1,0.2665731650325019,16.97613627,1,0.1207188129288116
1083086006,render/train/1083086006.png,train,,0,0.0,0.34241314,1,-0.8375507619564785,,0,0.0,,0,0.0,,0,0.0
1083192261,render/train/1083192261.png,train,,0,0.0,0.3510293,1,-0.5465505838163365,,0,0.0,,0,0.0,,0,0.0
1083208752,render/train/1083208752.png,train,,0,0.0,0.36673597,1,-0.01607717478163397,,0,0.0,,0,0.0,,0,0.0
1083322172,render/train/1083322172.png,train,,0,0.0,,0,0.0,0.309,1,0.5881971449005845,,0,0.0,,0,0.0
1083424600,render/train/1083424600.png,train,,0,0.0,0.35821095,1,-0.30399921181997736,,0,0.0,,0,0.0,,0,0.0
1084524118,render/train/1084524118.png,train,,0,0.0,0.47726356,1,3.7168558695676617,,0,0.0,,0,0.0,,0,0.0
1084974257,render/train/1084974257.png,train,,0,0.0,0.34568189,1,-0.7271527618850329,,0,0.0,,0,0.0,,0,0.0
1085199184,render/train/1085199184.png,train,,0,0.0,0.32973712,1,-1.265667704783447,,0,0.0,,0,0.0,,0,0.0
1085340471,render/train/1085340471.png,train,,0,0.0,0.36303676,1,-0.14101343048925769,,0,0.0,,0,0.0,,0,0.0
1085397410,render/train/1085397410.png,train,,0,0.0,0.35082943,1,-0.5533009465771102,,0,0.0,,0,0.0,,0,0.0
1085462355,render/train/1085462355.png,train,,0,0.0,0.36571135,1,-0.05068245167133449,,0,0.0,,0,0.0,,0,0.0
1085625486,render/train/1085625486.png,train,,0,0.0,0.38912701,1,0.7401525875188629,,0,0.0,,0,0.0,,0,0.0
1085727848,render/train/1085727848.png,train,,0,0.0,0.39996108,1,1.1060599406765088,,0,0.0,,0,0.0,,0,0.0
1085767747,render/train/1085767747.png,train,,0,0.0,0.37867206,1,0.3870495448123338,,0,0.0,,0,0.0,,0,0.0
1086507513,render/train/1086507513.png,train,,0,0.0,0.36049082,1,-0.2269994142145044,,0,0.0,,0,0.0,,0,0.0
1086648178,render/train/1086648178.png,train,,0,0.0,0.36412971,1,-0.10410039211737701,,0,0.0,,0,0.0,,0,0.0
1086813009,render/train/1086813009.png,train,,0,0.0,0.3635142,1,-0.12488848329105937,,0,0.0,,0,0.0,,0,0.0
1087155239,render/train/1087155239.png,train,,0,0.0,0.34936993,1,-0.6025937591520321,0.229,1,-0.30527975215733744,,0,0.0,,0,0.0
1087298590,render/train/1087298590.png,train,,0,0.0,0.37883274,1,0.3924763136540875,,0,0.0,,0,0.0,,0,0.0
1087567752,render/train/1087567752.png,train,102.2883172,1,0.05246870276876691,,0,0.0,,0,0.0,,0,0.0,,0,0.0
1087727668,render/train/1087727668.png,train,,0,0.0,0.35034415,1,-0.5696906801066456,,0,0.0,,0,0.0,,0,0.0
1087863432,render/train/1087863432.png,train,,0,0.0,0.34246271,1,-0.8358765963385691,,0,0.0,,0,0.0,,0,0.0
1087874446,render/train/1087874446.png,train,,0,0.0,0.38783787,1,0.6966134738478553,0.259,1,0.02977408423938331,0.880799375,1,-0.7160928204549446,10.58766356,1,-1.2654759408644072
1088069103,render/train/1088069103.png,train,,0,0.0,0.37120433,1,0.1348361736234895,,0,0.0,,0,0.0,,0,0.0
1088166568,render/train/1088166568.png,train,,0,0.0,0.33766319,1,-0.9979744653413705,,0,0.0,,0,0.0,,0,0.0
1089099608,render/train/1089099608.png,train,,0,0.0,0.34588903,1,-0.7201568638399701,,0,0.0,,0,0.0,,0,0.0
1089343278,render/train/1089343278.png,train,,0,0.0,0.39138472,1,0.8164039584531061,0.1245,1,-1.4723839489392483,0.905497494,1,-0.5471465044083555,10.82663282,1,-1.2136234951286173
1089446070,render/train/1089446070.png,train,,0,0.0,0.34184722,1,-0.8566640120369168,,0,0.0,,0,0.0,,0,0.0
1089600845,render/train/1089600845.png,train,,0,0.0,0.38133865,1,0.4771103334962405,,0,0.0,,0,0.0,,0,0.0
1090041949,render/train/1090041949.png,train,,0,0.0,0.38650416,1,0.6515690633927005,,0,0.0,,0,0.0,,0,0.0
1090062634,render/train/1090062634.png,train,,0,0.0,0.32985562,1,-1.2616655134233037,,0,0.0,,0,0.0,,0,0.0
1090620461,render/train/1090620461.png,train,,0,0.0,0.38724079,1,0.6764478331954175,,0,0.0,,0,0.0,,0,0.0
1090704353,render/train/1090704353.png,train,,0,0.0,0.31094849,1,-1.9002305119979392,,0,0.0,,0,0.0,,0,0.0
1090817229,render/train/1090817229.png,train,,0,0.0,0.3559394,1,-0.3807180116860694,0.165,1,-1.020061269803675,1.216100189,1,1.5775165549279595,17.29130819,1,0.1891059974530658
1091045706,render/train/1091045706.png,train,,0,0.0,0.37742789,1,0.34502923743217623,,0,0.0,,0,0.0,,0,0.0
1091424818,render/train/1091424818.png,train,,0,0.0,0.35215178,1,-0.5086402061122598,,0,0.0,,0,0.0,,0,0.0
1091676819,render/train/1091676819.png,train,,0,0.0,0.40250352,1,1.1919277162181212,,0,0.0,,0,0.0,,0,0.0
1091865104,render/train/1091865104.png,train,,0,0.0,0.3595073,1,-0.26021658929068653,,0,0.0,,0,0.0,,0,0.0
1092008018,render/train/1092008018.png,train,,0,0.0,0.35996312,1,-0.24482183092967016,,0,0.0,,0,0.0,,0,0.0
1092288968,render/train/1092288968.png,train,,0,0.0,0.38323804,1,0.5412598883278135,,0,0.0,,0,0.0,,0,0.0
1092404802,render/train/1092404802.png,train,,0,0.0,0.32910711,1,-1.286945515575038,,0,0.0,,0,0.0,,0,0.0
1092542084,render/train/1092542084.png,train,337.816724,1,2.16999141092242,,0,0.0,,0,0.0,,0,0.0,,0,0.0
1092567276,render/train/1092567276.png,train,,0,0.0,0.36600416,1,-0.04079315502860449,,0,0.0,,0,0.0,,0,0.0
1092652620,render/train/1092652620.png,train,,0,0.0,0.4131707,1,1.5521985654424817,,0,0.0,,0,0.0,,0,0.0
1092863578,render/train/1092863578.png,train,,0,0.0,0.40563512,1,1.2976936441794953,,0,0.0,,0,0.0,,0,0.0
1093111808,render/train/1093111808.png,train,,0,0.0,0.39288084,1,0.8669335663664952,,0,0.0,,0,0.0,,0,0.0
1093119609,render/train/1093119609.png,train,,0,0.0,0.36656282,1,-0.021925102494787952,,0,0.0,,0,0.0,,0,0.0
1093757238,render/train/1093757238.png,train,,0,0.0,0.36093522,1,-0.21199035226980018,0.222,1,-0.3834589806499057,1.102151001,1,0.7980525184521359,21.991583,1,1.2089892432262823
1093999589,render/train/1093999589.png,train,,0,0.0,0.37019133,1,0.1006233479034499,,0,0.0,,0,0.0,,0,0.0
1094849192,render/train/1094849192.png,train,,0,0.0,0.40384519,1,1.2372409658566248,,0,0.0,,0,0.0,,0,0.0
1095118388,render/train/1095118388.png,train,,0,0.0,0.36358328,1,-0.12255539148381336,,0,0.0,,0,0.0,,0,0.0
1096169476,render/train/1096169476.png,train,,0,0.0,,0,0.0,0.381,1,1.3923263522527145,,0,0.0,,0,0.0
1096482563,render/train/1096482563.png,train,,0,0.0,0.3421933,1,-0.844975586839296,,0,0.0,,0,0.0,,0,0.0
1097037876,render/train/1097037876.png,train,,0,0.0,0.3628852,1,-0.14613218257822988,,0,0.0,,0,0.0,,0,0.0
1097383443,render/train/1097383443.png,train,,0,0.0,0.35891323,1,-0.28028057090519914,,0,0.0,,0,0.0,,0,0.0
1097591808,render/train/1097591808.png,train,,0,0.0,0.39702352,1,1.0068474744157432,0.29,1,0.3759963818493278,0.887994076,1,-0.6668778082102184,19.66529502,1,0.7042225579682304
1098253429,render/train/1098253429.png,train,,0,0.0,0.39273614,1,0.8620465023174435,,0,0.0,,0,0.0,,0,0.0
1098329316,render/train/1098329316.png,train,,0,0.0,0.34491692,1,-0.7529886802375075,,0,0.0,,0,0.0,,0,0.0
1098458595,render/train/1098458595.png,train,,0,0.0,0.36246198,1,-0.16042591614312093,,0,0.0,,0,0.0,,0,0.0
1098493024,render/train/1098493024.png,train,,0,0.0,0.37589953,1,0.2934107632786937,,0,0.0,,0,0.0,,0,0.0
1098503912,render/train/1098503912.png,train,,0,0.0,0.35438758,1,-0.43312881840756096,,0,0.0,,0,0.0,,0,0.0
1099489498,render/train/1099489498.png,train,,0,0.0,0.36674405,1,-0.01580428274627687,0.175,1,-0.908376657671435,0.949266643,1,-0.24774570874273236,11.30667741,1,-1.1094616206944983
1099529039,render/train/1099529039.png,train,,0,0.0,0.34826627,1,-0.6398685145658303,,0,0.0,,0,0.0,,0,0.0
1099611212,render/train/1099611212.png,train,,0,0.0,0.38553594,1,0.6188686269478297,,0,0.0,,0,0.0,,0,0.0
1099687723,render/train/1099687723.png,train,,0,0.0,0.33834111,1,-0.9750785533846792,,0,0.0,,0,0.0,,0,0.0
1100016656,render/train/1100016656.png,train,,0,0.0,0.37725697,1,0.3392566252188814,,0,0.0,,0,0.0,,0,0.0
1100237859,render/train/1100237859.png,train,,0,0.0,0.34012243,1,-0.9149166671935464,,0,0.0,,0,0.0,,0,0.0
1100342042,render/train/1100342042.png,train,,0,0.0,0.3907835,1,0.7960984944063125,,0,0.0,,0,0.0,,0,0.0
1100790418,render/train/1100790418.png,train,,0,0.0,0.3844144,1,0.5809899965845002,,0,0.0,,0,0.0,,0,0.0
1100941404,render/train/1100941404.png,train,,0,0.0,0.37607565,1,0.2993589990791016,,0,0.0,,0,0.0,,0,0.0
1101351580,render/train/1101351580.png,train,,0,0.0,0.3993001,1,1.0837361563285997,,0,0.0,,0,0.0,,0,0.0
1101626993,render/train/1101626993.png,train,,0,0.0,0.37953912,1,0.41633342701254833,,0,0.0,,0,0.0,,0,0.0
1101869163,render/train/1101869163.png,train,,0,0.0,0.35302021,1,-0.4793100538515964,0.2329999999999999,1,-0.26060590730444255,1.072941358,1,0.5982453356506426,12.11326982,1,-0.9344441763151473
1102089845,render/train/1102089845.png,train,,0,0.0,0.34860054,1,-0.6285789575535519,,0,0.0,,0,0.0,,0,0.0
1102195850,render/train/1102195850.png,train,,0,0.0,0.34218034,1,-0.8454132948564036,,0,0.0,,0,0.0,,0,0.0
1102959825,render/train/1102959825.png,train,,0,0.0,0.42858574,1,2.0728225308792214,,0,0.0,,0,0.0,,0,0.0
1103272237,render/train/1103272237.png,train,,0,0.0,0.33635449,1,-1.0421741938900515,,0,0.0,,0,0.0,,0,0.0
1103276909,render/train/1103276909.png,train,,0,0.0,0.31831745,1,-1.6513529757512144,0.1119999999999999,1,-1.6119897141045496,1.502297049,1,3.5352326531094223,14.21742857,1,-0.47787592396393763
1103729487,render/train/1103729487.png,train,,0,0.0,0.4076565,1,1.365963260817175,,0,0.0,,0,0.0,,0,0.0
1104001182,render/train/1104001182.png,train,,0,0.0,0.31540535,1,-1.7497055619104684,,0,0.0,,0,0.0,,0,0.0
1104150399,render/train/1104150399.png,train,,0,0.0,0.38956004,1,0.7547776417355937,,0,0.0,,0,0.0,,0,0.0
1104675070,render/train/1104675070.png,train,,0,0.0,0.37873472,1,0.3891658090370319,,0,0.0,,0,0.0,,0,0.0
1104783164,render/train/1104783164.png,train,,0,0.0,0.37765587,1,0.3527289807763568,,0,0.0,,0,0.0,,0,0.0
1104839860,render/train/1104839860.png,train,,0,0.0,0.36627913,1,-0.03150638238473637,,0,0.0,,0,0.0,,0,0.0
1105092944,render/train/1105092944.png,train,,0,0.0,0.35001421,1,-0.5808339967088868,,0,0.0,,0,0.0,,0,0.0
1105455152,render/train/1105455152.png,train,60.10633691,1,-0.3267692089231861,,0,0.0,,0,0.0,,0,0.0,,0,0.0
1105607471,render/train/1105607471.png,train,,0,0.0,0.31922537,1,-1.6206890974415034,,0,0.0,,0,0.0,,0,0.0
1105655721,render/train/1105655721.png,train,,0,0.0,0.37354476,1,0.21388131054347695,,0,0.0,,0,0.0,,0,0.0
1105688396,render/train/1105688396.png,train,,0,0.0,0.35394137,1,-0.44819901087008646,,0,0.0,,0,0.0,,0,0.0
1106240394,render/train/1106240394.png,train,100.5840527,1,0.037146479736389494,,0,0.0,,0,0.0,,0,0.0,,0,0.0
1106363407,render/train/1106363407.png,train,,0,0.0,0.36326423,1,-0.1333309117661211,,0,0.0,,0,0.0,,0,0.0
1106578418,render/train/1106578418.png,train,,0,0.0,0.33322541,1,-1.14785501195921,,0,0.0,,0,0.0,,0,0.0
1106718991,render/train/1106718991.png,train,,0,0.0,0.37305754,1,0.1974260559064429,,0,0.0,,0,0.0,,0,0.0
1106744054,render/train/1106744054.png,train,,0,0.0,0.37543167,1,0.27760936876598236,,0,0.0,,0,0.0,,0,0.0
1106849268,render/train/1106849268.png,train,,0,0.0,0.3774632,1,0.3462217891361989,,0,0.0,,0,0.0,,0,0.0
1108103978,render/train/1108103978.png,train,,0,0.0,0.38189308,1,0.4958355229966952,0.186,1,-0.7855235843259707,0.935560059,1,-0.34150494896596995,11.1484409,1,-1.1437963717340074
1108143190,render/train/1108143190.png,train,,0,0.0,0.41818532,1,1.7215611716736947,,0,0.0,,0,0.0,,0,0.0
1108204726,render/train/1108204726.png,train,,0,0.0,,0,0.0,0.266,1,0.10795331273195156,1.120600809,1,0.9242575583325772,15.17923007,1,-0.2691806294840074
1108782775,render/train/1108782775.png,train,,0,0.0,0.339636,1,-0.931345240554847,,0,0.0,,0,0.0,,0,0.0
1108992243,render/train/1108992243.png,train,67.57313464,1,-0.2596388191528718,,0,0.0,,0,0.0,,0,0.0,,0,0.0
1109762567,render/train/1109762567.png,train,,0,0.0,0.36778289,1,0.01928125710663921,,0,0.0,,0,0.0,,0,0.0
1109873532,render/train/1109873532.png,train,,0,0.0,0.34278751,1,-0.8249068768974349,,0,0.0,,0,0.0,,0,0.0
1110214736,render/train/1110214736.png,train,,0,0.0,0.3582791,1,-0.30169752961580937,,0,0.0,,0,0.0,,0,0.0
1110372599,render/train/1110372599.png,train,,0,0.0,0.34654201,1,-0.6981032696260794,,0,0.0,,0,0.0,,0,0.0
1110669170,render/train/1110669170.png,train,183.844758,1,0.7857034651336993,,0,0.0,,0,0.0,,0,0.0,,0,0.0
1110735297,render/train/1110735297.png,train,,0,0.0,0.33305735,1,-1.1535310311995952,,0,0.0,,0,0.0,,0,0.0
1110869363,render/train/1110869363.png,train,,0,0.0,0.36298735,1,-0.14268219230448773,,0,0.0,,0,0.0,,0,0.0
1110958155,render/train/1110958155.png,train,,0,0.0,0.36107989,1,-0.20710430143375044,,0,0.0,,0,0.0,,0,0.0
1111539989,render/train/1111539989.png,train,200.3538526,1,0.9341288002409074,,0,0.0,,0,0.0,,0,0.0,,0,0.0
1112220366,render/train/1112220366.png,train,,0,0.0,0.35611555,1,-0.37476876267265946,,0,0.0,,0,0.0,,0,0.0
1112287021,render/train/1112287021.png,train,,0,0.0,0.36582704,1,-0.04677516459576561,,0,0.0,,0,0.0,,0,0.0
1112294940,render/train/1112294940.png,train,,0,0.0,0.36280983,1,-0.14867771137834826,,0,0.0,,0,0.0,,0,0.0
1112362061,render/train/1112362061.png,train,,0,0.0,0.38563218,1,0.6221190142600661,,0,0.0,,0,0.0,,0,0.0
1112494306,render/train/1112494306.png,train,,0,0.0,0.36281424,1,-0.14852876906697046,,0,0.0,,0,0.0,,0,0.0
1112748716,render/train/1112748716.png,train,,0,0.0,,0,0.0,,0,0.0,1.24578392,1,1.7805667142930486,23.22098571,1,1.4757496512708475
1112902230,render/train/1112902230.png,train,,0,0.0,0.32193384,1,-1.5292138634060124,,0,0.0,,0,0.0,,0,0.0
1113081697,render/train/1113081697.png,train,,0,0.0,0.36894603,1,0.0585648761668618,,0,0.0,,0,0.0,,0,0.0
1113417814,render/train/1113417814.png,train,,0,0.0,0.36250896,1,-0.15883922458110067,,0,0.0,,0,0.0,,0,0.0
1113818194,render/train/1113818194.png,train,,0,0.0,0.37806906,1,0.36668396346072285,,0,0.0,,0,0.0,,0,0.0
1114103605,render/train/1114103605.png,train,,0,0.0,0.39855056,1,1.0584213671971119,,0,0.0,,0,0.0,,0,0.0
1114394646,render/train/1114394646.png,train,,0,0.0,0.43213271,1,2.1926170683364803,,0,0.0,,0,0.0,,0,0.0
1114536999,render/train/1114536999.png,train,80.44433982,1,-0.14391999941365166,,0,0.0,,0,0.0,,0,0.0,,0,0.0
1115041145,render/train/1115041145.png,train,,0,0.0,0.3875115,1,0.6855907295929218,,0,0.0,1.095765995,1,0.7543761865972544,20.44800803,1,0.8740585606311738
1115283771,render/train/1115283771.png,train,,0,0.0,0.38359544,1,0.553330632565071,,0,0.0,,0,0.0,,0,0.0
1115535876,render/train/1115535876.png,train,,0,0.0,,0,0.0,0.388,1,1.4705055807452827,,0,0.0,,0,0.0
1116045273,render/train/1116045273.png,train,,0,0.0,0.35639333,1,-0.36538708574421686,,0,0.0,,0,0.0,,0,0.0
1116077459,render/train/1116077459.png,train,,0,0.0,0.41314664,1,1.5513859686144225,,0,0.0,,0,0.0,,0,0.0
1116322713,render/train/1116322713.png,train,,0,0.0,0.35523733,1,-0.4044295601098277,,0,0.0,,0,0.0,,0,0.0
1116382939,render/train/1116382939.png,train,,0,0.0,0.41697419,1,1.6806567495470313,,0,0.0,,0,0.0,,0,0.0
1116523292,render/train/1116523292.png,train,,0,0.0,0.34946013,1,-0.5995473653909789,,0,0.0,,0,0.0,,0,0.0
1116545880,render/train/1116545880.png,train,,0,0.0,0.34471923,1,-0.7596654161867625,,0,0.0,,0,0.0,,0,0.0
1116644924,render/train/1116644924.png,train,,0,0.0,0.36254494,1,-0.1576240444533547,,0,0.0,,0,0.0,,0,0.0
1117693803,render/train/1117693803.png,train,,0,0.0,0.34285391,1,-0.8226642987850861,,0,0.0,,0,0.0,,0,0.0
1118322325,render/train/1118322325.png,train,61.73836642,1,-0.3120964159690164,,0,0.0,,0,0.0,,0,0.0,,0,0.0
1119425310,render/train/1119425310.png,train,,0,0.0,0.4145335,1,1.59822545477246,,0,0.0,,0,0.0,,0,0.0
1120266201,render/train/1120266201.png,train,,0,0.0,0.40940736,1,1.4250963980730358,,0,0.0,,0,0.0,,0,0.0
1120810907,render/train/1120810907.png,train,,0,0.0,0.31431622,1,-1.786489584493356,,0,0.0,,0,0.0,,0,0.0
1120932055,render/train/1120932055.png,train,,0,0.0,0.37366019,1,0.2177798164396911,,0,0.0,,0,0.0,,0,0.0
1121030015,render/train/1121030015.png,train,,0,0.0,0.44850444,1,2.7455520586874402,0.223,1,-0.3722905194366817,1.187990132,1,1.3852310382046145,21.83251301,1,1.1744736405723362
1121099554,render/train/1121099554.png,train,,0,0.0,0.36819069,1,0.03305419918821083,,0,0.0,,0,0.0,,0,0.0
1121162795,render/train/1121162795.png,train,,0,0.0,0.35994352,1,-0.24548379675801474,,0,0.0,,0,0.0,,0,0.0
1121663416,render/train/1121663416.png,train,,0,0.0,0.37355301,1,0.21415994411918454,,0,0.0,,0,0.0,,0,0.0
1121754299,render/train/1121754299.png,train,,0,0.0,0.35590858,1,-0.3817589191773755,,0,0.0,,0,0.0,,0,0.0
1121884614,render/train/1121884614.png,train,,0,0.0,0.346649,1,-0.694489814321256,,0,0.0,,0,0.0,,0,0.0
1122012910,render/train/1122012910.png,train,,0,0.0,0.34405824,1,-0.7819895382723372,,0,0.0,,0,0.0,,0,0.0
1122196297,render/train/1122196297.png,train,,0,0.0,0.34866462,1,-0.6264147345800682,,0,0.0,,0,0.0,,0,0.0
1122498895,render/train/1122498895.png,train,,0,0.0,,0,0.0,0.306,1,0.5546917612609124,0.968420729,1,-0.11672308848004949,19.39078981,1,0.6446593886061276
1122802098,render/train/1122802098.png,train,,0,0.0,0.36199531,1,-0.17618711987339764,,0,0.0,,0,0.0,,0,0.0
1123352348,render/train/1123352348.png,train,,0,0.0,0.34069553,1,-0.8955609214678252,,0,0.0,,0,0.0,,0,0.0
1123567256,render/train/1123567256.png,train,,0,0.0,,0,0.0,0.362,1,1.1801255892014577,0.897262686,1,-0.6034763194420826,19.1607057,1,0.5947348760205238
1123597680,render/train/1123597680.png,train,,0,0.0,0.35188872,1,-0.5175247331941102,,0,0.0,,0,0.0,,0,0.0
1123733382,render/train/1123733382.png,train,,0,0.0,0.32570227,1,-1.4019397875637978,,0,0.0,,0,0.0,,0,0.0
1124160654,render/train/1124160654.png,train,,0,0.0,0.3612215,1,-0.20232159832396446,0.17,1,-0.964218963737555,,0,0.0,,0,0.0
1124320017,render/train/1124320017.png,train,,0,0.0,0.33446977,1,-1.105828287563369,,0,0.0,,0,0.0,,0,0.0
1125785790,render/train/1125785790.png,train,,0,0.0,0.34260216,1,-0.8311668445649671,,0,0.0,,0,0.0,,0,0.0
1125984046,render/train/1125984046.png,train,,0,0.0,0.35547731,1,-0.3963245315646216,,0,0.0,,0,0.0,,0,0.0
1126266523,render/train/1126266523.png,train,,0,0.0,0.34448877,1,-0.7674489184724876,,0,0.0,,0,0.0,,0,0.0
1126464769,render/train/1126464769.png,train,,0,0.0,0.35160749,1,-0.5270229296178468,,0,0.0,,0,0.0,,0,0.0
1126802641,render/train/1126802641.png,train,,0,0.0,0.30255693,1,-2.183645102125525,,0,0.0,,0,0.0,,0,0.0
1127073632,render/train/1127073632.png,train,,0,0.0,0.34925616,1,-0.606436200595437,,0,0.0,,0,0.0,,0,0.0
1127321613,render/train/1127321613.png,train,,0,0.0,0.35638392,1,-0.3657048968893552,,0,0.0,,0,0.0,,0,0.0
1127504526,render/train/1127504526.png,train,,0,0.0,0.33190974,1,-1.192290143662154,,0,0.0,,0,0.0,,0,0.0
1128237994,render/train/1128237994.png,train,115.5762842,1,0.17193442773157164,,0,0.0,,0,0.0,,0,0.0,,0,0.0
1128593254,render/train/1128593254.png,train,,0,0.0,0.34625627,1,-0.707753785737871,,0,0.0,,0,0.0,,0,0.0
1128659903,render/train/1128659903.png,train,,0,0.0,0.36572803,1,-0.050119105241907116,,0,0.0,,0,0.0,,0,0.0
1128762246,render/train/1128762246.png,train,,0,0.0,0.36487251,1,-0.07901323817379954,,0,0.0,,0,0.0,,0,0.0
1129166454,render/train/1129166454.png,train,,0,0.0,0.35582087,1,-0.38472121625921485,,0,0.0,,0,0.0,,0,0.0
1129389664,render/train/1129389664.png,train,,0,0.0,0.3973231,1,1.0169654194593838,,0,0.0,,0,0.0,,0,0.0
1129473304,render/train/1129473304.png,train,,0,0.0,0.34415845,1,-0.7786050691060936,,0,0.0,,0,0.0,,0,0.0
1129746387,render/train/1129746387.png,train,,0,0.0,0.35386503,1,-0.4507773002239523,,0,0.0,,0,0.0,,0,0.0
1130000577,render/train/1130000577.png,train,,0,0.0,0.37642959,1,0.31131288608339597,,0,0.0,,0,0.0,,0,0.0
1130043437,render/train/1130043437.png,train,,0,0.0,0.34317069,1,-0.811965444953305,,0,0.0,,0,0.0,,0,0.0
1130524840,render/train/1130524840.png,train,,0,0.0,0.35679719,1,-0.3517472123036503,,0,0.0,,0,0.0,,0,0.0
1130989297,render/train/1130989297.png,train,,0,0.0,0.37326139,1,0.20431083825889107,,0,0.0,,0,0.0,,0,0.0
1131052008,render/train/1131052008.png,train,,0,0.0,0.42182416,1,1.8444585050824835,,0,0.0,,0,0.0,,0,0.0
1131219961,render/train/1131219961.png,train,,0,0.0,0.33957071,1,-0.9335503297861019,,0,0.0,,0,0.0,,0,0.0
1131234083,render/train/1131234083.png,train,,0,0.0,0.41874626,1,1.7405062283957053,,0,0.0,,0,0.0,,0,0.0
1131649373,render/train/1131649373.png,train,,0,0.0,0.33648246,1,-1.0378521649587658,,0,0.0,,0,0.0,,0,0.0
1131929043,render/train/1131929043.png,train,,0,0.0,0.35869466,1,-0.28766250310424135,,0,0.0,,0,0.0,,0,0.0
1132377613,render/train/1132377613.png,train,,0,0.0,0.35797409,1,-0.31199886621291567,,0,0.0,,0,0.0,,0,0.0
1132744464,render/train/1132744464.png,train,,0,0.0,0.3621841,1,-0.1698109704482389,,0,0.0,,0,0.0,,0,0.0
1132763612,render/train/1132763612.png,train,84.80053451,1,-0.10475554658802597,,0,0.0,,0,0.0,,0,0.0,,0,0.0
1132889582,render/train/1132889582.png,train,89.5930824,1,-0.06166805185705552,,0,0.0,,0,0.0,,0,0.0,,0,0.0
1132923909,render/train/1132923909.png,train,,0,0.0,0.34726599,1,-0.6736517379727786,,0,0.0,,0,0.0,,0,0.0
1133044696,render/train/1133044696.png,train,,0,0.0,0.36542527,1,-0.060344450863819565,,0,0.0,,0,0.0,,0,0.0
1133390257,render/train/1133390257.png,train,,0,0.0,0.38426551,1,0.575961420452756,,0,0.0,,0,0.0,,0,0.0
1133455490,render/train/1133455490.png,train,,0,0.0,0.35250141,1,-0.49683188404266787,,0,0.0,,0,0.0,,0,0.0
1133460389,render/train/1133460389.png,train,,0,0.0,0.3621374,1,-0.17138820535556973,,0,0.0,,0,0.0,,0,0.0
1133515947,render/train/1133515947.png,train,,0,0.0,0.34788989,1,-0.6525802848960458,,0,0.0,,0,0.0,,0,0.0
1133631248,render/train/1133631248.png,train,,0,0.0,0.34634532,1,-0.7047462318085811,,0,0.0,,0,0.0,,0,0.0
1134375146,render/train/1134375146.png,train,,0,0.0,0.33153693,1,-1.2048813416450637,,0,0.0,,0,0.0,,0,0.0
1134601529,render/train/1134601529.png,train,,0,0.0,0.32618869,1,-1.3855115519401646,,0,0.0,,0,0.0,,0,0.0
1134713599,render/train/1134713599.png,train,,0,0.0,0.34495062,1,-0.7518505042979574,,0,0.0,,0,0.0,,0,0.0
1134997266,render/train/1134997266.png,train,,0,0.0,0.371067,1,0.13019802223540022,,0,0.0,,0,0.0,,0,0.0
1135072955,render/train/1135072955.png,train,,0,0.0,0.36903562,1,0.06159066793019762,,0,0.0,,0,0.0,,0,0.0
1135542546,render/train/1135542546.png,train,,0,0.0,0.35838113,1,-0.29825159219407726,,0,0.0,,0,0.0,,0,0.0
1135550271,render/train/1135550271.png,train,,0,0.0,0.37975744,1,0.42370691576990127,,0,0.0,,0,0.0,,0,0.0
1135788027,render/train/1135788027.png,train,,0,0.0,0.33486317,1,-1.0925416877230307,,0,0.0,,0,0.0,,0,0.0
1135838417,render/train/1135838417.png,train,,0,0.0,0.34392183,1,-0.7865966177950139,,0,0.0,,0,0.0,,0,0.0
1136024156,render/train/1136024156.png,train,,0,0.0,0.34321902,1,-0.8103331588061689,,0,0.0,,0,0.0,,0,0.0
1137226558,render/train/1137226558.png,train,,0,0.0,0.34489175,1,-0.7538387659466625,,0,0.0,,0,0.0,,0,0.0
1137323137,render/train/1137323137.png,train,,0,0.0,0.34709392,1,-0.6794631900178405,,0,0.0,,0,0.0,,0,0.0
1137418125,render/train/1137418125.png,train,,0,0.0,0.38727971,1,0.6777623081974153,,0,0.0,,0,0.0,,0,0.0
1137724791,render/train/1137724791.png,train,,0,0.0,0.3514226,1,-0.5332673613526736,,0,0.0,,0,0.0,,0,0.0
1138085523,render/train/1138085523.png,train,,0,0.0,0.35288587,1,-0.48384722167709526,,0,0.0,,0,0.0,,0,0.0
1138097304,render/train/1138097304.png,train,,0,0.0,0.40382331,1,1.2365019958400845,0.3751666666666667,1,1.3271769951755747,0.844184922,1,-0.9665522561881276,13.54553558,1,-0.6236657833133469
1138111441,render/train/1138111441.png,train,,0,0.0,0.4031994,1,1.2154302050256824,,0,0.0,,0,0.0,,0,0.0
1138356248,render/train/1138356248.png,train,,0,0.0,0.35627346,1,-0.36943554716481086,,0,0.0,,0,0.0,,0,0.0
1139097399,render/train/1139097399.png,train,,0,0.0,0.37826557,1,0.3733208463652087,,0,0.0,,0,0.0,,0,0.0
1139542368,render/train/1139542368.png,train,,0,0.0,0.35485235,1,-0.41743178483411353,,0,0.0,,0,0.0,,0,0.0
1139696241,render/train/1139696241.png,train,,0,0.0,0.34040386,1,-0.9054117160164572,,0,0.0,,0,0.0,,0,0.0
1139986817,render/train/1139986817.png,train,,0,0.0,0.34608545,1,-0.7135230205744905,,0,0.0,,0,0.0,,0,0.0
1140194913,render/train/1140194913.png,train,-55.37860961,1,-1.365038859826332,,0,0.0,,0,0.0,,0,0.0,,0,0.0
1140956631,render/train/1140956631.png,train,,0,0.0,0.34774274,1,-0.6575500946736401,,0,0.0,,0,0.0,,0,0.0
1141098203,render/train/1141098203.png,train,,0,0.0,0.36781222,1,0.02027184168548464,,0,0.0,,0,0.0,,0,0.0
1141104268,render/train/1141104268.png,train,,0,0.0,,0,0.0,0.2915,1,0.39274907366916384,1.002012128,1,0.11305728920381763,18.29004994,1,0.4058167258368862
1141363047,render/train/1141363047.png,train,,0,0.0,0.36732562,1,0.0038375267838353607,,0,0.0,,0,0.0,,0,0.0
1141791290,render/train/1141791290.png,train,,0,0.0,0.35755231,1,-0.3262439655536847,,0,0.0,,0,0.0,,0,0.0
1142382691,render/train/1142382691.png,train,,0,0.0,0.36436728,1,-0.09607675835004219,,0,0.0,,0,0.0,,0,0.0
1142386049,render/train/1142386049.png,train,,0,0.0,0.38672628,1,0.659070892463712,,0,0.0,,0,0.0,,0,0.0
1142561667,render/train/1142561667.png,train,,0,0.0,0.48421101,1,3.951497425390643,,0,0.0,,0,0.0,,0,0.0
1142759458,render/train/1142759458.png,train,,0,0.0,0.38334817,1,0.5449793932602393,,0,0.0,,0,0.0,,0,0.0
1142909412,render/train/1142909412.png,train,,0,0.0,0.36981013,1,0.08774878801748982,,0,0.0,,0,0.0,,0,0.0
1143081598,render/train/1143081598.png,train,,0,0.0,0.34240927,1,-0.8376814664338104,,0,0.0,,0,0.0,,0,0.0
1143098154,render/train/1143098154.png,train,,0,0.0,0.37283494,1,0.18990801542738953,,0,0.0,,0,0.0,,0,0.0
1143195068,render/train/1143195068.png,train,,0,0.0,0.38224032,1,0.5075631257637504,,0,0.0,,0,0.0,,0,0.0
1143212466,render/train/1143212466.png,train,-35.83964331,1,-1.1893734044520596,,0,0.0,,0,0.0,,0,0.0,,0,0.0
1143308077,render/train/1143308077.png,train,,0,0.0,,0,0.0,,0,0.0,1.368480015,1,2.6198635548156948,21.72486866,1,1.1511165660384006
1143554851,render/train/1143554851.png,train,,0,0.0,0.32963325,1,-1.2691757859360044,,0,0.0,,0,0.0,,0,0.0
1143744739,render/train/1143744739.png,train,,0,0.0,0.35096229,1,-0.5488137639264047,,0,0.0,,0,0.0,,0,0.0
1144028367,render/train/1144028367.png,train,,0,0.0,0.34067775,1,-0.8961614190406811,,0,0.0,,0,0.0,,0,0.0
1144294791,render/train/1144294791.png,train,,0,0.0,0.34340133,1,-0.8041758633895638,,0,0.0,,0,0.0,,0,0.0
1144375159,render/train/1144375159.png,train,,0,0.0,0.42872185,1,2.0774194782718722,,0,0.0,,0,0.0,,0,0.0
1144377193,render/train/1144377193.png,train,,0,0.0,0.36420228,1,-0.1016494298641658,,0,0.0,,0,0.0,,0,0.0
1144496929,render/train/1144496929.png,train,,0,0.0,0.36052012,1,-0.22600984284866288,,0,0.0,,0,0.0,,0,0.0
1144952297,render/train/1144952297.png,train,,0,0.0,0.37284844,1,0.190363961278545,,0,0.0,,0,0.0,,0,0.0
1145064910,render/train/1145064910.png,train,,0,0.0,0.37225779,1,0.17041548594632244,,0,0.0,,0,0.0,,0,0.0
1145617844,render/train/1145617844.png,train,,0,0.0,0.36697228,1,-0.00809609596040897,,0,0.0,,0,0.0,,0,0.0
1145796233,render/train/1145796233.png,train,,0,0.0,0.33955438,1,-0.9341018553971665,,0,0.0,,0,0.0,,0,0.0
1146375572,render/train/1146375572.png,train,,0,0.0,0.34757807,1,-0.6631116208447339,0.176,1,-0.897208196458211,1.113470646,1,0.8754840152274646,10.67770667,1,-1.2459380493583754
1146618065,render/train/1146618065.png,train,,0,0.0,0.34934036,1,-0.6035924494348957,,0,0.0,,0,0.0,,0,0.0
1146876238,render/train/1146876238.png,train,,0,0.0,0.34824049,1,-0.6407392022727026,,0,0.0,,0,0.0,,0,0.0
1146896045,render/train/1146896045.png,train,,0,0.0,0.32374161,1,-1.4681586610842818,,0,0.0,,0,0.0,,0,0.0
1147140569,render/train/1147140569.png,train,,0,0.0,0.37624478,1,0.3050711562499117,,0,0.0,,0,0.0,,0,0.0
1147168409,render/train/1147168409.png,train,,0,0.0,0.34031759,1,-0.9083253788741746,0.301,1,0.4988494551947922,,0,0.0,,0,0.0
1148404116,render/train/1148404116.png,train,,0,0.0,0.40092491,1,1.1386121102853386,,0,0.0,,0,0.0,,0,0.0
1148596222,render/train/1148596222.png,train,,0,0.0,0.32418426,1,-1.4532087032313947,,0,0.0,,0,0.0,,0,0.0
1148927533,render/train/1148927533.png,train,,0,0.0,0.33350028,1,-1.138571616692017,,0,0.0,,0,0.0,,0,0.0
1148967455,render/train/1148967455.png,train,,0,0.0,0.35015279,1,-0.5761536281123588,,0,0.0,,0,0.0,,0,0.0
1149199303,render/train/1149199303.png,train,,0,0.0,0.34181464,1,-0.8577643613577055,,0,0.0,,0,0.0,,0,0.0
1149265769,render/train/1149265769.png,train,,0,0.0,0.32297138,1,-1.4941722294498754,,0,0.0,,0,0.0,,0,0.0
1150009994,render/train/1150009994.png,train,,0,0.0,0.33779719,1,-0.993448780596567,,0,0.0,,0,0.0,,0,0.0
1150049230,render/train/1150049230.png,train,,0,0.0,0.37034563,1,0.1058346401133233,,0,0.0,,0,0.0,,0,0.0
1150090312,render/train/1150090312.png,train,,0,0.0,0.37132377,1,0.13887011232437832,,0,0.0,,0,0.0,,0,0.0
1150209468,render/train/1150209468.png,train,,0,0.0,0.40970568,1,1.4351717881705701,0.291,1,0.38716484306255183,0.863900052,1,-0.8316918409524735,18.18381296,1,0.3827650277206344
1150286039,render/train/1150286039.png,train,,0,0.0,0.35924295,1,-0.2691446845316451,,0,0.0,,0,0.0,,0,0.0
1150417190,render/train/1150417190.png,train,,0,0.0,0.40701998,1,1.3444655828040282,,0,0.0,,0,0.0,,0,0.0
1150491517,render/train/1150491517.png,train,169.1341304,1,0.6534472824616739,,0,0.0,,0,0.0,,0,0.0,,0,0.0
1150533909,render/train/1150533909.png,train,,0,0.0,0.3677149,1,0.01698497870515441,,0,0.0,,0,0.0,,0,0.0
1150855035,render/train/1150855035.png,train,14.67015775,1,-0.7352640586537188,,0,0.0,,0,0.0,,0,0.0,,0,0.0
1150964358,render/train/1150964358.png,train,,0,0.0,0.36853875,1,0.04480949644400336,,0,0.0,,0,0.0,,0,0.0
1151260550,render/train/1151260550.png,train,,0,0.0,0.39445531,1,0.920109348904924,,0,0.0,,0,0.0,,0,0.0
1151287804,render/train/1151287804.png,train,,0,0.0,0.38807327,1,0.7045638185413388,,0,0.0,,0,0.0,,0,0.0
1151566525,render/train/1151566525.png,train,,0,0.0,0.37555317,1,0.2817128814263817,,0,0.0,,0,0.0,,0,0.0
1151772971,render/train/1151772971.png,train,,0,0.0,0.36167035,1,-0.18716224311721305,,0,0.0,,0,0.0,,0,0.0
1152245354,render/train/1152245354.png,train,,0,0.0,0.36934253,1,0.07195617468413316,,0,0.0,,0,0.0,,0,0.0
1152269820,render/train/1152269820.png,train,,0,0.0,0.39159291,1,0.8234353189532587,,0,0.0,,0,0.0,,0,0.0
1152453728,render/train/1152453728.png,train,,0,0.0,0.36801205,1,0.02702085349558705,,0,0.0,,0,0.0,,0,0.0
1152527958,render/train/1152527958.png,train,,0,0.0,0.36910686,1,0.06399671107362762,,0,0.0,,0,0.0,,0,0.0
1153123442,render/train/1153123442.png,train,,0,0.0,0.4222629,1,1.8592764075073693,,0,0.0,,0,0.0,,0,0.0
1153144775,render/train/1153144775.png,train,,0,0.0,0.34730716,1,-0.6722612719955887,,0,0.0,,0,0.0,,0,0.0
1153274738,render/train/1153274738.png,train,17.25361376,1,-0.7120374473034524,,0,0.0,,0,0.0,,0,0.0,,0,0.0
1153424706,render/train/1153424706.png,train,,0,0.0,0.33683103,1,-1.0260796430819312,,0,0.0,,0,0.0,,0,0.0
1153616490,render/train/1153616490.png,train,,0,0.0,0.36285875,1,-0.1470254987088275,,0,0.0,,0,0.0,,0,0.0
1153834877,render/train/1153834877.png,train,,0,0.0,0.37018411,1,0.10037950130749945,0.367,1,1.2359678952675779,0.913177976,1,-0.49460853018602197,25.33874374,1,1.9352687263690742
1153885240,render/train/1153885240.png,train,,0,0.0,0.33856885,1,-0.9673869157445206,,0,0.0,,0,0.0,,0,0.0
1154018955,render/train/1154018955.png,train,,0,0.0,0.36652293,1,-0.023272338050535114,,0,0.0,,0,0.0,,0,0.0
1154163429,render/train/1154163429.png,train,,0,0.0,0.36435194,1,-0.09659484793202287,,0,0.0,,0,0.0,,0,0.0
1154938499,render/train/1154938499.png,train,,0,0.0,0.35350822,1,-0.46282811793882717,,0,0.0,,0,0.0,,0,0.0
1155135793,render/train/1155135793.png,train,,0,0.0,0.37119619,1,0.13456125516212458,,0,0.0,,0,0.0,,0,0.0
1155257724,render/train/1155257724.png,train,,0,0.0,0.35032863,1,-0.5702148489666422,,0,0.0,,0,0.0,,0,0.0
1155325628,render/train/1155325628.png,train,,0,0.0,,0,0.0,0.398,1,1.582190192877523,0.88997462,1,-0.6533299905578627,21.82969596,1,1.1738623865045115
1155566609,render/train/1155566609.png,train,,0,0.0,0.33968364,1,-0.9297362583067689,,0,0.0,,0,0.0,,0,0.0
1155913960,render/train/1155913960.png,train,,0,0.0,0.35452131,1,-0.42861225257978147,,0,0.0,,0,0.0,,0,0.0
1156088794,render/train/1156088794.png,train,,0,0.0,0.35593374,1,-0.3809091712058878,,0,0.0,,0,0.0,,0,0.0
1156094009,render/train/1156094009.png,train,,0,0.0,0.39134226,1,0.8149699243168045,,0,0.0,,0,0.0,,0,0.0
1156161130,render/train/1156161130.png,train,,0,0.0,0.34164757,1,-0.8634069445690051,,0,0.0,,0,0.0,,0,0.0
1156532186,render/train/1156532186.png,train,,0,0.0,0.38844688,1,0.7171820355376491,0.199,1,-0.6403335885540582,0.93861698,1,-0.32059422530335197,15.86735299,1,-0.11986913909041809
1156634940,render/train/1156634940.png,train,,0,0.0,0.37726443,1,0.3395085775188519,,0,0.0,,0,0.0,,0,0.0
1156665768,render/train/1156665768.png,train,,0,0.0,0.39199576,1,0.8370410808894065,,0,0.0,,0,0.0,,0,0.0
1156796148,render/train/1156796148.png,train,,0,0.0,0.35771822,1,-0.3206405599118177,,0,0.0,,0,0.0,,0,0.0
1156980921,render/train/1156980921.png,train,,0,0.0,0.37970446,1,0.4219175816073673,,0,0.0,,0,0.0,,0,0.0
1157376824,render/train/1157376824.png,train,,0,0.0,0.34823376,1,-0.6409664997229457,,0,0.0,,0,0.0,,0,0.0
1157422620,render/train/1157422620.png,train,,0,0.0,0.35224005,1,-0.5056589957210378,,0,0.0,,0,0.0,,0,0.0
1157657223,render/train/1157657223.png,train,,0,0.0,0.39204345,1,0.8386517518258214,,0,0.0,,0,0.0,,0,0.0
1158192712,render/train/1158192712.png,train,,0,0.0,0.34425455,1,-0.775359410121202,,0,0.0,,0,0.0,,0,0.0
1158201779,render/train/1158201779.png,train,,0,0.0,0.3726693,1,0.18431372870254462,,0,0.0,,0,0.0,,0,0.0
1158220592,render/train/1158220592.png,train,,0,0.0,0.38642464,1,0.6488833734605609,,0,0.0,,0,0.0,,0,0.0
1158703899,render/train/1158703899.png,train,,0,0.0,0.34462113,1,-0.7629786227051587,,0,0.0,,0,0.0,,0,0.0
1158783004,render/train/1158783004.png,train,,0,0.0,0.27866603,1,-2.990530786227066,,0,0.0,,0,0.0,,0,0.0
1158854097,render/train/1158854097.png,train,,0,0.0,,0,0.0,0.3245,1,0.7613082937055571,0.954616145,1,-0.21115269307283976,20.55029983,1,0.8962542188037615
1158896668,render/train/1158896668.png,train,,0,0.0,0.31070608,1,-1.908417610796355,,0,0.0,,0,0.0,,0,0.0
1159125442,render/train/1159125442.png,train,,0,0.0,0.3160919,1,-1.7265181823467048,,0,0.0,,0,0.0,,0,0.0
1159254929,render/train/1159254929.png,train,,0,0.0,0.35013256,1,-0.5768368714137574,,0,0.0,,0,0.0,,0,0.0
1159550508,render/train/1159550508.png,train,-25.31417235,1,-1.0947439537007635,,0,0.0,,0,0.0,,0,0.0,,0,0.0
1159696305,render/train/1159696305.png,train,,0,0.0,0.36819358,1,0.03315180537412598,,0,0.0,,0,0.0,,0,0.0
1159981352,render/train/1159981352.png,train,117.5082044,1,0.18930339374896812,,0,0.0,,0,0.0,,0,0.0,,0,0.0
1160560393,render/train/1160560393.png,train,,0,0.0,0.34373731,1,-0.7928285532361394,,0,0.0,,0,0.0,,0,0.0
1160783446,render/train/1160783446.png,train,195.2683571,1,0.8884075543420741,,0,0.0,,0,0.0,,0,0.0,,0,0.0
1160809525,render/train/1160809525.png,train,,0,0.0,0.38218681,1,0.5057558915048359,0.146,1,-1.2322620328549319,0.860209573,1,-0.8569363881788147,10.34521471,1,-1.3180834010805436
1161122757,render/train/1161122757.png,train,,0,0.0,0.34547985,1,-0.7339764137196597,,0,0.0,,0,0.0,,0,0.0
1161267582,render/train/1161267582.png,train,,0,0.0,0.3933978,1,0.8843932528267433,,0,0.0,,0,0.0,,0,0.0
1161429718,render/train/1161429718.png,train,,0,0.0,0.36752092,1,0.010433543430549953,,0,0.0,,0,0.0,,0,0.0
1161669930,render/train/1161669930.png,train,,0,0.0,,0,0.0,,0,0.0,0.88601111,1,-0.6804421934391358,12.5969108,1,-0.8295019436988931
1161685710,render/train/1161685710.png,train,,0,0.0,0.35093584,1,-0.5497070800570023,,0,0.0,,0,0.0,,0,0.0
1161927023,render/train/1161927023.png,train,,0,0.0,0.36045189,1,-0.22831422695416959,,0,0.0,,0,0.0,,0,0.0
1162303824,render/train/1162303824.png,train,,0,0.0,0.35641643,1,-0.36460691173223975,,0,0.0,,0,0.0,,0,0.0
1162525545,render/train/1162525545.png,train,,0,0.0,0.40688317,1,1.3398449937746522,,0,0.0,,0,0.0,,0,0.0
1162986011,render/train/1162986011.png,train,,0,0.0,0.35666694,1,-0.356146245423132,,0,0.0,,0,0.0,,0,0.0
1163047718,render/train/1163047718.png,train,,0,0.0,0.40667295,1,1.332745072527991,,0,0.0,,0,0.0,,0,0.0
1163052769,render/train/1163052769.png,train,,0,0.0,0.38193114,1,0.49712095255928634,,0,0.0,,0,0.0,,0,0.0
1163216608,render/train/1163216608.png,train,,0,0.0,0.34066113,1,-0.8967227390441044,,0,0.0,,0,0.0,,0,0.0
1163273261,render/train/1163273261.png,train,,0,0.0,0.34288507,1,-0.8216119082130847,,0,0.0,,0,0.0,,0,0.0
1164865014,render/train/1164865014.png,train,,0,0.0,0.37375344,1,0.2209292201893389,,0,0.0,,0,0.0,,0,0.0
1164892547,render/train/1164892547.png,train,,0,0.0,0.35674478,1,-0.3535172954191363,,0,0.0,,0,0.0,,0,0.0
1165921168,render/train/1165921168.png,train,,0,0.0,0.34152411,1,-0.8675766538122396,,0,0.0,,0,0.0,,0,0.0
1166008818,render/train/1166008818.png,train,,0,0.0,0.34640325,1,-0.7027897175006232,,0,0.0,,0,0.0,,0,0.0
1166293848,render/train/1166293848.png,train,0.336556425,1,-0.8641305792899412,,0,0.0,,0,0.0,,0,0.0,,0,0.0
1166324163,render/train/1166324163.png,train,,0,0.0,0.36688453,1,-0.011059743992919601,,0,0.0,,0,0.0,,0,0.0
1166598350,render/train/1166598350.png,train,,0,0.0,0.33917986,1,-0.9467508065212221,,0,0.0,,0,0.0,,0,0.0
1166612863,render/train/1166612863.png,train,,0,0.0,0.3789381,1,0.3960347177191055,,0,0.0,,0,0.0,,0,0.0
1166758072,render/train/1166758072.png,train,,0,0.0,0.36865547,1,0.04875157049932563,,0,0.0,,0,0.0,,0,0.0
1167306747,render/train/1167306747.png,train,,0,0.0,,0,0.0,0.1006666666666666,1,-1.7385656078544216,1.218576983,1,1.594458947257767,14.20802348,1,-0.4799166756441546
1167512472,render/train/1167512472.png,train,,0,0.0,0.38665346,1,0.6566114867688134,,0,0.0,,0,0.0,,0,0.0
1168402050,render/train/1168402050.png,train,,0,0.0,0.34258266,1,-0.8318254330166364,,0,0.0,,0,0.0,,0,0.0
1169343082,render/train/1169343082.png,train,,0,0.0,0.38545958,1,0.6162896621186272,,0,0.0,,0,0.0,,0,0.0
1169485252,render/train/1169485252.png,train,,0,0.0,0.37614959,1,0.3018562313927634,,0,0.0,,0,0.0,,0,0.0
1169539258,render/train/1169539258.png,train,,0,0.0,0.27558304,1,-3.0946549713866123,,0,0.0,,0,0.0,,0,0.0
1169677958,render/train/1169677958.png,train,-41.68464364,1,-1.241922993251556,,0,0.0,0.278,1,0.24197484729064,,0,0.0,,0,0.0
1169871864,render/train/1169871864.png,train,,0,0.0,0.32924433,1,-1.2823110793012933,,0,0.0,,0,0.0,,0,0.0
1169954236,render/train/1169954236.png,train,,0,0.0,0.41309361,1,1.5495949457635498,,0,0.0,,0,0.0,,0,0.0
1170082688,render/train/1170082688.png,train,,0,0.0,0.39022876,1,0.7773628350381646,,0,0.0,,0,0.0,,0,0.0
1170368720,render/train/1170368720.png,train,,0,0.0,0.34797387,1,-0.6497439639641898,,0,0.0,,0,0.0,,0,0.0
1170403788,render/train/1170403788.png,train,,0,0.0,0.33992834,1,-0.9214718175824916,,0,0.0,,0,0.0,,0,0.0
1170534949,render/train/1170534949.png,train,,0,0.0,0.41778352,1,1.707990872192637,,0,0.0,,0,0.0,,0,0.0
1171030201,render/train/1171030201.png,train,,0,0.0,0.36601192,1,-0.040531070598608054,,0,0.0,,0,0.0,,0,0.0
1171188982,render/train/1171188982.png,train,,0,0.0,0.35686225,1,-0.3495498910387482,,0,0.0,,0,0.0,,0,0.0
1171923773,render/train/1171923773.png,train,,0,0.0,0.36515652,1,-0.06942115067849047,,0,0.0,,0,0.0,,0,0.0
1171970548,render/train/1171970548.png,train,,0,0.0,0.35861377,1,-0.29039446309683153,,0,0.0,,0,0.0,,0,0.0
1173339618,render/train/1173339618.png,train,,0,0.0,0.23763722,1,-4.376228245289811,,0,0.0,,0,0.0,,0,0.0
1173467294,render/train/1173467294.png,train,,0,0.0,0.35518082,1,-0.4063381156689982,,0,0.0,,0,0.0,,0,0.0
1173471549,render/train/1173471549.png,train,-148.0297376,1,-2.198020622495291,,0,0.0,,0,0.0,,0,0.0,,0,0.0
1173729020,render/train/1173729020.png,train,,0,0.0,0.37474397,1,0.2543831493704535,,0,0.0,,0,0.0,,0,0.0
1174292255,render/train/1174292255.png,train,,0,0.0,0.37288957,1,0.1917530763050654,,0,0.0,,0,0.0,,0,0.0
1174531602,render/train/1174531602.png,train,,0,0.0,0.34070371,1,-0.8952846520557928,,0,0.0,,0,0.0,,0,0.0
1174602411,render/train/1174602411.png,train,,0,0.0,0.36692867,1,-0.009568969928474023,,0,0.0,,0,0.0,,0,0.0
1175231244,render/train/1175231244.png,train,,0,0.0,0.34723685,1,-0.6746359055359407,,0,0.0,,0,0.0,,0,0.0
1175281698,render/train/1175281698.png,train,,0,0.0,0.37916583,1,0.40372601762159677,,0,0.0,,0,0.0,,0,0.0
1175337954,render/train/1175337954.png,train,,0,0.0,0.37117268,1,0.13376723390577883,,0,0.0,,0,0.0,,0,0.0
1175753193,render/train/1175753193.png,train,,0,0.0,0.35913328,1,-0.27284865353136556,,0,0.0,,0,0.0,,0,0.0
1175936826,render/train/1175936826.png,train,,0,0.0,0.36628188,1,-0.0314135045261678,,0,0.0,,0,0.0,,0,0.0
1176059607,render/train/1176059607.png,train,,0,0.0,0.33775225,1,-0.9949665736744152,,0,0.0,,0,0.0,,0,0.0
1176518490,render/train/1176518490.png,train,,0,0.0,,0,0.0,0.3193333333333333,1,0.7036045774372325,0.79444681,1,-1.3067834612249425,10.8952526,1,-1.1987341180645894
1177030933,render/train/1177030933.png,train,,0,0.0,0.29067637,1,-2.584896364451741,,0,0.0,,0,0.0,,0,0.0
1177244369,render/train/1177244369.png,train,,0,0.0,0.34846301,1,-0.6332238636949898,,0,0.0,,0,0.0,,0,0.0
1177484221,render/train/1177484221.png,train,,0,0.0,0.3700457,1,0.09570487425131818,,0,0.0,,0,0.0,,0,0.0
1177560732,render/train/1177560732.png,train,,0,0.0,0.33783278,1,-0.9922467722378551,,0,0.0,,0,0.0,,0,0.0
1177876091,render/train/1177876091.png,train,,0,0.0,0.36614746,1,-0.03595337425300724,,0,0.0,,0,0.0,,0,0.0
1178071397,render/train/1178071397.png,train,,0,0.0,0.36660744,1,-0.020418117022302323,,0,0.0,,0,0.0,,0,0.0
1178419855,render/train/1178419855.png,train,,0,0.0,0.38149095,1,0.4822540781726093,,0,0.0,,0,0.0,,0,0.0
1178529764,render/train/1178529764.png,train,,0,0.0,,0,0.0,0.422,1,1.8502332619948993,0.946533099,1,-0.2664443873162401,22.25983328,1,1.267195194432351
1178789985,render/train/1178789985.png,train,,0,0.0,0.351946935,1,-0.5155585933626265,,0,0.0,,0,0.0,,0,0.0
1179116190,render/train/1179116190.png,train,,0,0.0,0.38346494,1,0.5489231560039001,0.181,1,-0.8413658903920909,0.896405025,1,-0.6093431089885596,11.99542846,1,-0.9600138362991621
1179190627,render/train/1179190627.png,train,180.3082327,1,0.753908265851988,,0,0.0,,0,0.0,,0,0.0,,0,0.0
1179272125,render/train/1179272125.png,train,,0,0.0,0.34613604,1,-0.711814405714495,,0,0.0,,0,0.0,,0,0.0
1179363034,render/train/1179363034.png,train,,0,0.0,0.40626048,1,1.3188144069556869,,0,0.0,,0,0.0,,0,0.0
1179731134,render/train/1179731134.png,train,,0,0.0,0.35940014,1,-0.2638357861358584,,0,0.0,,0,0.0,,0,0.0
1179754286,render/train/1179754286.png,train,,0,0.0,0.33128506,1,-1.2133879402769545,,0,0.0,,0,0.0,,0,0.0
1180333206,render/train/1180333206.png,train,,0,0.0,0.32958527,1,-1.270796251264778,0.302,1,0.5100179164080162,1.040711554,1,0.37777888422964084,18.074599,1,0.3590673733257102
1180480883,render/train/1180480883.png,train,,0,0.0,0.32332887,1,-1.48209844557361,,0,0.0,,0,0.0,,0,0.0
1180503880,render/train/1180503880.png,train,,0,0.0,0.36064219,1,-0.2218870791412155,,0,0.0,,0,0.0,,0,0.0
1180568340,render/train/1180568340.png,train,,0,0.0,0.36356124,1,-0.12329976530303317,,0,0.0,,0,0.0,,0,0.0
1180738924,render/train/1180738924.png,train,,0,0.0,0.36283438,1,-0.14784856540457988,,0,0.0,,0,0.0,,0,0.0
1181185977,render/train/1181185977.png,train,,0,0.0,0.34493349,1,-0.7524290489224228,,0,0.0,,0,0.0,,0,0.0
1181407570,render/train/1181407570.png,train,,0,0.0,0.38333986,1,0.5446987332585276,,0,0.0,,0,0.0,,0,0.0
1181944068,render/train/1181944068.png,train,,0,0.0,0.37259523,1,0.18181210579920543,,0,0.0,,0,0.0,,0,0.0
1182108104,render/train/1182108104.png,train,,0,0.0,0.3736737,1,0.21823610002851393,,0,0.0,,0,0.0,,0,0.0
1182258858,render/train/1182258858.png,train,,0,0.0,0.29561057,1,-2.4182498445427454,,0,0.0,,0,0.0,,0,0.0
1182569183,render/train/1182569183.png,train,,0,0.0,0.35110044,1,-0.54414791804958,,0,0.0,,0,0.0,,0,0.0
1182679846,render/train/1182679846.png,train,,0,0.0,,0,0.0,0.296,1,0.443007149128672,,0,0.0,,0,0.0
1182712915,render/train/1182712915.png,train,,0,0.0,0.37097336,1,0.12703544671671851,,0,0.0,,0,0.0,,0,0.0
1182822577,render/train/1182822577.png,train,,0,0.0,0.42908191,1,2.0895800607286903,,0,0.0,,0,0.0,,0,0.0
1182969887,render/train/1182969887.png,train,,0,0.0,0.35960225,1,-0.25700977013755827,,0,0.0,,0,0.0,,0,0.0
1183558225,render/train/1183558225.png,train,,0,0.0,0.40210863,1,1.1785907934653224,,0,0.0,,0,0.0,,0,0.0
1183565625,render/train/1183565625.png,train,,0,0.0,0.39011499,1,0.7735203935947597,,0,0.0,,0,0.0,,0,0.0
1183988874,render/train/1183988874.png,train,,0,0.0,0.35808986,1,-0.30808887723600803,,0,0.0,,0,0.0,,0,0.0
1184109682,render/train/1184109682.png,train,,0,0.0,0.34256683,1,-0.8323600717443244,,0,0.0,,0,0.0,,0,0.0
1184454690,render/train/1184454690.png,train,,0,0.0,0.33205833,1,-1.1872716996604356,,0,0.0,,0,0.0,,0,0.0
1184730423,render/train/1184730423.png,train,,0,0.0,0.39753607,1,1.0241582185646134,,0,0.0,,0,0.0,,0,0.0
1185510088,render/train/1185510088.png,train,,0,0.0,0.3950421,1,0.9399274574974822,,0,0.0,,0,0.0,,0,0.0
1185605956,render/train/1185605956.png,train,,0,0.0,0.35953155,1,-0.25939757544694414,,0,0.0,,0,0.0,,0,0.0
1185913675,render/train/1185913675.png,train,,0,0.0,0.36657642,1,-0.021465779266957148,,0,0.0,,0,0.0,,0,0.0
1186098894,render/train/1186098894.png,train,,0,0.0,0.36004283,1,-0.24212972398184915,,0,0.0,,0,0.0,,0,0.0
1186143208,render/train/1186143208.png,train,47.28425166,1,-0.44204641497932207,,0,0.0,,0,0.0,,0,0.0,,0,0.0
1186744234,render/train/1186744234.png,train,,0,0.0,0.4003854,1,1.1203908253848267,,0,0.0,,0,0.0,,0,0.0
1186809405,render/train/1186809405.png,train,,0,0.0,0.35606018,1,-0.37663881613773204,,0,0.0,,0,0.0,,0,0.0
1187123244,render/train/1187123244.png,train,,0,0.0,0.32961119,1,-1.2699208352305589,,0,0.0,,0,0.0,,0,0.0
1187202232,render/train/1187202232.png,train,,0,0.0,0.36467404,1,-0.08571631766112058,0.1426666666666667,1,-1.2694902368990115,0.964628447,1,-0.1426640143177531,13.63274404,1,-0.6047429647891073
1187350081,render/train/1187350081.png,train,,0,0.0,0.36132612,1,-0.19878818684634314,,0,0.0,,0,0.0,,0,0.0
1188020715,render/train/1188020715.png,train,,0,0.0,0.34769791,1,-0.6590641726371438,,0,0.0,,0,0.0,,0,0.0
1188519956,render/train/1188519956.png,train,,0,0.0,,0,0.0,0.2175,1,-0.43371705610941386,0.863629462,1,-0.8335427990622404,14.17497209,1,-0.48708829012907773
1188842959,render/train/1188842959.png,train,,0,0.0,,0,0.0,0.1873333333333333,1,-0.770632302708339,0.869468057,1,-0.7936041658352313,14.54352841,1,-0.40711755839821706
1188921734,render/train/1188921734.png,train,,0,0.0,0.38475396,1,0.5924582168228978,,0,0.0,,0,0.0,,0,0.0
1189256579,render/train/1189256579.png,train,,0,0.0,0.34164497,1,-0.8634947563625616,,0,0.0,,0,0.0,,0,0.0
1189403071,render/train/1189403071.png,train,,0,0.0,0.35423541,1,-0.43826817249425243,,0,0.0,,0,0.0,,0,0.0
1189744629,render/train/1189744629.png,train,10.23490017,1,-0.7751393279248928,,0,0.0,,0,0.0,,0,0.0,,0,0.0
1190275023,render/train/1190275023.png,train,,0,0.0,0.3393363,1,-0.9414672384504995,,0,0.0,,0,0.0,,0,0.0
1190316839,render/train/1190316839.png,train,,0,0.0,0.33682987,1,-1.0261188206513638,,0,0.0,,0,0.0,,0,0.0
1190678672,render/train/1190678672.png,train,,0,0.0,0.43524245,1,2.2976447017566506,,0,0.0,,0,0.0,,0,0.0
1190710133,render/train/1190710133.png,train,,0,0.0,0.34703567,1,-0.681430511931159,,0,0.0,,0,0.0,,0,0.0
1190953274,render/train/1190953274.png,train,,0,0.0,0.36364477,1,-0.12047864256621706,,0,0.0,,0,0.0,,0,0.0
1191042202,render/train/1191042202.png,train,,0,0.0,0.35947428,1,-0.26133179906884596,,0,0.0,,0,0.0,,0,0.0
1191663733,render/train/1191663733.png,train,,0,0.0,0.38686999,1,0.6639245204836798,,0,0.0,,0,0.0,,0,0.0
1191731244,render/train/1191731244.png,train,,0,0.0,0.38724825,1,0.6766997854953899,,0,0.0,,0,0.0,,0,0.0
1191831125,render/train/1191831125.png,train,,0,0.0,0.37812553,1,0.3685911680692221,,0,0.0,,0,0.0,,0,0.0
1192232068,render/train/1192232068.png,train,,0,0.0,0.41434744,1,1.591941507730535,,0,0.0,,0,0.0,,0,0.0
1192456163,render/train/1192456163.png,train,,0,0.0,0.35963898,1,-0.2557692596847483,,0,0.0,,0,0.0,,0,0.0
1192553911,render/train/1192553911.png,train,,0,0.0,0.44520367,1,2.6340726226045863,,0,0.0,,0,0.0,,0,0.0
1192592037,render/train/1192592037.png,train,,0,0.0,0.36668921,1,-0.01765643611497076,,0,0.0,,0,0.0,,0,0.0
1192958446,render/train/1192958446.png,train,,0,0.0,0.36147212,1,-0.19385721690051216,,0,0.0,,0,0.0,,0,0.0
1193670213,render/train/1193670213.png,train,,0,0.0,0.38478574,1,0.593531547130284,,0,0.0,,0,0.0,,0,0.0
1193720815,render/train/1193720815.png,train,,0,0.0,,0,0.0,0.1506666666666666,1,-1.1801425471932205,,0,0.0,,0,0.0
1193815432,render/train/1193815432.png,train,,0,0.0,0.33523592,1,-1.0799525161661252,,0,0.0,,0,0.0,,0,0.0
1193899229,render/train/1193899229.png,train,,0,0.0,0.40964735,1,1.4332017643559112,,0,0.0,,0,0.0,,0,0.0
1194500574,render/train/1194500574.png,train,,0,0.0,0.36944886,1,0.07554733930290043,,0,0.0,,0,0.0,,0,0.0
1194503224,render/train/1194503224.png,train,,0,0.0,0.36366436,1,-0.11981701447553983,0.221,1,-0.39462744186312976,1.096542432,1,0.7596873672095205,12.53190731,1,-0.8436066446041977
1195238736,render/train/1195238736.png,train,,0,0.0,0.38640294,1,0.6481504827220365,,0,0.0,,0,0.0,,0,0.0
1195485493,render/train/1195485493.png,train,,0,0.0,0.36305869,1,-0.14027277178438052,,0,0.0,,0,0.0,,0,0.0
1196350517,render/train/1196350517.png,train,,0,0.0,0.36692261,1,-0.009773638954993724,,0,0.0,,0,0.0,,0,0.0
1197069937,render/train/1197069937.png,train,-2.526682925,1,-0.8898725881833844,0.40967205,1,1.4340359763946915,,0,0.0,0.811251102,1,-1.19183449579275,24.4363295,1,1.739459502158379
1197104268,render/train/1197104268.png,train,,0,0.0,,0,0.0,0.256,1,-0.003731299400288797,,0,0.0,,0,0.0
1197180422,render/train/1197180422.png,train,,0,0.0,0.3399073,1,-0.9221824176349582,,0,0.0,,0,0.0,,0,0.0
1197310078,render/train/1197310078.png,train,,0,0.0,0.38946721,1,0.7516424229679819,,0,0.0,,0,0.0,,0,0.0
1198345617,render/train/1198345617.png,train,,0,0.0,0.36463475,1,-0.08704328895681579,,0,0.0,,0,0.0,,0,0.0
1199431647,render/train/1199431647.png,train,,0,0.0,0.35646665,1,-0.36291079316594166,,0,0.0,,0,0.0,,0,0.0
1199538165,render/train/1199538165.png,train,,0,0.0,0.37077531,1,0.12034655221143535,,0,0.0,,0,0.0,,0,0.0
1199796903,render/train/1199796903.png,train,,0,0.0,,0,0.0,0.286,1,0.33132253699643166,0.961251471,1,-0.16576405908544417,18.75749252,1,0.5072441689065408
1200344407,render/train/1200344407.png,train,,0,0.0,0.35515271,1,-0.40728749625240507,,0,0.0,,0,0.0,,0,0.0
1200465842,render/train/1200465842.png,train,,0,0.0,0.37233946,1,0.17317378947698056,,0,0.0,,0,0.0,,0,0.0
1200924510,render/train/1200924510.png,train,,0,0.0,0.3674231,1,0.007129793566844983,,0,0.0,,0,0.0,,0,0.0
1201052937,render/train/1201052937.png,train,-13.55087665,1,-0.9889858156234831,,0,0.0,0.268,1,0.13029023515839963,1.071824251,1,0.5906038179998507,20.62252342,1,0.9119255640693363
1201572278,render/train/1201572278.png,train,,0,0.0,0.42893237,1,2.0845295316485575,,0,0.0,,0,0.0,,0,0.0
1201617221,render/train/1201617221.png,train,,0,0.0,0.50761848,1,4.742055857431139,,0,0.0,,0,0.0,,0,0.0
1201779173,render/train/1201779173.png,train,,0,0.0,0.3550972,1,-0.4091622780448223,,0,0.0,,0,0.0,,0,0.0
1202036659,render/train/1202036659.png,train,,0,0.0,0.35466159,1,-0.42387446857977296,,0,0.0,,0,0.0,,0,0.0
1202039443,render/train/1202039443.png,train,,0,0.0,0.37418551,1,0.2355218515899876,,0,0.0,,0,0.0,,0,0.0
1202357620,render/train/1202357620.png,train,,0,0.0,0.35734175,1,-0.3333553698810393,0.212,1,-0.4951435927821461,1.002966511,1,0.1195857010212303,13.18729468,1,-0.701398236548505
1202772120,render/train/1202772120.png,train,,0,0.0,0.31519377,1,-1.756851415479911,,0,0.0,,0,0.0,,0,0.0
1202816034,render/train/1202816034.png,train,6.458707655,1,-0.8090892599501298,,0,0.0,,0,0.0,,0,0.0,,0,0.0
1202982181,render/train/1202982181.png,train,,0,0.0,0.35549527,1,-0.39571795471375154,,0,0.0,,0,0.0,,0,0.0
1203408030,render/train/1203408030.png,train,,0,0.0,0.3544734,1,-0.43023035374488167,,0,0.0,,0,0.0,,0,0.0
1203525380,render/train/1203525380.png,train,,0,0.0,0.36305897,1,-0.14026331512969115,0.145,1,-1.2434304940681558,0.864397975,1,-0.8282858221975684,12.48037065,1,-0.8547892622599323
1203570548,render/train/1203570548.png,train,,0,0.0,0.36621378,1,-0.03371349804199714,,0,0.0,,0,0.0,,0,0.0
1203599832,render/train/1203599832.png,train,,0,0.0,0.34816577,1,-0.6432627781244323,,0,0.0,,0,0.0,,0,0.0
1203618670,render/train/1203618670.png,train,,0,0.0,0.36018857,1,-0.23720753521537474,,0,0.0,,0,0.0,,0,0.0
1204067122,render/train/1204067122.png,train,,0,0.0,0.38438273,1,0.5799203813914567,,0,0.0,,0,0.0,,0,0.0
1204134441,render/train/1204134441.png,train,,0,0.0,,0,0.0,0.224,1,-0.3611220582234576,,0,0.0,,0,0.0
1204249965,render/train/1204249965.png,train,,0,0.0,0.39627266,1,0.9814881039121415,0.1735,1,-0.9251293494912711,0.748691234,1,-1.6197723169264522,11.55027129,1,-1.0566057075771778
1204523273,render/train/1204523273.png,train,,0,0.0,0.38073142,1,0.45660188911126587,,0,0.0,,0,0.0,,0,0.0
1204736801,render/train/1204736801.png,train,,0,0.0,0.38946168,1,0.7514556540378409,,0,0.0,,0,0.0,,0,0.0
1204898498,render/train/1204898498.png,train,,0,0.0,0.34892214,1,-0.6177173141660262,,0,0.0,,0,0.0,,0,0.0
1205044664,render/train/1205044664.png,train,,0,0.0,0.37196959,1,0.16068188636832276,,0,0.0,,0,0.0,,0,0.0
1205228260,render/train/1205228260.png,train,,0,0.0,0.36808729,1,0.029561991706028086,,0,0.0,,0,0.0,,0,0.0
1205655131,render/train/1205655131.png,train,,0,0.0,0.36253093,1,-0.15809721492555415,,0,0.0,,0,0.0,,0,0.0
1205814834,render/train/1205814834.png,train,,0,0.0,0.43174845,1,2.1796391607242587,,0,0.0,,0,0.0,,0,0.0
1205844020,render/train/1205844020.png,train,,0,0.0,0.31955151,1,-1.6096741211529226,,0,0.0,,0,0.0,,0,0.0
1205846674,render/train/1205846674.png,train,,0,0.0,0.38363567,1,0.5546893512015135,,0,0.0,,0,0.0,,0,0.0
1206071463,render/train/1206071463.png,train,,0,0.0,0.37573,1,0.2876850966011842,,0,0.0,,0,0.0,,0,0.0
1206416017,render/train/1206416017.png,train,,0,0.0,0.37998182,1,0.43128507355377393,0.199,1,-0.6403335885540582,0.889061076,1,-0.659579045125398,12.90682668,1,-0.7622552344344484
1206915036,render/train/1206915036.png,train,,0,0.0,0.38854581,1,0.72052327428245,,0,0.0,,0,0.0,,0,0.0
1207045788,render/train/1207045788.png,train,,0,0.0,0.37321457,1,0.20272955049955022,,0,0.0,,0,0.0,,0,0.0
1207110637,render/train/1207110637.png,train,,0,0.0,0.3566638,1,-0.3562522950507345,,0,0.0,,0,0.0,,0,0.0
1207409378,render/train/1207409378.png,train,,0,0.0,0.41240529,1,1.5263477866326345,,0,0.0,,0,0.0,,0,0.0
1208726540,render/train/1208726540.png,train,2.127453311,1,-0.8480294861114573,,0,0.0,,0,0.0,,0,0.0,,0,0.0
1208748565,render/train/1208748565.png,train,,0,0.0,0.36721657,1,0.00015449751950155332,,0,0.0,,0,0.0,,0,0.0
1208847299,render/train/1208847299.png,train,,0,0.0,0.35715427,1,-0.33968727567175344,,0,0.0,,0,0.0,,0,0.0
1208969128,render/train/1208969128.png,train,,0,0.0,0.38233539,1,0.5107739977688869,,0,0.0,,0,0.0,,0,0.0
1209031692,render/train/1209031692.png,train,,0,0.0,0.36250996,1,-0.15880545081434744,,0,0.0,,0,0.0,,0,0.0
1209050565,render/train/1209050565.png,train,,0,0.0,0.36101121,1,-0.20942388373429516,,0,0.0,,0,0.0,,0,0.0
1209050682,render/train/1209050682.png,train,,0,0.0,0.38882843,1,0.7300684162419738,0.49475,1,2.6627388152569478,0.868453809,1,-0.8005420813565554,25.68405963,1,2.010196662489104
1209057611,render/train/1209057611.png,train,,0,0.0,0.3459702,1,-0.7174154471926887,,0,0.0,,0,0.0,,0,0.0
1209084809,render/train/1209084809.png,train,,0,0.0,0.38146128,1,0.4812520105130704,,0,0.0,,0,0.0,,0,0.0
1209928353,render/train/1209928353.png,train,24.78605928,1,-0.6443168498042541,,0,0.0,,0,0.0,,0,0.0,,0,0.0
1210327805,render/train/1210327805.png,train,,0,0.0,0.36732026,1,0.0036564993940429225,,0,0.0,,0,0.0,,0,0.0
1210773764,render/train/1210773764.png,train,,0,0.0,0.43305383,1,2.223726760367321,,0,0.0,,0,0.0,,0,0.0
1210971861,render/train/1210971861.png,train,,0,0.0,0.37299608,1,0.19535032020184864,,0,0.0,,0,0.0,,0,0.0
1211550700,render/train/1211550700.png,train,,0,0.0,0.42004547,1,1.7843854438979072,,0,0.0,,0,0.0,,0,0.0
1212285406,render/train/1212285406.png,train,,0,0.0,0.3198717,1,-1.598860098776517,,0,0.0,,0,0.0,,0,0.0
1212362961,render/train/1212362961.png,train,,0,0.0,0.37060213,1,0.11449761128527745,,0,0.0,,0,0.0,,0,0.0
1212645329,render/train/1212645329.png,train,,0,0.0,0.3615296,1,-0.19191590078759238,,0,0.0,,0,0.0,,0,0.0
1213234132,render/train/1213234132.png,train,140.326419,1,0.39445099454793553,,0,0.0,,0,0.0,,0,0.0,,0,0.0
1213369367,render/train/1213369367.png,train,,0,0.0,0.34811254,1,-0.6450605557286537,,0,0.0,,0,0.0,,0,0.0
1213893349,render/train/1213893349.png,train,,0,0.0,0.31971706,1,-1.6040828740670856,,0,0.0,,0,0.0,,0,0.0
1213899080,render/train/1213899080.png,train,,0,0.0,0.38631578,1,0.6452067612119105,,0,0.0,,0,0.0,,0,0.0
1214234223,render/train/1214234223.png,train,,0,0.0,0.38276992,1,0.5254497126357455,0.3415,1,0.9511721343303656,0.8954389,1,-0.6159518414021696,20.54848101,1,0.8958595644228876
1214356356,render/train/1214356356.png,train,,0,0.0,0.35534379,1,-0.4008340049013831,,0,0.0,,0,0.0,,0,0.0
1214422376,render/train/1214422376.png,train,,0,0.0,0.31456612,1,-1.7780495201819655,,0,0.0,,0,0.0,,0,0.0
1214923559,render/train/1214923559.png,train,,0,0.0,,0,0.0,0.3545,1,1.0963621301022775,0.917519076,1,-0.4649134407506741,22.92381656,1,1.4112687752589042
1215056104,render/train/1215056104.png,train,,0,0.0,0.37007258,1,0.09661271310161913,,0,0.0,,0,0.0,,0,0.0
1215188002,render/train/1215188002.png,train,,0,0.0,0.37158061,1,0.1475445665770278,,0,0.0,,0,0.0,,0,0.0
1215512335,render/train/1215512335.png,train,,0,0.0,0.39608248,1,0.9750650089511974,,0,0.0,,0,0.0,,0,0.0
1215694607,render/train/1215694607.png,train,,0,0.0,0.37599895,1,0.29676855116920386,,0,0.0,,0,0.0,,0,0.0
1215820166,render/train/1215820166.png,train,,0,0.0,0.34746519,1,-0.6669240036357301,,0,0.0,,0,0.0,,0,0.0
1216120038,render/train/1216120038.png,train,,0,0.0,0.3536972,1,-0.4564455514979851,,0,0.0,,0,0.0,,0,0.0
1216424248,render/train/1216424248.png,train,,0,0.0,0.35874529,1,-0.2859525372935746,,0,0.0,,0,0.0,,0,0.0
1217132738,render/train/1217132738.png,train,,0,0.0,,0,0.0,0.174,1,-0.9195451188846592,1.057163419,1,0.49031708942032076,14.79567929,1,-0.3524049153476774
1217226410,render/train/1217226410.png,train,,0,0.0,0.34949255,1,-0.5984524198728695,,0,0.0,,0,0.0,,0,0.0
1217265261,render/train/1217265261.png,train,,0,0.0,0.3710893,1,0.13095117723397665,,0,0.0,,0,0.0,,0,0.0
1217496894,render/train/1217496894.png,train,,0,0.0,0.30960525,1,-1.9455967864502441,,0,0.0,,0,0.0,,0,0.0
1217545349,render/train/1217545349.png,train,,0,0.0,0.35897864,1,-0.2780714288219343,0.166,1,-1.0088928085904512,1.226889668,1,1.6513214762303488,13.82994352,1,-0.5619538824785795
1217713342,render/train/1217713342.png,train,,0,0.0,0.42161644,1,1.8374430182527035,,0,0.0,,0,0.0,,0,0.0
1217901314,render/train/1217901314.png,train,,0,0.0,0.34717027,1,-0.6768845629263055,,0,0.0,,0,0.0,,0,0.0
1218214236,render/train/1218214236.png,train,,0,0.0,0.33284068,1,-1.1608487932418063,,0,0.0,,0,0.0,,0,0.0
1218861482,render/train/1218861482.png,train,-42.28619333,1,-1.2473312374033516,,0,0.0,,0,0.0,,0,0.0,,0,0.0
1219358292,render/train/1219358292.png,train,,0,0.0,0.35064905,1,-0.559393058623882,,0,0.0,,0,0.0,,0,0.0
1219579071,render/train/1219579071.png,train,,0,0.0,0.34538338,1,-0.7372345689982488,,0,0.0,,0,0.0,,0,0.0
1219791952,render/train/1219791952.png,train,,0,0.0,0.37377403,1,0.22162462204676747,,0,0.0,,0,0.0,,0,0.0
1220036380,render/train/1220036380.png,train,,0,0.0,0.36266828,1,-0.15345838806213016,,0,0.0,,0,0.0,,0,0.0
1220421998,render/train/1220421998.png,train,,0,0.0,0.36425728,1,-0.09979187269279063,,0,0.0,,0,0.0,,0,0.0
1220689198,render/train/1220689198.png,train,138.2497069,1,0.3757802741461219,,0,0.0,,0,0.0,,0,0.0,,0,0.0
1220722345,render/train/1220722345.png,train,,0,0.0,0.33690183,1,-1.02368846039587,,0,0.0,,0,0.0,,0,0.0
1220760786,render/train/1220760786.png,train,,0,0.0,0.37301777,1,0.19608287320270576,0.3755,1,1.3308998155799823,0.937104778,1,-0.33093837163361656,21.36882265,1,1.073860368262296
1220908034,render/train/1220908034.png,train,,0,0.0,0.36094499,1,-0.21166038256862993,,0,0.0,,0,0.0,,0,0.0
1221040845,render/train/1221040845.png,train,,0,0.0,0.39706819,1,1.0083561485765655,,0,0.0,,0,0.0,,0,0.0
1221113390,render/train/1221113390.png,train,,0,0.0,0.33535597,1,-1.075897975467517,,0,0.0,,0,0.0,,0,0.0
1221138931,render/train/1221138931.png,train,,0,0.0,0.38552553,1,0.6185170420359382,0.4341428571428571,1,1.9858502910126195,0.886924555,1,-0.6741938160764233,21.34846534,1,1.069443162835533
1221972864,render/train/1221972864.png,train,,0,0.0,0.39311406,1,0.8748102842484563,,0,0.0,,0,0.0,,0,0.0
1223012575,render/train/1223012575.png,train,,0,0.0,0.35909297,1,-0.27421007406914866,,0,0.0,,0,0.0,,0,0.0
1223074288,render/train/1223074288.png,train,,0,0.0,0.36890167,1,0.05706667187373276,,0,0.0,,0,0.0,,0,0.0
1223077195,render/train/1223077195.png,train,,0,0.0,0.37429399,1,0.23918562980727337,,0,0.0,,0,0.0,,0,0.0
1223442975,render/train/1223442975.png,train,,0,0.0,0.36539147,1,-0.06148600418004687,,0,0.0,,0,0.0,,0,0.0
1223466134,render/train/1223466134.png,train,,0,0.0,0.34302627,1,-0.8168430523476655,,0,0.0,,0,0.0,,0,0.0
1223535676,render/train/1223535676.png,train,,0,0.0,0.34821531,1,-0.6415896257195249,,0,0.0,,0,0.0,,0,0.0
1223550383,render/train/1223550383.png,train,,0,0.0,0.36635489,1,-0.028947681815585904,,0,0.0,,0,0.0,,0,0.0
1224319371,render/train/1224319371.png,train,,0,0.0,0.37203471,1,0.162881234059229,,0,0.0,,0,0.0,,0,0.0
1224371344,render/train/1224371344.png,train,,0,0.0,0.35113971,1,-0.5428216222292195,0.291,1,0.38716484306255183,,0,0.0,,0,0.0
1224631495,render/train/1224631495.png,train,,0,0.0,0.37003296,1,0.0952745964628959,,0,0.0,,0,0.0,,0,0.0
1224767743,render/train/1224767743.png,train,,0,0.0,0.33829793,1,-0.976536904633041,,0,0.0,,0,0.0,,0,0.0
1225123322,render/train/1225123322.png,train,,0,0.0,0.33201436,1,-1.1887567321845327,,0,0.0,,0,0.0,,0,0.0
1225921990,render/train/1225921990.png,train,,0,0.0,0.36223788,1,-0.1679946172723023,,0,0.0,,0,0.0,,0,0.0
1225989211,render/train/1225989211.png,train,,0,0.0,0.33327208,1,-1.146278790264881,,0,0.0,,0,0.0,,0,0.0
1226464299,render/train/1226464299.png,train,,0,0.0,0.41407636,1,1.5827861150393314,,0,0.0,,0,0.0,,0,0.0
1226489424,render/train/1226489424.png,train,283.2696326,1,1.6795847280405791,,0,0.0,,0,0.0,,0,0.0,,0,0.0
1226552406,render/train/1226552406.png,train,,0,0.0,0.34777302,1,-0.656527425016382,,0,0.0,,0,0.0,,0,0.0
1226651340,render/train/1226651340.png,train,,0,0.0,0.35314116,1,-0.47522511676291046,,0,0.0,,0,0.0,,0,0.0
1227244872,render/train/1227244872.png,train,,0,0.0,,0,0.0,0.281,1,0.2754802309303121,0.892016503,1,-0.6393625863742424,10.93715508,1,-1.1896419608959432
1227492040,render/train/1227492040.png,train,,0,0.0,0.41641721,1,1.661845436941357,,0,0.0,,0,0.0,,0,0.0
1227953094,render/train/1227953094.png,train,,0,0.0,0.37183498,1,0.15613559962580004,,0,0.0,,0,0.0,,0,0.0
1229175862,render/train/1229175862.png,train,,0,0.0,0.39274981,1,0.8625081897089457,,0,0.0,1.096450635,1,0.7590594341683807,19.41986966,1,0.6509692434557841
1229640212,render/train/1229640212.png,train,,0,0.0,0.36917749,1,0.0663821522193402,,0,0.0,,0,0.0,,0,0.0
1230087703,render/train/1230087703.png,train,,0,0.0,0.39496451,1,0.9373069509351738,,0,0.0,,0,0.0,,0,0.0
1230182375,render/train/1230182375.png,train,138.7903633,1,0.38064105599347137,,0,0.0,,0,0.0,,0,0.0,,0,0.0
1231617285,render/train/1231617285.png,train,,0,0.0,0.27493701,1,-3.116473837921575,,0,0.0,,0,0.0,,0,0.0
1231928634,render/train/1231928634.png,train,,0,0.0,0.41818103,1,1.7214162822143269,,0,0.0,,0,0.0,,0,0.0
1233245878,render/train/1233245878.png,train,,0,0.0,0.39084929,1,0.798320470520944,,0,0.0,,0,0.0,,0,0.0
1233315694,render/train/1233315694.png,train,,0,0.0,0.38774885,1,0.6936069331315694,,0,0.0,,0,0.0,,0,0.0
1233336012,render/train/1233336012.png,train,,0,0.0,0.33599238,1,-1.0544040125687129,,0,0.0,,0,0.0,,0,0.0
1233529700,render/train/1233529700.png,train,,0,0.0,0.35081029,1,-0.5539473764727475,,0,0.0,,0,0.0,,0,0.0
1233557380,render/train/1233557380.png,train,,0,0.0,0.39381473,1,0.898474549398762,0.174,1,-0.9195451188846592,,0,0.0,,0,0.0
1234075748,render/train/1234075748.png,train,,0,0.0,0.36313366,1,-0.13774075249096343,,0,0.0,,0,0.0,,0,0.0
1234355256,render/train/1234355256.png,train,,0,0.0,0.36837941,1,0.03942798444969817,,0,0.0,,0,0.0,,0,0.0
1235337223,render/train/1235337223.png,train,,0,0.0,0.29102826,1,-2.5730117136692896,,0,0.0,,0,0.0,,0,0.0
1235772628,render/train/1235772628.png,train,,0,0.0,0.3607122,1,-0.21952257773088954,,0,0.0,,0,0.0,,0,0.0
1235835504,render/train/1235835504.png,train,,0,0.0,0.41973656,1,1.7739523896104672,,0,0.0,,0,0.0,,0,0.0
1236281959,render/train/1236281959.png,train,,0,0.0,0.38484293,1,0.595463068850847,,0,0.0,,0,0.0,,0,0.0
1236372812,render/train/1236372812.png,train,,0,0.0,0.36074861,1,-0.21829287488343838,,0,0.0,,0,0.0,,0,0.0
1236653976,render/train/1236653976.png,train,,0,0.0,0.32111694,1,-1.5568036534659329,,0,0.0,,0,0.0,,0,0.0
1236698324,render/train/1236698324.png,train,,0,0.0,0.36984267,1,0.0888477863876073,,0,0.0,,0,0.0,,0,0.0
1237680808,render/train/1237680808.png,train,,0,0.0,0.40872556,1,1.4020694439013452,,0,0.0,,0,0.0,,0,0.0
1237730261,render/train/1237730261.png,train,,0,0.0,0.34689977,1,-0.6860203668327918,,0,0.0,,0,0.0,,0,0.0
1237783866,render/train/1237783866.png,train,,0,0.0,0.3658273,1,-0.04676638341640902,,0,0.0,,0,0.0,,0,0.0
1237875565,render/train/1237875565.png,train,,0,0.0,0.36049034,1,-0.22701562562254443,,0,0.0,,0,0.0,,0,0.0
1238011731,render/train/1238011731.png,train,,0,0.0,0.3618059,1,-0.182584209033943,,0,0.0,,0,0.0,,0,0.0
1238020141,render/train/1238020141.png,train,,0,0.0,0.3613498,1,-0.19798842404964878,,0,0.0,,0,0.0,,0,0.0
1238107253,render/train/1238107253.png,train,,0,0.0,0.37819795,1,0.3710370642574213,,0,0.0,,0,0.0,,0,0.0
1238169222,render/train/1238169222.png,train,,0,0.0,0.37799409,1,0.3641519441673058,,0,0.0,,0,0.0,,0,0.0
1238226226,render/train/1238226226.png,train,,0,0.0,0.3630038,1,-0.14212661384141304,,0,0.0,,0,0.0,,0,0.0
1238987612,render/train/1238987612.png,train,,0,0.0,0.31831938,1,-1.6512877923813831,,0,0.0,,0,0.0,,0,0.0
1239353537,render/train/1239353537.png,train,,0,0.0,0.3305321,1,-1.2388182356907362,,0,0.0,,0,0.0,,0,0.0
1239672440,render/train/1239672440.png,train,,0,0.0,0.34021913,1,-0.9116507439486028,,0,0.0,,0,0.0,,0,0.0
1239731818,render/train/1239731818.png,train,,0,0.0,0.37246963,1,0.1775701206951216,,0,0.0,,0,0.0,,0,0.0
1239746533,render/train/1239746533.png,train,,0,0.0,0.3442798,1,-0.7745066225107063,,0,0.0,,0,0.0,,0,0.0
1239868812,render/train/1239868812.png,train,,0,0.0,0.35602332,1,-0.37788371718022123,,0,0.0,,0,0.0,,0,0.0
1240229654,render/train/1240229654.png,train,,0,0.0,0.43382057,1,2.2496224582869493,,0,0.0,,0,0.0,,0,0.0
1240400626,render/train/1240400626.png,train,,0,0.0,0.35267151,1,-0.4910869663181084,,0,0.0,,0,0.0,,0,0.0
1240885962,render/train/1240885962.png,train,,0,0.0,0.37479029,1,0.25594755024641963,,0,0.0,,0,0.0,,0,0.0
1241111211,render/train/1241111211.png,train,,0,0.0,0.36691614,1,-0.009992155225880185,,0,0.0,,0,0.0,,0,0.0
1241410417,render/train/1241410417.png,train,,0,0.0,0.37368209,1,0.21851946193156624,,0,0.0,,0,0.0,,0,0.0
1241617720,render/train/1241617720.png,train,,0,0.0,0.37003283,1,0.09527020587321668,,0,0.0,,0,0.0,,0,0.0
1242192055,render/train/1242192055.png,train,,0,0.0,0.31017139,1,-1.9264761061411206,,0,0.0,,0,0.0,,0,0.0
1242216634,render/train/1242216634.png,train,,0,0.0,0.31361691,1,-1.8101079173208765,,0,0.0,,0,0.0,,0,0.0
1242356842,render/train/1242356842.png,train,,0,0.0,0.35285371,1,-0.484933386015848,,0,0.0,,0,0.0,,0,0.0
1242684513,render/train/1242684513.png,train,,0,0.0,0.34203506,1,-0.8503199476901726,,0,0.0,,0,0.0,,0,0.0
1242973596,render/train/1242973596.png,train,,0,0.0,0.37224912,1,0.17012266738858076,,0,0.0,,0,0.0,,0,0.0
1242989659,render/train/1242989659.png,train,36.06576581,1,-0.5429064295364937,,0,0.0,,0,0.0,,0,0.0,,0,0.0
1243367222,render/train/1243367222.png,train,,0,0.0,0.38892688,1,0.7333934435787327,,0,0.0,,0,0.0,,0,0.0
1243527935,render/train/1243527935.png,train,,0,0.0,0.38890239,1,0.7325663240309703,,0,0.0,,0,0.0,,0,0.0
1244119715,render/train/1244119715.png,train,,0,0.0,,0,0.0,0.368,1,1.247136356480802,0.89127614,1,-0.6444270044939868,15.68183389,1,-0.1601237687683212
1244604743,render/train/1244604743.png,train,158.9171015,1,0.5615908860313977,,0,0.0,0.183,1,-0.8190289679656428,0.986360805,1,0.0059951537389565405,13.85120498,1,-0.5573404911958946
1244610888,render/train/1244610888.png,train,,0,0.0,,0,0.0,0.27,1,0.1526271575848477,0.956272559,1,-0.1998220713705156,25.28802464,1,1.9242635059465052
1245028222,render/train/1245028222.png,train,,0,0.0,0.39351854,1,0.8884710974244094,,0,0.0,,0,0.0,,0,0.0
1245052771,render/train/1245052771.png,train,155.8375326,1,0.5339039621241208,,0,0.0,,0,0.0,,0,0.0,,0,0.0
1245106816,render/train/1245106816.png,train,,0,0.0,0.44422978,1,2.6011806889022298,,0,0.0,,0,0.0,,0,0.0
1245265865,render/train/1245265865.png,train,,0,0.0,0.38445256,1,0.5822788035237667,,0,0.0,,0,0.0,,0,0.0
1245320293,render/train/1245320293.png,train,,0,0.0,0.37828298,1,0.3739088476443654,,0,0.0,,0,0.0,,0,0.0
1245611127,render/train/1245611127.png,train,,0,0.0,0.36793308,1,0.024353739135162658,0.181,1,-0.8413658903920909,1.068349202,1,0.5668329095095573,12.8198381,1,-0.7811303425721369
1246412636,render/train/1246412636.png,train,,0,0.0,0.39022826,1,0.777345948154788,,0,0.0,,0,0.0,,0,0.0
1246466408,render/train/1246466408.png,train,,0,0.0,0.3624363,1,-0.16129322647331987,,0,0.0,,0,0.0,,0,0.0
1246478630,render/train/1246478630.png,train,,0,0.0,0.35295865,1,-0.48138916693286604,,0,0.0,,0,0.0,,0,0.0
1247053205,render/train/1247053205.png,train,,0,0.0,0.40020648,1,1.1143480230375116,,0,0.0,,0,0.0,,0,0.0
1247276415,render/train/1247276415.png,train,,0,0.0,0.35889095,1,-0.28103305042844084,,0,0.0,,0,0.0,,0,0.0
1247283822,render/train/1247283822.png,train,,0,0.0,0.38593544,1,0.632361246765357,,0,0.0,,0,0.0,,0,0.0
1247292893,render/train/1247292893.png,train,,0,0.0,0.34407338,1,-0.781478203443709,,0,0.0,,0,0.0,,0,0.0
1247307752,render/train/1247307752.png,train,,0,0.0,0.3894808,1,0.7521014084581453,,0,0.0,,0,0.0,,0,0.0
1247311317,render/train/1247311317.png,train,,0,0.0,0.35663758,1,-0.3571378432149776,,0,0.0,,0,0.0,,0,0.0
1247317223,render/train/1247317223.png,train,,0,0.0,0.36354697,1,-0.12378171695458733,,0,0.0,,0,0.0,,0,0.0
1247694906,render/train/1247694906.png,train,,0,0.0,0.36667366,1,-0.01818161818796755,,0,0.0,,0,0.0,,0,0.0
1248082530,render/train/1248082530.png,train,,0,0.0,0.39856806,1,1.0590124081152765,,0,0.0,,0,0.0,,0,0.0
1248304721,render/train/1248304721.png,train,,0,0.0,0.39789231,1,1.0361897852324384,,0,0.0,,0,0.0,,0,0.0
1248717152,render/train/1248717152.png,train,,0,0.0,0.36252693,1,-0.15823230999256144,,0,0.0,,0,0.0,,0,0.0
1248950707,render/train/1248950707.png,train,70.42884183,1,-0.2339645282899548,,0,0.0,,0,0.0,,0,0.0,,0,0.0
1249625777,render/train/1249625777.png,train,,0,0.0,0.34386538,1,-0.7885031469281784,,0,0.0,,0,0.0,,0,0.0
1249855570,render/train/1249855570.png,train,,0,0.0,0.42975739,1,2.1123935646945062,,0,0.0,,0,0.0,,0,0.0
1250128226,render/train/1250128226.png,train,,0,0.0,0.3776766,1,0.35342911096113006,,0,0.0,,0,0.0,,0,0.0
1250174161,render/train/1250174161.png,train,,0,0.0,0.37444531,1,0.24429627619222366,0.2026666666666666,1,-0.5993825641055709,,0,0.0,,0,0.0
1250664164,render/train/1250664164.png,train,,0,0.0,0.34863907,1,-0.6272776543205879,,0,0.0,,0,0.0,,0,0.0
1250759727,render/train/1250759727.png,train,,0,0.0,0.3582881,1,-0.30139356571503967,,0,0.0,,0,0.0,,0,0.0
1250976105,render/train/1250976105.png,train,,0,0.0,0.33908362,1,-0.9500011938334604,,0,0.0,,0,0.0,,0,0.0
1251251952,render/train/1251251952.png,train,,0,0.0,0.41706039,1,1.6835680482410753,,0,0.0,,0,0.0,,0,0.0
1251718993,render/train/1251718993.png,train,,0,0.0,0.35664394,1,-0.3569230420584338,,0,0.0,,0,0.0,,0,0.0
1251846091,render/train/1251846091.png,train,,0,0.0,0.34851961,1,-0.6313122684968133,,0,0.0,,0,0.0,,0,0.0
1251856230,render/train/1251856230.png,train,,0,0.0,0.35606637,1,-0.376429756521535,,0,0.0,,0,0.0,,0,0.0
1252158010,render/train/1252158010.png,train,,0,0.0,0.37544083,1,0.2779187364694333,,0,0.0,,0,0.0,,0,0.0
1252177757,render/train/1252177757.png,train,,0,0.0,0.38624967,1,0.6429739774919183,,0,0.0,,0,0.0,,0,0.0
1252473600,render/train/1252473600.png,train,,0,0.0,0.38554512,1,0.6191786701266153,,0,0.0,,0,0.0,,0,0.0
1252624826,render/train/1252624826.png,train,,0,0.0,0.39640493,1,0.9859553600404625,,0,0.0,,0,0.0,,0,0.0
1252741517,render/train/1252741517.png,train,,0,0.0,0.35976311,1,-0.2515769220177904,,0,0.0,,0,0.0,,0,0.0
1252756161,render/train/1252756161.png,train,,0,0.0,0.36696758,1,-0.008254832664143527,,0,0.0,,0,0.0,,0,0.0
1252814215,render/train/1252814215.png,train,,0,0.0,,0,0.0,0.3105,1,0.6049498367204206,0.864456022,1,-0.827888754436758,12.35489175,1,-0.8820161443000597
1252824054,render/train/1252824054.png,train,,0,0.0,0.36298238,1,-0.14285004792524622,,0,0.0,,0,0.0,,0,0.0
1253121067,render/train/1253121067.png,train,,0,0.0,0.34210366,1,-0.8480030672909685,,0,0.0,,0,0.0,,0,0.0
1253393179,render/train/1253393179.png,train,,0,0.0,0.36879886,1,0.053594390913932734,,0,0.0,,0,0.0,,0,0.0
1253409024,render/train/1253409024.png,train,,0,0.0,0.35906708,1,-0.27508447689036564,,0,0.0,,0,0.0,,0,0.0
1253785759,render/train/1253785759.png,train,,0,0.0,0.35411146,1,-0.44245443088319436,,0,0.0,,0,0.0,,0,0.0
1253961002,render/train/1253961002.png,train,,0,0.0,0.38005772,1,0.4338485024502691,,0,0.0,,0,0.0,,0,0.0
1254056862,render/train/1254056862.png,train,,0,0.0,0.3670177,1,-0.0065620914745207586,,0,0.0,,0,0.0,,0,0.0
1254412515,render/train/1254412515.png,train,,0,0.0,0.48442803,1,3.9588270082512187,,0,0.0,,0,0.0,,0,0.0
1254752288,render/train/1254752288.png,train,,0,0.0,0.3647088899999999,1,-0.08453930188980706,,0,0.0,,0,0.0,,0,0.0
1255030804,render/train/1255030804.png,train,,0,0.0,0.34439898,1,-0.7704814649891722,,0,0.0,,0,0.0,,0,0.0
1255406268,render/train/1255406268.png,train,,0,0.0,0.43780015,1,2.3840278649789033,,0,0.0,,0,0.0,,0,0.0
1255816024,render/train/1255816024.png,train,,0,0.0,0.39436632,1,0.9171038214016402,,0,0.0,,0,0.0,,0,0.0
1256351112,render/train/1256351112.png,train,,0,0.0,0.3731668,1,0.2011161776617947,,0,0.0,,0,0.0,,0,0.0
1256508173,render/train/1256508173.png,train,,0,0.0,0.35369558,1,-0.4565002650001231,,0,0.0,,0,0.0,,0,0.0
1256836915,render/train/1256836915.png,train,,0,0.0,,0,0.0,0.3671666666666667,1,1.2378293054697824,0.899934311,1,-0.585201194862435,14.9826959,1,-0.3118253503370302
1256957523,render/train/1256957523.png,train,,0,0.0,0.35913079,1,-0.2729327502105794,,0,0.0,,0,0.0,,0,0.0
1256991095,render/train/1256991095.png,train,,0,0.0,0.37137448,1,0.1405827800363857,,0,0.0,,0,0.0,,0,0.0
1257255803,render/train/1257255803.png,train,,0,0.0,0.36672584,1,-0.01641930303883425,,0,0.0,,0,0.0,,0,0.0
1257657215,render/train/1257657215.png,train,,0,0.0,0.40894875,1,1.4096074109027832,,0,0.0,,0,0.0,,0,0.0
1257792790,render/train/1257792790.png,train,,0,0.0,0.39205725,1,0.8391178298070029,,0,0.0,,0,0.0,,0,0.0
1257932675,render/train/1257932675.png,train,9.819405608,1,-0.7788748398408566,,0,0.0,,0,0.0,,0,0.0,,0,0.0
1257958128,render/train/1257958128.png,train,,0,0.0,,0,0.0,0.312,1,0.6217025285402565,0.933531017,1,-0.35538451489582146,25.4839371,1,1.9667733258334437
1258103517,render/train/1258103517.png,train,,0,0.0,0.35793789,1,-0.31322147656934884,,0,0.0,,0,0.0,,0,0.0
1258628140,render/train/1258628140.png,train,,0,0.0,0.3726312,1,0.18302694818928403,,0,0.0,,0,0.0,,0,0.0
1259156024,render/train/1259156024.png,train,213.4893774,1,1.0522239906488078,,0,0.0,,0,0.0,,0,0.0,,0,0.0
1259678348,render/train/1259678348.png,train,,0,0.0,0.3489094,1,-0.6181475919544503,0.2055,1,-0.5677385906681023,1.091305455,1,0.7238640734853836,11.54820166,1,-1.0570547836519337
1259746879,render/train/1259746879.png,train,48.20867337,1,-0.4337353836713345,,0,0.0,,0,0.0,,0,0.0,,0,0.0
1260132541,render/train/1260132541.png,train,,0,0.0,0.39071977,1,0.7939460922511916,,0,0.0,,0,0.0,,0,0.0
1260477255,render/train/1260477255.png,train,,0,0.0,0.35512749,1,-0.4081392706498968,,0,0.0,,0,0.0,,0,0.0
1260660121,render/train/1260660121.png,train,,0,0.0,,0,0.0,0.269,1,0.14145869637162367,,0,0.0,,0,0.0
1261008131,render/train/1261008131.png,train,,0,0.0,0.37319105,1,0.2019351915055371,,0,0.0,,0,0.0,,0,0.0
1261139473,render/train/1261139473.png,train,,0,0.0,0.3749586,1,0.2616320129284906,,0,0.0,,0,0.0,,0,0.0
1261531807,render/train/1261531807.png,train,,0,0.0,0.36154696,1,-0.1913295881967743,,0,0.0,,0,0.0,,0,0.0
1261888727,render/train/1261888727.png,train,173.7390032,1,0.6948474806570413,,0,0.0,,0,0.0,,0,0.0,,0,0.0
1262712163,render/train/1262712163.png,train,,0,0.0,0.36429244,1,-0.09860438705378194,,0,0.0,,0,0.0,,0,0.0
1263057506,render/train/1263057506.png,train,,0,0.0,0.35098547,1,-0.5480308880130869,,0,0.0,,0,0.0,,0,0.0
1263366372,render/train/1263366372.png,train,,0,0.0,0.33929019,1,-0.9430245468354457,,0,0.0,,0,0.0,,0,0.0
1263725170,render/train/1263725170.png,train,,0,0.0,0.35641912,1,-0.3645160602996771,,0,0.0,,0,0.0,,0,0.0
1263773798,render/train/1263773798.png,train,,0,0.0,0.36830388,1,0.03687705184689851,,0,0.0,,0,0.0,,0,0.0
1263993270,render/train/1263993270.png,train,,0,0.0,0.3769196,1,0.32786236952967174,,0,0.0,,0,0.0,,0,0.0
1264073564,render/train/1264073564.png,train,,0,0.0,0.36105687,1,-0.20788177354438878,,0,0.0,,0,0.0,,0,0.0
1264214740,render/train/1264214740.png,train,,0,0.0,0.4021004,1,1.1783128353649512,,0,0.0,,0,0.0,,0,0.0
1264383388,render/train/1264383388.png,train,,0,0.0,0.36475136,1,-0.08310493001583431,,0,0.0,,0,0.0,,0,0.0
1264421130,render/train/1264421130.png,train,,0,0.0,0.37966374,1,0.4205423138252155,,0,0.0,0.947782381,1,-0.25789873282314657,10.01820949,1,-1.3890382193921955
1264684812,render/train/1264684812.png,train,,0,0.0,0.34367981,1,-0.7947705448243958,,0,0.0,,0,0.0,,0,0.0
1264707088,render/train/1264707088.png,train,,0,0.0,0.34609329,1,-0.7132582342431534,,0,0.0,,0,0.0,,0,0.0
1264767069,render/train/1264767069.png,train,,0,0.0,0.36951145,1,0.0776612393639253,,0,0.0,,0,0.0,,0,0.0
1264867007,render/train/1264867007.png,train,,0,0.0,0.38159758,1,0.48585537492140257,,0,0.0,,0,0.0,,0,0.0
1265296504,render/train/1265296504.png,train,,0,0.0,0.36068687,1,-0.22037806724272394,,0,0.0,,0,0.0,,0,0.0
1265311522,render/train/1265311522.png,train,,0,0.0,0.37431986,1,0.24005935715315374,,0,0.0,,0,0.0,,0,0.0
1265853164,render/train/1265853164.png,train,,0,0.0,0.36622097,1,-0.03347066465904873,,0,0.0,,0,0.0,,0,0.0
1266330575,render/train/1266330575.png,train,,0,0.0,0.40434518,1,1.254127511495087,,0,0.0,,0,0.0,,0,0.0
1266599294,render/train/1266599294.png,train,,0,0.0,0.33765741,1,-0.998169677713199,,0,0.0,,0,0.0,,0,0.0
1266997255,render/train/1266997255.png,train,,0,0.0,0.3271084,1,-1.354449480920444,,0,0.0,,0,0.0,,0,0.0
1267045105,render/train/1267045105.png,train,,0,0.0,0.37934659,1,0.40983096369973515,,0,0.0,,0,0.0,,0,0.0
1267165499,render/train/1267165499.png,train,,0,0.0,0.35817163,1,-0.3053271963286746,,0,0.0,,0,0.0,,0,0.0
1267231154,render/train/1267231154.png,train,,0,0.0,0.36524921,1,-0.06629066023822339,,0,0.0,,0,0.0,,0,0.0
1267496441,render/train/1267496441.png,train,,0,0.0,0.36869304,1,0.05002045091620942,,0,0.0,,0,0.0,,0,0.0
1267767457,render/train/1267767457.png,train,-2.553202642,1,-0.8901110142132815,,0,0.0,,0,0.0,,0,0.0,,0,0.0
1267983155,render/train/1267983155.png,train,,0,0.0,0.33988756,1,-0.9228491117906493,,0,0.0,,0,0.0,,0,0.0
1268212088,render/train/1268212088.png,train,,0,0.0,0.34133831,1,-0.8738518196748098,,0,0.0,,0,0.0,,0,0.0
1268591883,render/train/1268591883.png,train,12.73837737,1,-0.7526317676166944,,0,0.0,,0,0.0,,0,0.0,,0,0.0
1268903954,render/train/1268903954.png,train,148.8519878,1,0.47110028615230726,,0,0.0,,0,0.0,,0,0.0,,0,0.0
1269165942,render/train/1269165942.png,train,,0,0.0,0.34896025,1,-0.6164301959150964,,0,0.0,,0,0.0,,0,0.0
1269399876,render/train/1269399876.png,train,,0,0.0,0.35246453,1,-0.49807746056049174,,0,0.0,,0,0.0,,0,0.0
1269445005,render/train/1269445005.png,train,,0,0.0,0.34427885,1,-0.774538707589121,,0,0.0,,0,0.0,,0,0.0
1269889405,render/train/1269889405.png,train,,0,0.0,0.41686593,1,1.6770004015584308,0.1493333333333333,1,-1.1950338288108522,1.214722149,1,1.5680901374196117,12.90254496,1,-0.763184298088727
1269952522,render/train/1269952522.png,train,,0,0.0,0.36757979,1,0.012421805079256923,,0,0.0,,0,0.0,,0,0.0
1270138741,render/train/1270138741.png,train,,0,0.0,0.35802001,1,-0.3104479748436527,,0,0.0,,0,0.0,,0,0.0
1270448600,render/train/1270448600.png,train,,0,0.0,0.36301614,1,-0.14170984555969016,,0,0.0,,0,0.0,,0,0.0
1270893836,render/train/1270893836.png,train,,0,0.0,,0,0.0,0.259,1,0.02977408423938331,,0,0.0,,0,0.0
1271079066,render/train/1271079066.png,train,,0,0.0,0.43625228,1,2.331750464636084,,0,0.0,,0,0.0,,0,0.0
1271134038,render/train/1271134038.png,train,,0,0.0,0.35493198,1,-0.41474237978763123,,0,0.0,,0,0.0,,0,0.0
1272587185,render/train/1272587185.png,train,,0,0.0,0.42862349,1,2.074097490574119,,0,0.0,,0,0.0,,0,0.0
1273620790,render/train/1273620790.png,train,,0,0.0,0.35994367,1,-0.2454787306930027,,0,0.0,,0,0.0,,0,0.0
1274254712,render/train/1274254712.png,train,,0,0.0,0.3351735,1,-1.0820606746868016,,0,0.0,,0,0.0,,0,0.0
1275263414,render/train/1275263414.png,train,,0,0.0,0.33751561,1,-1.0029587978386683,,0,0.0,,0,0.0,,0,0.0
1275276173,render/train/1275276173.png,train,,0,0.0,0.37546944,1,0.2788850039362149,,0,0.0,,0,0.0,,0,0.0
1275591013,render/train/1275591013.png,train,,0,0.0,0.38954407,1,0.7542382746805609,,0,0.0,,0,0.0,,0,0.0
1275707146,render/train/1275707146.png,train,,0,0.0,0.35576866,1,-0.3864845446213502,,0,0.0,,0,0.0,,0,0.0
1275832134,render/train/1275832134.png,train,,0,0.0,,0,0.0,0.315,1,0.6552079121799287,0.863597922,1,-0.8337585469419927,16.18461866,1,-0.05102764484340078
1276163646,render/train/1276163646.png,train,,0,0.0,0.35467829,1,-0.4233104466750109,,0,0.0,,0,0.0,,0,0.0
1276246944,render/train/1276246944.png,train,,0,0.0,0.36184068,1,-0.18140955742629905,,0,0.0,,0,0.0,,0,0.0
1276410560,render/train/1276410560.png,train,,0,0.0,0.33986713,1,-0.9235391098453967,,0,0.0,,0,0.0,,0,0.0
1276975260,render/train/1276975260.png,train,,0,0.0,0.35306861,1,-0.47767540354078697,,0,0.0,,0,0.0,,0,0.0
1277787594,render/train/1277787594.png,train,,0,0.0,0.3490302,1,-0.6140677209307763,,0,0.0,,0,0.0,,0,0.0
1277971955,render/train/1277971955.png,train,,0,0.0,,0,0.0,0.146,1,-1.2322620328549319,0.912756425,1,-0.4974921298834625,16.28256988,1,-0.02977382198851005
1278963276,render/train/1278963276.png,train,,0,0.0,0.3655579,1,-0.05586503617946859,,0,0.0,,0,0.0,,0,0.0
1279775850,render/train/1279775850.png,train,,0,0.0,0.38480107,1,0.5940492989745972,,0,0.0,,0,0.0,,0,0.0
1279821267,render/train/1279821267.png,train,,0,0.0,,0,0.0,0.1594999999999999,1,-1.0814878064764086,0.906319536,1,-0.5415233649484001,14.29532166,1,-0.46097438933802776
1280165390,render/train/1280165390.png,train,,0,0.0,0.33411517,1,-1.1178044652537193,,0,0.0,,0,0.0,,0,0.0
1280502593,render/train/1280502593.png,train,,0,0.0,0.35177391,1,-0.5214022993549359,,0,0.0,,0,0.0,,0,0.0
1280563800,render/train/1280563800.png,train,,0,0.0,0.32384943,1,-1.464517173553054,,0,0.0,,0,0.0,,0,0.0
1282073595,render/train/1282073595.png,train,,0,0.0,0.40131849,1,1.1519047894036927,,0,0.0,,0,0.0,,0,0.0
1282093980,render/train/1282093980.png,train,,0,0.0,0.35883552,1,-0.2829051303195175,,0,0.0,,0,0.0,,0,0.0
1282732042,render/train/1282732042.png,train,,0,0.0,0.40912107,1,1.4154273063895308,,0,0.0,,0,0.0,,0,0.0
1282744521,render/train/1282744521.png,train,,0,0.0,0.34680076,1,-0.6893643074789332,,0,0.0,,0,0.0,,0,0.0
1283103305,render/train/1283103305.png,train,,0,0.0,0.37233408,1,0.17299208661185342,,0,0.0,,0,0.0,,0,0.0
1283259076,render/train/1283259076.png,train,,0,0.0,0.40676664,1,1.3359093367350112,0.2674999999999999,1,0.12470600455178638,0.86701632,1,-0.8103751569404696,11.37694228,1,-1.0942152858361684
1284040004,render/train/1284040004.png,train,,0,0.0,0.36746212,1,0.008447645945518148,,0,0.0,,0,0.0,,0,0.0
1284082821,render/train/1284082821.png,train,,0,0.0,0.33816204,1,-0.9811264217970064,,0,0.0,,0,0.0,,0,0.0
1284164313,render/train/1284164313.png,train,,0,0.0,0.41462508,1,1.6013184563316312,,0,0.0,,0,0.0,,0,0.0
1285221061,render/train/1285221061.png,train,,0,0.0,0.3489851,1,-0.6155909178113039,,0,0.0,,0,0.0,,0,0.0
1285571721,render/train/1285571721.png,train,,0,0.0,0.33557048,1,-1.06865316476149,,0,0.0,,0,0.0,,0,0.0
1285747694,render/train/1285747694.png,train,,0,0.0,,0,0.0,0.3379999999999999,1,0.9120825200840803,0.892806607,1,-0.6339579172942336,20.14069114,1,0.8073757899584247
1286286715,render/train/1286286715.png,train,,0,0.0,0.37343287,1,0.2101023637815666,,0,0.0,,0,0.0,,0,0.0
1286574060,render/train/1286574060.png,train,,0,0.0,0.40808604,1,1.3804704445879405,,0,0.0,,0,0.0,,0,0.0
1286616307,render/train/1286616307.png,train,,0,0.0,0.44097468,1,2.4912437007469515,,0,0.0,,0,0.0,,0,0.0
1286748689,render/train/1286748689.png,train,,0,0.0,0.37834788,1,0.37610076510658813,,0,0.0,,0,0.0,,0,0.0
1286920787,render/train/1286920787.png,train,,0,0.0,0.36240665,1,-0.1622946186575241,,0,0.0,,0,0.0,,0,0.0
1287697682,render/train/1287697682.png,train,,0,0.0,0.37114739,1,0.1329130953446157,,0,0.0,,0,0.0,,0,0.0
1287726377,render/train/1287726377.png,train,,0,0.0,0.37938549,1,0.4111447632263983,,0,0.0,,0,0.0,,0,0.0
1287850309,render/train/1287850309.png,train,,0,0.0,0.41894641,1,1.7472660478111701,,0,0.0,,0,0.0,,0,0.0
1287920729,render/train/1287920729.png,train,,0,0.0,0.38062067,1,0.45286144444345344,,0,0.0,,0,0.0,,0,0.0
1288275829,render/train/1288275829.png,train,,0,0.0,0.36217731,1,-0.1700402943244879,,0,0.0,,0,0.0,,0,0.0
1288612893,render/train/1288612893.png,train,,0,0.0,0.33775178,1,-0.9949824473447879,,0,0.0,,0,0.0,,0,0.0
1289045435,render/train/1289045435.png,train,,0,0.0,0.37804144,1,0.3657511320230253,,0,0.0,,0,0.0,,0,0.0
1289126534,render/train/1289126534.png,train,,0,0.0,0.34825862,1,-0.640126883881484,,0,0.0,,0,0.0,,0,0.0
1289234945,render/train/1289234945.png,train,,0,0.0,0.35313837,1,-0.4753193455721503,,0,0.0,,0,0.0,,0,0.0
1289453744,render/train/1289453744.png,train,-77.91107652,1,-1.567617440477801,,0,0.0,,0,0.0,,0,0.0,,0,0.0
1290046924,render/train/1290046924.png,train,,0,0.0,0.33591306,1,-1.0570829477475019,,0,0.0,,0,0.0,,0,0.0
1290159505,render/train/1290159505.png,train,,0,0.0,0.36744912,1,0.008008586977739282,,0,0.0,,0,0.0,,0,0.0
1290242331,render/train/1290242331.png,train,,0,0.0,0.37391919,1,0.22652722202852646,,0,0.0,,0,0.0,,0,0.0
1290671546,render/train/1290671546.png,train,,0,0.0,0.37663236,1,0.3181611927677522,,0,0.0,,0,0.0,,0,0.0
1290806312,render/train/1290806312.png,train,,0,0.0,0.37149644,1,0.14470182862949038,,0,0.0,,0,0.0,,0,0.0
1290822168,render/train/1290822168.png,train,,0,0.0,0.39563271,1,0.9598745818790334,,0,0.0,,0,0.0,,0,0.0
1291515166,render/train/1291515166.png,train,,0,0.0,0.33243377,1,-1.1745916766709674,0.086,1,-1.9023697056483733,0.81190569,1,-1.1873568175076825,13.56949767,1,-0.6184663992108009
1291566068,render/train/1291566068.png,train,,0,0.0,0.357058,1,-0.3429386761969937,,0,0.0,,0,0.0,,0,0.0
1291851819,render/train/1291851819.png,train,,0,0.0,,0,0.0,0.3745,1,1.3197313543667581,0.944709172,1,-0.27892087378016506,22.08425305,1,1.2290971380197717
1292415850,render/train/1292415850.png,train,,0,0.0,0.40438433,1,1.2554497544634375,,0,0.0,,0,0.0,,0,0.0
1292622955,render/train/1292622955.png,train,,0,0.0,0.35534148,1,-0.400912022302581,,0,0.0,,0,0.0,,0,0.0
1293239198,render/train/1293239198.png,train,437.49,1,3.066105931432421,,0,0.0,,0,0.0,,0,0.0,,0,0.0
1293974706,render/train/1293974706.png,train,,0,0.0,0.3316594,1,-1.2007450684309149,,0,0.0,,0,0.0,,0,0.0
1294053022,render/train/1294053022.png,train,,0,0.0,0.39273913,1,0.8621474858800321,,0,0.0,0.859348965,1,-0.8628233365395469,14.8573309,1,-0.33902751792823954
1294362796,render/train/1294362796.png,train,,0,0.0,,0,0.0,0.3215,1,0.7278029100658849,0.867171478,1,-0.8093138059726014,11.51022625,1,-1.0652948304525947
1294421875,render/train/1294421875.png,train,,0,0.0,0.33499957,1,-1.0879349459380214,,0,0.0,,0,0.0,,0,0.0
1294607317,render/train/1294607317.png,train,76.95210942,1,-0.17531696453804918,,0,0.0,,0,0.0,,0,0.0,,0,0.0
1295002110,render/train/1295002110.png,train,,0,0.0,0.38799659,1,0.7019740461067738,,0,0.0,,0,0.0,,0,0.0
1295229741,render/train/1295229741.png,train,,0,0.0,0.34948634,1,-0.5986621549644012,,0,0.0,,0,0.0,,0,0.0
1295293979,render/train/1295293979.png,train,,0,0.0,0.43220188,1,2.1949531997827343,,0,0.0,,0,0.0,,0,0.0
1295301974,render/train/1295301974.png,train,,0,0.0,0.33448798,1,-1.1052132672708097,,0,0.0,,0,0.0,,0,0.0
1295510505,render/train/1295510505.png,train,,0,0.0,0.37495768,1,0.26160094106307985,,0,0.0,,0,0.0,,0,0.0
1295536082,render/train/1295536082.png,train,,0,0.0,0.36892515,1,0.0578596799170746,,0,0.0,,0,0.0,,0,0.0
1295850561,render/train/1295850561.png,train,,0,0.0,0.34957516,1,-0.595662369001466,,0,0.0,,0,0.0,,0,0.0
1295880392,render/train/1295880392.png,train,,0,0.0,0.33492047,1,-1.090606450888125,,0,0.0,,0,0.0,,0,0.0
1296143576,render/train/1296143576.png,train,,0,0.0,0.39150617,1,0.8205057824251668,,0,0.0,,0,0.0,,0,0.0
1296755065,render/train/1296755065.png,train,322.0959561,1,2.028653542296957,,0,0.0,,0,0.0,,0,0.0,,0,0.0
1297415322,render/train/1297415322.png,train,,0,0.0,0.4012116,1,1.1482947114755429,,0,0.0,,0,0.0,,0,0.0
1297876567,render/train/1297876567.png,train,,0,0.0,0.36105469,1,-0.20795540035590745,,0,0.0,,0,0.0,,0,0.0
1297972519,render/train/1297972519.png,train,15.38660594,1,-0.7288228173098293,,0,0.0,0.379,1,1.3699894298262665,,0,0.0,,0,0.0
1298070198,render/train/1298070198.png,train,,0,0.0,,0,0.0,0.217,1,-0.43930128671602586,0.903896392,1,-0.5580987669881423,12.10743643,1,-0.9357099271419719
1298418799,render/train/1298418799.png,train,,0,0.0,0.33579349,1,-1.0611212770380698,,0,0.0,,0,0.0,,0,0.0
1298446728,render/train/1298446728.png,train,,0,0.0,0.40300966,1,1.209021970522109,,0,0.0,,0,0.0,,0,0.0
1298577403,render/train/1298577403.png,train,,0,0.0,0.37016836,1,0.09984756448115013,,0,0.0,,0,0.0,,0,0.0
1298805440,render/train/1298805440.png,train,,0,0.0,,0,0.0,0.1895,1,-0.7464339700796866,0.860835583,1,-0.8526541963524527,11.4609216,1,-1.075993138212543
1299104612,render/train/1299104612.png,train,,0,0.0,0.30692904,1,-2.035982478770307,0.2495,1,-0.07632629728624503,1.07691203,1,0.625406529854514,11.78404643,1,-1.0058803014675106
1299119036,render/train/1299119036.png,train,,0,0.0,0.34525764,1,-0.7414812824296791,,0,0.0,,0,0.0,,0,0.0
1299451372,render/train/1299451372.png,train,,0,0.0,0.36945143,1,0.07563413788345492,,0,0.0,,0,0.0,,0,0.0
1299554017,render/train/1299554017.png,train,,0,0.0,0.37505502,1,0.2648884795187448,0.3409999999999999,1,0.9455879037237523,,0,0.0,21.42021733,1,1.0850121785654636
1299836604,render/train/1299836604.png,train,,0,0.0,,0,0.0,0.3585,1,1.1410359749551737,0.846770802,1,-0.948863666229574,13.56836556,1,-0.6187120486819587
1300048574,render/train/1300048574.png,train,,0,0.0,0.41772006,1,1.705847588954538,,0,0.0,,0,0.0,,0,0.0
1300127001,render/train/1300127001.png,train,143.854555,1,0.42617076966533096,,0,0.0,,0,0.0,,0,0.0,,0,0.0
1300383951,render/train/1300383951.png,train,,0,0.0,0.46246248,1,3.216967645966139,,0,0.0,,0,0.0,,0,0.0
1300562294,render/train/1300562294.png,train,,0,0.0,0.35785251,1,-0.31610508077465566,,0,0.0,,0,0.0,,0,0.0
1300646660,render/train/1300646660.png,train,,0,0.0,0.38085344,1,0.4607229641303765,,0,0.0,,0,0.0,,0,0.0
1300902354,render/train/1300902354.png,train,,0,0.0,0.37089997,1,0.12455678997477189,,0,0.0,,0,0.0,,0,0.0
1300907784,render/train/1300907784.png,train,,0,0.0,0.40938395,1,1.4243057541933652,,0,0.0,,0,0.0,,0,0.0
1301068905,render/train/1301068905.png,train,,0,0.0,0.35889758,1,-0.28080913035487315,,0,0.0,,0,0.0,,0,0.0
1301288779,render/train/1301288779.png,train,,0,0.0,0.3821509,1,0.5045430755407632,,0,0.0,,0,0.0,,0,0.0
1301620481,render/train/1301620481.png,train,,0,0.0,0.38337526,1,0.5458943246015582,,0,0.0,,0,0.0,,0,0.0
1301630790,render/train/1301630790.png,train,,0,0.0,0.38784907,1,0.696991740035482,,0,0.0,,0,0.0,,0,0.0
1301948076,render/train/1301948076.png,train,,0,0.0,0.31032484,1,-1.9212935216329865,,0,0.0,,0,0.0,,0,0.0
1302310440,render/train/1302310440.png,train,,0,0.0,0.35446793,1,-0.43041509624901675,,0,0.0,,0,0.0,,0,0.0
1302453294,render/train/1302453294.png,train,,0,0.0,0.34740592,1,-0.6689257747911365,,0,0.0,,0,0.0,,0,0.0
1302563585,render/train/1302563585.png,train,149.9071313,1,0.48058657424794243,,0,0.0,,0,0.0,,0,0.0,,0,0.0
1303245845,render/train/1303245845.png,train,,0,0.0,0.35281368,1,-0.48628534989893984,,0,0.0,,0,0.0,,0,0.0
1304546254,render/train/1304546254.png,train,,0,0.0,0.36908283,1,0.06318512745857055,,0,0.0,,0,0.0,,0,0.0
1305600405,render/train/1305600405.png,train,,0,0.0,0.30904003,1,-1.964686394893955,,0,0.0,,0,0.0,,0,0.0
1305829895,render/train/1305829895.png,train,,0,0.0,0.3476494,1,-0.6607025380622958,,0,0.0,,0,0.0,,0,0.0
1306591589,render/train/1306591589.png,train,,0,0.0,0.36986468,1,0.08959114699382509,,0,0.0,,0,0.0,,0,0.0
1307322805,render/train/1307322805.png,train,,0,0.0,0.35725183,1,-0.3363923069874032,,0,0.0,,0,0.0,,0,0.0
1307515193,render/train/1307515193.png,train,,0,0.0,0.40408501,1,1.2453405905991517,,0,0.0,,0,0.0,,0,0.0
1307775698,render/train/1307775698.png,train,,0,0.0,0.35132317,1,-0.5366254869808492,,0,0.0,,0,0.0,,0,0.0
1308167790,render/train/1308167790.png,train,,0,0.0,0.37344882,1,0.21064105536126657,,0,0.0,,0,0.0,,0,0.0
1308663062,render/train/1308663062.png,train,,0,0.0,0.35949556,1,-0.26061309331235744,,0,0.0,,0,0.0,,0,0.0
1308684557,render/train/1308684557.png,train,50.67469492,1,-0.41156456911071365,,0,0.0,,0,0.0,,0,0.0,,0,0.0
1308745603,render/train/1308745603.png,train,,0,0.0,,0,0.0,0.2665,1,0.11353754333856358,0.876333907,1,-0.7466386433179705,11.1507459,1,-1.143296224194441
1308822610,render/train/1308822610.png,train,,0,0.0,0.36731857,1,0.003599421728231651,,0,0.0,,0,0.0,,0,0.0
1308893158,render/train/1308893158.png,train,,0,0.0,0.38479819,1,0.5939520305263495,,0,0.0,,0,0.0,,0,0.0
1309160623,render/train/1309160623.png,train,,0,0.0,0.3238941,1,-1.4630084993922297,,0,0.0,,0,0.0,,0,0.0
1309401144,render/train/1309401144.png,train,,0,0.0,0.36365297,1,-0.12020169767884807,,0,0.0,,0,0.0,,0,0.0
1310550432,render/train/1310550432.png,train,,0,0.0,0.34284139,1,-0.823087146344823,,0,0.0,,0,0.0,,0,0.0
1310881775,render/train/1310881775.png,train,,0,0.0,0.37721251,1,0.33775504354907515,,0,0.0,,0,0.0,,0,0.0
1311329501,render/train/1311329501.png,train,,0,0.0,0.39302909,1,0.8719405272875181,,0,0.0,,0,0.0,,0,0.0
1311388075,render/train/1311388075.png,train,,0,0.0,0.36650764,1,-0.02378873894417719,,0,0.0,,0,0.0,,0,0.0
1311473361,render/train/1311473361.png,train,,0,0.0,0.3904137,1,0.7836089554613263,,0,0.0,,0,0.0,,0,0.0
1312487500,render/train/1312487500.png,train,70.10647363,1,-0.23686278584266804,,0,0.0,,0,0.0,,0,0.0,,0,0.0
1312935547,render/train/1312935547.png,train,,0,0.0,0.3602016,1,-0.23676746303459198,,0,0.0,,0,0.0,,0,0.0
1313130081,render/train/1313130081.png,train,,0,0.0,0.35628794,1,-0.36894650302223686,,0,0.0,,0,0.0,,0,0.0
1313149520,render/train/1313149520.png,train,,0,0.0,0.39310677,1,0.8745640734888326,,0,0.0,,0,0.0,,0,0.0
1313165210,render/train/1313165210.png,train,,0,0.0,0.37295561,1,0.19398349586138425,,0,0.0,,0,0.0,,0,0.0
1313737543,render/train/1313737543.png,train,,0,0.0,0.39988791,1,1.1035887141632457,,0,0.0,,0,0.0,,0,0.0
1313953255,render/train/1313953255.png,train,,0,0.0,0.39209317,1,0.8403309835087429,,0,0.0,,0,0.0,,0,0.0
1314048322,render/train/1314048322.png,train,,0,0.0,0.34315656,1,-0.8124426682775144,,0,0.0,,0,0.0,,0,0.0
1314252641,render/train/1314252641.png,train,,0,0.0,0.34542983,1,-0.7356657775326072,,0,0.0,,0,0.0,,0,0.0
1314700598,render/train/1314700598.png,train,,0,0.0,0.33988654,1,-0.9228835610327354,,0,0.0,,0,0.0,,0,0.0
1314710990,render/train/1314710990.png,train,,0,0.0,0.36383822,1,-0.11394510738799313,0.2685,1,0.13587446576501166,1.198766828,1,1.4589485179994932,27.69445684,1,2.4464201844555182
1315123551,render/train/1315123551.png,train,,0,0.0,0.3890851,1,0.7387371289542766,,0,0.0,,0,0.0,,0,0.0
1315505306,render/train/1315505306.png,train,,0,0.0,0.35362648,1,-0.4588340322827038,,0,0.0,,0,0.0,,0,0.0
1315760893,render/train/1315760893.png,train,,0,0.0,0.35508348,1,-0.4096256541246631,,0,0.0,,0,0.0,,0,0.0
1315872207,render/train/1315872207.png,train,,0,0.0,0.3546963,1,-0.42270218113580227,,0,0.0,,0,0.0,,0,0.0
1316732452,render/train/1316732452.png,train,,0,0.0,0.3180929,1,-1.6589368750754339,,0,0.0,,0,0.0,,0,0.0
1316887618,render/train/1316887618.png,train,,0,0.0,0.35497529,1,-0.4132796379495903,,0,0.0,,0,0.0,,0,0.0
1318130357,render/train/1318130357.png,train,,0,0.0,0.39805684,1,1.0417465830761874,,0,0.0,,0,0.0,,0,0.0
1318650528,render/train/1318650528.png,train,,0,0.0,0.40163185,1,1.16248813695318,,0,0.0,,0,0.0,,0,0.0
1318766747,render/train/1318766747.png,train,,0,0.0,0.34069727,1,-0.8955021551136771,,0,0.0,,0,0.0,,0,0.0
1318838343,render/train/1318838343.png,train,115.1255691,1,0.1678822648858043,,0,0.0,,0,0.0,,0,0.0,,0,0.0
1319010024,render/train/1319010024.png,train,,0,0.0,0.3447239,1,-0.7595076926960281,,0,0.0,1.037473199,1,0.35562706986268133,12.26908267,1,-0.9006353201067641
1319112543,render/train/1319112543.png,train,,0,0.0,0.39774474,1,1.0312057904728062,,0,0.0,,0,0.0,,0,0.0
1319321747,render/train/1319321747.png,train,,0,0.0,0.40538104,1,1.2891124055230818,,0,0.0,0.887288053,1,-0.6717073251825092,12.74028627,1,-0.7983917968205108
1319410597,render/train/1319410597.png,train,135.2011857,1,0.3483724851876996,,0,0.0,,0,0.0,,0,0.0,,0,0.0
1320165565,render/train/1320165565.png,train,,0,0.0,0.3801695,1,0.4376237340978368,,0,0.0,,0,0.0,,0,0.0
1320607876,render/train/1320607876.png,train,,0,0.0,0.36266451,1,-0.15358571516278666,,0,0.0,,0,0.0,,0,0.0
1321017513,render/train/1321017513.png,train,,0,0.0,0.36767878,1,0.015765070250061863,,0,0.0,,0,0.0,,0,0.0
1321194504,render/train/1321194504.png,train,,0,0.0,0.38231193,1,0.5099816652008797,,0,0.0,,0,0.0,,0,0.0
1321346245,render/train/1321346245.png,train,,0,0.0,0.37498776,1,0.2626168559669874,,0,0.0,,0,0.0,,0,0.0
1321681529,render/train/1321681529.png,train,,0,0.0,0.34952872,1,-0.5972308227294402,,0,0.0,,0,0.0,,0,0.0
1321705347,render/train/1321705347.png,train,,0,0.0,0.35156893,1,-0.5283252460638146,,0,0.0,,0,0.0,,0,0.0
1321934906,render/train/1321934906.png,train,116.9759489,1,0.18451814035595931,,0,0.0,,0,0.0,,0,0.0,,0,0.0
1322145207,render/train/1322145207.png,train,,0,0.0,,0,0.0,0.215,1,-0.46163820914247394,0.9332806,1,-0.3570974805522518,24.66422713,1,1.7889095841182516
1322304083,render/train/1322304083.png,train,,0,0.0,0.35836442,1,-0.29881595183650667,,0,0.0,,0,0.0,,0,0.0
1322409102,render/train/1322409102.png,train,,0,0.0,0.35829726,1,-0.30108419801158876,,0,0.0,,0,0.0,,0,0.0
1322812178,render/train/1322812178.png,train,,0,0.0,0.36611158,1,-0.03716517700407789,,0,0.0,,0,0.0,,0,0.0
1322899924,render/train/1322899924.png,train,,0,0.0,0.36606782,1,-0.038643117037156866,,0,0.0,,0,0.0,,0,0.0
1323119594,render/train/1323119594.png,train,,0,0.0,0.32870245,1,-1.3006124080290071,,0,0.0,,0,0.0,,0,0.0
1323225597,render/train/1323225597.png,train,,0,0.0,0.36430041,1,-0.09833521013276562,,0,0.0,,0,0.0,,0,0.0
1323245183,render/train/1323245183.png,train,,0,0.0,0.36698246,1,-0.007752279014870089,,0,0.0,,0,0.0,,0,0.0
1323525187,render/train/1323525187.png,train,,0,0.0,0.36492858,1,-0.07711954307199975,,0,0.0,,0,0.0,,0,0.0
1323609368,render/train/1323609368.png,train,,0,0.0,0.3940856,1,0.9076228495989457,,0,0.0,,0,0.0,,0,0.0
1324036450,render/train/1324036450.png,train,,0,0.0,0.36283476,1,-0.14783573137321518,,0,0.0,,0,0.0,,0,0.0
1324493760,render/train/1324493760.png,train,,0,0.0,0.38916158,1,0.741320146635489,,0,0.0,,0,0.0,,0,0.0
1325509753,render/train/1325509753.png,train,,0,0.0,0.337244965,1,-1.0120994989413337,,0,0.0,,0,0.0,,0,0.0
1325980765,render/train/1325980765.png,train,,0,0.0,0.3349532,1,-1.0895010355023242,,0,0.0,,0,0.0,,0,0.0
1326111661,render/train/1326111661.png,train,,0,0.0,0.36856898,1,0.04583047741292294,,0,0.0,,0,0.0,,0,0.0
1326151916,render/train/1326151916.png,train,,0,0.0,0.37796488,1,0.36316541244047224,,0,0.0,,0,0.0,,0,0.0
1327742614,render/train/1327742614.png,train,,0,0.0,0.37668952,1,0.3200917012753113,,0,0.0,,0,0.0,,0,0.0
1328109466,render/train/1328109466.png,train,,0,0.0,0.32853402,1,-1.30630092356309,0.23,1,-0.2941112909441134,1.09306772,1,0.7359187639518049,17.92550338,1,0.3267160468601475
1328279815,render/train/1328279815.png,train,,0,0.0,0.36613468,1,-0.03638500299210077,,0,0.0,,0,0.0,,0,0.0
1328538029,render/train/1328538029.png,train,,0,0.0,0.33810683,1,-0.9829910714593976,,0,0.0,,0,0.0,,0,0.0
1329379844,render/train/1329379844.png,train,,0,0.0,0.32895822,1,-1.2919740917067803,,0,0.0,,0,0.0,,0,0.0
1329476125,render/train/1329476125.png,train,,0,0.0,0.35825823,1,-0.30240238812792924,,0,0.0,,0,0.0,,0,0.0
1329795537,render/train/1329795537.png,train,,0,0.0,0.34177602,1,-0.8590687042296774,,0,0.0,,0,0.0,,0,0.0
1329805417,render/train/1329805417.png,train,,0,0.0,0.49358329,1,4.2680346240475036,,0,0.0,,0,0.0,,0,0.0
1330350980,render/train/1330350980.png,train,,0,0.0,0.34097584,1,-0.8860937969095012,,0,0.0,,0,0.0,,0,0.0
1330491095,render/train/1330491095.png,train,,0,0.0,0.35217052,1,-0.5080072857233238,,0,0.0,,0,0.0,,0,0.0
1330672528,render/train/1330672528.png,train,,0,0.0,0.3244865,1,-1.4430009199681917,,0,0.0,,0,0.0,,0,0.0
1330783970,render/train/1330783970.png,train,149.1553302,1,0.4738274918812167,,0,0.0,,0,0.0,,0,0.0,,0,0.0
1330841310,render/train/1330841310.png,train,,0,0.0,0.35720916,1,-0.3378334336147209,,0,0.0,,0,0.0,,0,0.0
1330844840,render/train/1330844840.png,train,,0,0.0,0.44890128,1,2.7589548402854067,,0,0.0,,0,0.0,,0,0.0
1331449531,render/train/1331449531.png,train,,0,0.0,,0,0.0,0.2075,1,-0.5454016682416543,0.983422084,1,-0.014107028408548472,17.46362519,1,0.22649598598905588
1332074394,render/train/1332074394.png,train,,0,0.0,0.38387233,1,0.5626822508411031,,0,0.0,,0,0.0,,0,0.0
1332282841,render/train/1332282841.png,train,,0,0.0,0.36992924,1,0.09177158137535063,,0,0.0,,0,0.0,,0,0.0
1332783697,render/train/1332783697.png,train,,0,0.0,0.32749602,1,-1.3413580934519342,,0,0.0,,0,0.0,,0,0.0
1332933153,render/train/1332933153.png,train,126.7080905,1,0.27201514811378025,,0,0.0,,0,0.0,,0,0.0,,0,0.0
1333138019,render/train/1333138019.png,train,,0,0.0,0.33525127,1,-1.079434088846479,,0,0.0,,0,0.0,,0,0.0
1333183317,render/train/1333183317.png,train,,0,0.0,0.38978483,1,0.7623696467638349,,0,0.0,,0,0.0,,0,0.0
1333418832,render/train/1333418832.png,train,,0,0.0,0.34206693,1,-0.8492435777437786,,0,0.0,,0,0.0,,0,0.0
1333567417,render/train/1333567417.png,train,,0,0.0,0.37150212,1,0.14489366362464348,,0,0.0,,0,0.0,,0,0.0
1333596225,render/train/1333596225.png,train,,0,0.0,0.39115299,1,0.8085775634836038,,0,0.0,,0,0.0,,0,0.0
1333610491,render/train/1333610491.png,train,,0,0.0,0.35656149,1,-0.3597076891271579,,0,0.0,,0,0.0,,0,0.0
1333766804,render/train/1333766804.png,train,,0,0.0,0.33894182,1,-0.9547903139589297,,0,0.0,,0,0.0,,0,0.0
1333923150,render/train/1333923150.png,train,,0,0.0,0.3265421,1,-1.3735755650322488,,0,0.0,,0,0.0,,0,0.0
1334743519,render/train/1334743519.png,train,,0,0.0,0.37426463,1,0.2381940320154259,,0,0.0,,0,0.0,,0,0.0
1335169485,render/train/1335169485.png,train,,0,0.0,0.40939985,1,1.4248427570847266,,0,0.0,,0,0.0,,0,0.0
1335256384,render/train/1335256384.png,train,,0,0.0,0.33756272,1,-1.0013677156869707,,0,0.0,,0,0.0,,0,0.0
1335530924,render/train/1335530924.png,train,,0,0.0,0.37532282,1,0.2739330942549992,,0,0.0,,0,0.0,,0,0.0
1335818219,render/train/1335818219.png,train,,0,0.0,0.40128707,1,1.1508436176523367,0.3035,1,0.5267706082278523,0.85312948,1,-0.9053674298147079,11.9470464,1,-0.9705119570228724
1335837736,render/train/1335837736.png,train,,0,0.0,0.35543807,1,-0.3976498141719801,,0,0.0,,0,0.0,,0,0.0
1335930330,render/train/1335930330.png,train,,0,0.0,0.36724296,1,0.0010457872240932338,,0,0.0,,0,0.0,,0,0.0
1336441380,render/train/1336441380.png,train,,0,0.0,0.3342418,1,-1.1135276931698823,,0,0.0,,0,0.0,,0,0.0
1336532550,render/train/1336532550.png,train,-52.64825421,1,-1.34049154666194,,0,0.0,,0,0.0,,0,0.0,,0,0.0
1336700268,render/train/1336700268.png,train,,0,0.0,0.37755445,1,0.34930364535234204,,0,0.0,,0,0.0,,0,0.0
1336943329,render/train/1336943329.png,train,,0,0.0,0.33115728,1,-1.217703552192559,,0,0.0,,0,0.0,,0,0.0
1336999615,render/train/1336999615.png,train,,0,0.0,0.35426981,1,-0.4371063549179732,,0,0.0,,0,0.0,,0,0.0
1337045352,render/train/1337045352.png,train,,0,0.0,0.36434074,1,-0.09697311411964779,,0,0.0,,0,0.0,,0,0.0
1337142448,render/train/1337142448.png,train,,0,0.0,0.36897255,1,0.05946055646113271,,0,0.0,,0,0.0,,0,0.0
1337289078,render/train/1337289078.png,train,,0,0.0,0.37072306,1,0.11858187289862876,,0,0.0,,0,0.0,,0,0.0
1337317565,render/train/1337317565.png,train,,0,0.0,0.2715841,1,-3.2297142382028907,,0,0.0,,0,0.0,,0,0.0
1337375382,render/train/1337375382.png,train,,0,0.0,0.35862232,1,-0.29010569739109987,,0,0.0,,0,0.0,,0,0.0
1337675110,render/train/1337675110.png,train,,0,0.0,0.35681519,1,-0.3511392845021091,,0,0.0,,0,0.0,,0,0.0
1337696117,render/train/1337696117.png,train,,0,0.0,0.37340882,1,0.20929010469117484,0.389,1,1.4816740419585068,,0,0.0,,0,0.0
1337772240,render/train/1337772240.png,train,,0,0.0,0.3679968,1,0.02650580355261623,,0,0.0,,0,0.0,,0,0.0
1338251164,render/train/1338251164.png,train,,0,0.0,0.35887152,1,-0.2816892747164368,,0,0.0,,0,0.0,,0,0.0
1338688328,render/train/1338688328.png,train,,0,0.0,0.3963458,1,0.9839583172124027,0.1674999999999999,1,-0.9921401167706163,0.844615787,1,-0.9636049445137682,10.99075229,1,-1.1780122373778863
1339056719,render/train/1339056719.png,train,,0,0.0,0.3655675,1,-0.055540808018646956,,0,0.0,,0,0.0,,0,0.0
1339302130,render/train/1339302130.png,train,,0,0.0,,0,0.0,0.2075,1,-0.5454016682416543,0.952753315,1,-0.22389529367011865,12.71172021,1,-0.8045901675901878
1339379527,render/train/1339379527.png,train,,0,0.0,0.41349595,1,1.5631834830786537,,0,0.0,,0,0.0,,0,0.0
1340249291,render/train/1340249291.png,train,,0,0.0,0.38859265,1,0.7221052375171255,,0,0.0,,0,0.0,,0,0.0
1340852987,render/train/1340852987.png,train,,0,0.0,0.45104433,1,2.8313337111238344,,0,0.0,,0,0.0,,0,0.0
1341096524,render/train/1341096524.png,train,,0,0.0,0.36926721,1,0.06941233457235338,,0,0.0,,0,0.0,,0,0.0
1341187910,render/train/1341187910.png,train,,0,0.0,0.32740895,1,-1.3442987753230542,,0,0.0,,0,0.0,,0,0.0
1341702533,render/train/1341702533.png,train,,0,0.0,0.3922989,1,0.8472792605426857,,0,0.0,,0,0.0,,0,0.0
1341724908,render/train/1341724908.png,train,,0,0.0,0.34875187,1,-0.6234679734309323,,0,0.0,,0,0.0,,0,0.0
1341866550,render/train/1341866550.png,train,,0,0.0,0.35929695,1,-0.26732090112702317,,0,0.0,,0,0.0,,0,0.0
1342064373,render/train/1342064373.png,train,,0,0.0,0.36668313,1,-0.017861780616823274,,0,0.0,,0,0.0,,0,0.0
1342174126,render/train/1342174126.png,train,,0,0.0,0.36072955,1,-0.21893660287773695,,0,0.0,,0,0.0,,0,0.0
1342666772,render/train/1342666772.png,train,300.9001313,1,1.8380920684524933,,0,0.0,,0,0.0,,0,0.0,,0,0.0
1343284955,render/train/1343284955.png,train,,0,0.0,0.39142907,1,0.8179018250085678,,0,0.0,,0,0.0,,0,0.0
1344066127,render/train/1344066127.png,train,,0,0.0,0.3784776,1,0.38048189812969113,,0,0.0,,0,0.0,,0,0.0
1344203582,render/train/1344203582.png,train,,0,0.0,0.42148672,1,1.8330618852296006,,0,0.0,,0,0.0,,0,0.0
1344237352,render/train/1344237352.png,train,,0,0.0,0.41905022,1,1.7507721025377216,,0,0.0,,0,0.0,,0,0.0
1344927771,render/train/1344927771.png,train,,0,0.0,0.35935263,1,-0.26544037779425733,,0,0.0,,0,0.0,,0,0.0
1345021190,render/train/1345021190.png,train,,0,0.0,0.36323545,1,-0.13430292077325134,,0,0.0,,0,0.0,,0,0.0
1345501676,render/train/1345501676.png,train,,0,0.0,0.33379444,1,-1.1286367254641712,,0,0.0,,0,0.0,,0,0.0
1345670200,render/train/1345670200.png,train,,0,0.0,0.35362656,1,-0.45883133038136503,,0,0.0,,0,0.0,,0,0.0
1345726690,render/train/1345726690.png,train,,0,0.0,0.35175594,1,-0.5220092139434751,,0,0.0,,0,0.0,,0,0.0
1345866279,render/train/1345866279.png,train,,0,0.0,0.39948933,1,1.0901271662111292,,0,0.0,,0,0.0,,0,0.0
1345870350,render/train/1345870350.png,train,,0,0.0,0.3802456,1,0.4401939177476845,,0,0.0,,0,0.0,,0,0.0
1345870546,render/train/1345870546.png,train,,0,0.0,0.35143027,1,-0.5330083165616832,,0,0.0,,0,0.0,,0,0.0
1346046576,render/train/1346046576.png,train,,0,0.0,0.35010483,1,-0.5777734179657976,,0,0.0,,0,0.0,,0,0.0
1346259301,render/train/1346259301.png,train,,0,0.0,0.37701058,1,0.33093510682879096,,0,0.0,,0,0.0,,0,0.0
1346551249,render/train/1346551249.png,train,,0,0.0,,0,0.0,0.164,1,-1.0312297310168992,,0,0.0,,0,0.0
1346729731,render/train/1346729731.png,train,,0,0.0,0.34931736,1,-0.6043692460701974,,0,0.0,,0,0.0,,0,0.0
1346910233,render/train/1346910233.png,train,,0,0.0,0.39073827,1,0.7945709069361077,,0,0.0,,0,0.0,,0,0.0
1347090486,render/train/1347090486.png,train,,0,0.0,0.37098942,1,0.12757785341076114,0.281,1,0.2754802309303121,0.930218098,1,-0.37804638078167074,21.56106622,1,1.1155740986453568
1347844859,render/train/1347844859.png,train,,0,0.0,0.37548521,1,0.2794176162378989,,0,0.0,,0,0.0,,0,0.0
1347977204,render/train/1347977204.png,train,-90.52916041,1,-1.6810605683513378,,0,0.0,,0,0.0,,0,0.0,,0,0.0
1349126211,render/train/1349126211.png,train,,0,0.0,0.33263806,1,-1.1676920338611485,,0,0.0,,0,0.0,,0,0.0
1349202654,render/train/1349202654.png,train,,0,0.0,0.35579865,1,-0.3854716693564506,,0,0.0,,0,0.0,,0,0.0
1349238031,render/train/1349238031.png,train,,0,0.0,0.34709523,1,-0.6794189463833958,,0,0.0,,0,0.0,,0,0.0
1349530452,render/train/1349530452.png,train,,0,0.0,0.34605005,1,-0.7147186119175211,,0,0.0,,0,0.0,,0,0.0
1349559067,render/train/1349559067.png,train,,0,0.0,0.37689062,1,0.32688360576919084,,0,0.0,,0,0.0,,0,0.0
1349609988,render/train/1349609988.png,train,,0,0.0,0.3003834,1,-2.2570533973745617,,0,0.0,,0,0.0,,0,0.0
1349614436,render/train/1349614436.png,train,,0,0.0,0.35589538,1,-0.382204732898505,,0,0.0,,0,0.0,,0,0.0
1349968586,render/train/1349968586.png,train,,0,0.0,0.29081425,1,-2.5802396374919403,,0,0.0,,0,0.0,,0,0.0
1350186524,render/train/1350186524.png,train,,0,0.0,0.38811935,1,0.7061201137132811,,0,0.0,,0,0.0,,0,0.0
1350245180,render/train/1350245180.png,train,,0,0.0,0.3683838,1,0.03957625128573941,,0,0.0,,0,0.0,,0,0.0
1350837084,render/train/1350837084.png,train,,0,0.0,0.3539173,1,-0.4490119454358129,,0,0.0,,0,0.0,,0,0.0
1350968415,render/train/1350968415.png,train,,0,0.0,0.35300767,1,-0.47973357688666995,,0,0.0,,0,0.0,,0,0.0
1351618025,render/train/1351618025.png,train,9.014452923,1,-0.7861117825631166,,0,0.0,,0,0.0,,0,0.0,,0,0.0
1352932501,render/train/1352932501.png,train,,0,0.0,0.35536772,1,-0.40002579866300136,,0,0.0,,0,0.0,,0,0.0
1353112393,render/train/1353112393.png,train,,0,0.0,,0,0.0,0.38825,1,1.4732976960485884,0.884434958,1,-0.6912237867227965,21.19385371,1,1.0358949518451444
1353148965,render/train/1353148965.png,train,,0,0.0,0.33007057,1,-1.2544058422599058,,0,0.0,,0,0.0,,0,0.0
1353215039,render/train/1353215039.png,train,,0,0.0,0.3682581,1,0.03533088880498026,,0,0.0,,0,0.0,,0,0.0
1354246474,render/train/1354246474.png,train,,0,0.0,0.36478693,1,-0.08190359713245698,,0,0.0,,0,0.0,,0,0.0
1355319996,render/train/1355319996.png,train,,0,0.0,0.33834048,1,-0.9750998308577332,,0,0.0,,0,0.0,,0,0.0
1355567925,render/train/1355567925.png,train,,0,0.0,0.36733109,1,0.004022269287970467,,0,0.0,,0,0.0,,0,0.0
1355819266,render/train/1355819266.png,train,,0,0.0,0.34121372,1,-0.8780596932744731,,0,0.0,,0,0.0,,0,0.0
1356052280,render/train/1356052280.png,train,,0,0.0,0.35954959,1,-0.25878829669473347,,0,0.0,,0,0.0,,0,0.0
1356279835,render/train/1356279835.png,train,,0,0.0,,0,0.0,0.1436666666666667,1,-1.2583217756857874,,0,0.0,,0,0.0
1356849537,render/train/1356849537.png,train,,0,0.0,0.417039,1,1.6828456273702441,,0,0.0,,0,0.0,,0,0.0
1356914950,render/train/1356914950.png,train,,0,0.0,0.36636392,1,-0.028642704701812297,,0,0.0,,0,0.0,,0,0.0
1357039642,render/train/1357039642.png,train,,0,0.0,0.37627805,1,0.3061948094697585,,0,0.0,,0,0.0,,0,0.0
1357177247,render/train/1357177247.png,train,,0,0.0,0.41844123,1,1.7302042163232643,,0,0.0,,0,0.0,,0,0.0
1358109974,render/train/1358109974.png,train,,0,0.0,0.35610463,1,-0.375137572205595,,0,0.0,,0,0.0,,0,0.0
1358861008,render/train/1358861008.png,train,,0,0.0,0.36692147,1,-0.00981214104908978,,0,0.0,,0,0.0,,0,0.0
1358943628,render/train/1358943628.png,train,,0,0.0,0.3195917,1,-1.6083167534671494,,0,0.0,,0,0.0,,0,0.0
1359050753,render/train/1359050753.png,train,,0,0.0,0.3464462,1,-0.7013391342186143,,0,0.0,,0,0.0,,0,0.0
1359082710,render/train/1359082710.png,train,,0,0.0,0.38188218,1,0.4954673889390962,,0,0.0,,0,0.0,,0,0.0
1359130105,render/train/1359130105.png,train,,0,0.0,0.36431938,1,-0.09769452177747504,,0,0.0,,0,0.0,,0,0.0
1359436093,render/train/1359436093.png,train,,0,0.0,0.36465263,1,-0.08643941400728641,,0,0.0,,0,0.0,,0,0.0
1359594039,render/train/1359594039.png,train,,0,0.0,0.40199668,1,1.174809820277406,,0,0.0,,0,0.0,,0,0.0
1359687224,render/train/1359687224.png,train,,0,0.0,0.35002992,1,-0.5803034108332088,,0,0.0,,0,0.0,,0,0.0
1359872176,render/train/1359872176.png,train,,0,0.0,0.33219505,1,-1.1826541502700676,,0,0.0,,0,0.0,,0,0.0
1360256183,render/train/1360256183.png,train,,0,0.0,0.35852465,1,-0.2934043811897928,,0,0.0,,0,0.0,,0,0.0
1361184303,render/train/1361184303.png,train,,0,0.0,0.379009425,1,0.39844363163271074,,0,0.0,,0,0.0,,0,0.0
1361620762,render/train/1361620762.png,train,,0,0.0,0.36981772,1,0.08800513090713953,,0,0.0,,0,0.0,,0,0.0
1361875495,render/train/1361875495.png,train,,0,0.0,0.39850796,1,1.0569826047334656,,0,0.0,,0,0.0,,0,0.0
1362818896,render/train/1362818896.png,train,,0,0.0,0.39211202,1,0.8409676190120234,,0,0.0,,0,0.0,,0,0.0
1362829798,render/train/1362829798.png,train,,0,0.0,0.3661564,1,-0.03565143677824161,,0,0.0,,0,0.0,,0,0.0
1362985746,render/train/1362985746.png,train,139.604302,1,0.3879587876578247,,0,0.0,,0,0.0,,0,0.0,,0,0.0
1363453372,render/train/1363453372.png,train,315.5911196,1,1.970171683617069,,0,0.0,,0,0.0,,0,0.0,,0,0.0
1363602163,render/train/1363602163.png,train,,0,0.0,0.39697678,1,1.0052688885577412,,0,0.0,,0,0.0,,0,0.0
1364091804,render/train/1364091804.png,train,,0,0.0,0.37216814,1,0.16738766775698255,,0,0.0,,0,0.0,,0,0.0
1364709079,render/train/1364709079.png,train,,0,0.0,0.438999,1,2.4245175452498477,,0,0.0,,0,0.0,,0,0.0
1365155281,render/train/1365155281.png,train,,0,0.0,0.45724186,1,3.0406476437839616,,0,0.0,,0,0.0,,0,0.0
1365375368,render/train/1365375368.png,train,,0,0.0,0.36603281,1,-0.03982553661115351,,0,0.0,,0,0.0,,0,0.0
1365608843,render/train/1365608843.png,train,,0,0.0,0.33568737,1,-1.0647053491658192,,0,0.0,,0,0.0,,0,0.0
1365694834,render/train/1365694834.png,train,,0,0.0,0.35131956,1,-0.5367474102788263,,0,0.0,,0,0.0,,0,0.0
1365820335,render/train/1365820335.png,train,,0,0.0,0.31521835,1,-1.7560212562931405,,0,0.0,,0,0.0,,0,0.0
1365848174,render/train/1365848174.png,train,,0,0.0,0.51398194,1,4.956973871208468,,0,0.0,,0,0.0,,0,0.0
1365937405,render/train/1365937405.png,train,,0,0.0,0.31948862,1,-1.6117981533439716,,0,0.0,,0,0.0,,0,0.0
1366065674,render/train/1366065674.png,train,,0,0.0,0.36983712,1,0.08866034198213343,,0,0.0,,0,0.0,,0,0.0
1366196353,render/train/1366196353.png,train,,0,0.0,0.35926745,1,-0.2683172272462153,,0,0.0,,0,0.0,,0,0.0
1366250569,render/train/1366250569.png,train,,0,0.0,,0,0.0,0.4307499999999999,1,1.9479572976106088,0.85333452,1,-0.9039648633827383,24.21423422,1,1.6912684358497883
1366419204,render/train/1366419204.png,train,,0,0.0,0.3801140149999999,1,0.43574979664958513,,0,0.0,,0,0.0,,0,0.0
1366538369,render/train/1366538369.png,train,176.5386789,1,0.7200180193226812,,0,0.0,,0,0.0,,0,0.0,,0,0.0
1366987461,render/train/1366987461.png,train,,0,0.0,0.35500045,1,-0.41242988997810265,,0,0.0,,0,0.0,,0,0.0
1367013502,render/train/1367013502.png,train,,0,0.0,0.35370177,1,-0.45629120538392604,,0,0.0,,0,0.0,,0,0.0
1367398148,render/train/1367398148.png,train,,0,0.0,0.31917204,1,-1.622490252422402,,0,0.0,,0,0.0,,0,0.0
1367679735,render/train/1367679735.png,train,,0,0.0,0.36569586,1,-0.05120560731832721,,0,0.0,,0,0.0,,0,0.0
1367828072,render/train/1367828072.png,train,,0,0.0,0.34318377,1,-0.8115236840841855,,0,0.0,,0,0.0,,0,0.0
1367832773,render/train/1367832773.png,train,,0,0.0,0.41550047,1,1.6308836740088921,,0,0.0,,0,0.0,,0,0.0
1367879345,render/train/1367879345.png,train,-21.91188888,1,-1.0641556581945721,,0,0.0,,0,0.0,,0,0.0,,0,0.0
1368560795,render/train/1368560795.png,train,,0,0.0,0.36152182,1,-0.19217866069292538,,0,0.0,,0,0.0,,0,0.0
1369201997,render/train/1369201997.png,train,,0,0.0,0.3545699,1,-0.4269711852532887,,0,0.0,,0,0.0,,0,0.0
1369478865,render/train/1369478865.png,train,137.9705527,1,0.37327053289831397,,0,0.0,,0,0.0,,0,0.0,,0,0.0
1369988926,render/train/1369988926.png,train,,0,0.0,0.38241921,1,0.5136049148980616,,0,0.0,,0,0.0,,0,0.0
1370170679,render/train/1370170679.png,train,,0,0.0,0.36895658,1,0.058921189406098064,,0,0.0,,0,0.0,,0,0.0
1370228225,render/train/1370228225.png,train,,0,0.0,0.35379237,1,-0.4532313021161715,,0,0.0,,0,0.0,,0,0.0
1370311648,render/train/1370311648.png,train,157.6228264,1,0.5499546806492799,,0,0.0,,0,0.0,,0,0.0,,0,0.0
1370577687,render/train/1370577687.png,train,,0,0.0,0.24561261,1,-4.1068692836715135,,0,0.0,,0,0.0,,0,0.0
1370610727,render/train/1370610727.png,train,,0,0.0,0.38339331,1,0.5465039410914362,,0,0.0,,0,0.0,,0,0.0
1370707470,render/train/1370707470.png,train,,0,0.0,0.41091348,1,1.4759637436539477,,0,0.0,,0,0.0,,0,0.0
1370747504,render/train/1370747504.png,train,,0,0.0,,0,0.0,0.355,1,1.1019463607088895,0.933728856,1,-0.35403120656410814,22.40485025,1,1.298661520133379
1370904651,render/train/1370904651.png,train,,0,0.0,0.36998662,1,0.0937095201115951,,0,0.0,,0,0.0,,0,0.0
1371045959,render/train/1371045959.png,train,,0,0.0,0.40953416,1,1.4293789116972215,,0,0.0,,0,0.0,,0,0.0
1372092396,render/train/1372092396.png,train,,0,0.0,0.37511386,1,0.26687572795444786,,0,0.0,,0,0.0,,0,0.0
1372197295,render/train/1372197295.png,train,,0,0.0,,0,0.0,,0,0.0,0.945927386,1,-0.2705877384731249,16.3810139,1,-0.00841306954251378
1372357517,render/train/1372357517.png,train,,0,0.0,0.34844798,1,-0.6337314834092772,,0,0.0,,0,0.0,,0,0.0
1372478864,render/train/1372478864.png,train,,0,0.0,0.36028801,1,-0.23384907184952994,,0,0.0,,0,0.0,,0,0.0
1373042522,render/train/1373042522.png,train,,0,0.0,0.34700053,1,-0.6826173220948348,,0,0.0,,0,0.0,,0,0.0
1373216700,render/train/1373216700.png,train,,0,0.0,0.38294109,1,0.5312307682907296,,0,0.0,,0,0.0,,0,0.0
1373295279,render/train/1373295279.png,train,,0,0.0,0.35865315,1,-0.28906445216212834,,0,0.0,,0,0.0,,0,0.0
1373519109,render/train/1373519109.png,train,-0.17829817,1,-0.8687593895091499,,0,0.0,,0,0.0,,0,0.0,,0,0.0
1373716942,render/train/1373716942.png,train,,0,0.0,0.36106386,1,-0.20764569491478915,,0,0.0,,0,0.0,,0,0.0
1373795866,render/train/1373795866.png,train,,0,0.0,0.36481305,1,-0.08102142634488736,,0,0.0,,0,0.0,,0,0.0
1375025595,render/train/1375025595.png,train,,0,0.0,0.3789267,1,0.3956496967781299,,0,0.0,,0,0.0,,0,0.0
1375441577,render/train/1375441577.png,train,,0,0.0,0.36086898,1,-0.21422752657946964,,0,0.0,,0,0.0,,0,0.0
1375874201,render/train/1375874201.png,train,,0,0.0,0.35363223,1,-0.4586398331238793,,0,0.0,,0,0.0,,0,0.0
1376051647,render/train/1376051647.png,train,,0,0.0,0.36564325,1,-0.052982445187163836,,0,0.0,,0,0.0,,0,0.0
1376172701,render/train/1376172701.png,train,,0,0.0,0.36703698,1,-0.005910933251536857,,0,0.0,,0,0.0,,0,0.0
1376346368,render/train/1376346368.png,train,,0,0.0,0.45492217,1,2.9623029747864145,,0,0.0,,0,0.0,,0,0.0
1376684295,render/train/1376684295.png,train,,0,0.0,0.35061579,1,-0.5605163741060633,,0,0.0,,0,0.0,,0,0.0
1376982255,render/train/1376982255.png,train,,0,0.0,0.34938578,1,-0.6020584449490093,,0,0.0,,0,0.0,,0,0.0
1377024014,render/train/1377024014.png,train,135.1836518,1,0.3482148463197731,,0,0.0,,0,0.0,,0,0.0,,0,0.0
1377176379,render/train/1377176379.png,train,,0,0.0,0.4359793,1,2.322530901788053,,0,0.0,,0,0.0,,0,0.0
1377849521,render/train/1377849521.png,train,,0,0.0,0.34743668,1,-0.6678868937258363,,0,0.0,,0,0.0,,0,0.0
1378439616,render/train/1378439616.png,train,,0,0.0,0.33248324,1,-1.1729208884297333,,0,0.0,,0,0.0,,0,0.0
1378483093,render/train/1378483093.png,train,,0,0.0,0.39796101,1,1.0385100430083178,,0,0.0,,0,0.0,,0,0.0
1378557946,render/train/1378557946.png,train,,0,0.0,0.36416977,1,-0.10274741502128124,,0,0.0,,0,0.0,,0,0.0
1378818444,render/train/1378818444.png,train,,0,0.0,0.36110645,1,-0.20620727018881013,,0,0.0,,0,0.0,,0,0.0
1379119982,render/train/1379119982.png,train,,0,0.0,0.37360953,1,0.21606883741602234,,0,0.0,,0,0.0,,0,0.0
1379290572,render/train/1379290572.png,train,,0,0.0,0.35119431,1,-0.5409775745645455,,0,0.0,,0,0.0,,0,0.0
1380589062,render/train/1380589062.png,train,,0,0.0,0.36990497,1,0.09095189205627355,,0,0.0,,0,0.0,,0,0.0
1380807593,render/train/1380807593.png,train,,0,0.0,0.36329439,1,-0.13231229496087293,,0,0.0,,0,0.0,,0,0.0
1381195647,render/train/1381195647.png,train,,0,0.0,0.37470794,1,0.2531662805543708,,0,0.0,,0,0.0,,0,0.0
1381337604,render/train/1381337604.png,train,,0,0.0,0.37196915,1,0.1606670259109521,,0,0.0,,0,0.0,,0,0.0
1381529897,render/train/1381529897.png,train,,0,0.0,0.36999858,1,0.09411345436195323,0.184,1,-0.8078605067524187,0.899956342,1,-0.5850504928478881,11.94476747,1,-0.9710064477961234
1382189340,render/train/1382189340.png,train,,0,0.0,0.40099098,1,1.1408435430546593,,0,0.0,,0,0.0,,0,0.0
1382529497,render/train/1382529497.png,train,,0,0.0,0.4683381,1,3.415409465371045,,0,0.0,,0,0.0,,0,0.0
1382532575,render/train/1382532575.png,train,,0,0.0,0.343948335,1,-0.7857014441072449,,0,0.0,,0,0.0,,0,0.0
1382706123,render/train/1382706123.png,train,,0,0.0,0.36236981,1,-0.1635388442246767,,0,0.0,,0,0.0,,0,0.0
1382769983,render/train/1382769983.png,train,,0,0.0,0.35078115,1,-0.5549315440359096,,0,0.0,,0,0.0,,0,0.0
1383097828,render/train/1383097828.png,train,,0,0.0,0.32884638,1,-1.2957513497803541,0.084,1,-1.924706628074821,1.517768128,1,3.641061838008715,12.13515797,1,-0.9296948034873123
1383379124,render/train/1383379124.png,train,,0,0.0,0.34693865,1,-0.6847072427814632,,0,0.0,,0,0.0,,0,0.0
1383381631,render/train/1383381631.png,train,,0,0.0,0.368668165,1,0.04918032846824579,,0,0.0,,0,0.0,,0,0.0
1383628967,render/train/1383628967.png,train,,0,0.0,0.36913731,1,0.0650251222712344,,0,0.0,,0,0.0,,0,0.0
1384565570,render/train/1384565570.png,train,,0,0.0,0.37561448,1,0.28378355106596204,,0,0.0,,0,0.0,,0,0.0
1385095283,render/train/1385095283.png,train,,0,0.0,0.33425976,1,-1.1129211163190103,,0,0.0,,0,0.0,,0,0.0
1385421838,render/train/1385421838.png,train,,0,0.0,,0,0.0,0.3944285714285714,1,1.5423028314017224,0.881825572,1,-0.7090731683637042,22.00194528,1,1.2112376895804249
1386193418,render/train/1386193418.png,train,,0,0.0,0.36099654,1,-0.20991934489255248,,0,0.0,,0,0.0,,0,0.0
1386252295,render/train/1386252295.png,train,,0,0.0,0.36974777,1,0.08564265592281764,,0,0.0,,0,0.0,,0,0.0
1386318462,render/train/1386318462.png,train,,0,0.0,0.39042731,1,0.7840686164268262,,0,0.0,,0,0.0,,0,0.0
1386480271,render/train/1386480271.png,train,,0,0.0,0.38102074,1,0.46637331530803067,,0,0.0,,0,0.0,,0,0.0
1386834034,render/train/1386834034.png,train,,0,0.0,0.36337534,1,-0.12957830854227867,,0,0.0,,0,0.0,,0,0.0
1387274327,render/train/1387274327.png,train,,0,0.0,0.33069722,1,-1.2332415113246027,,0,0.0,,0,0.0,,0,0.0
1387462410,render/train/1387462410.png,train,,0,0.0,0.34924662,1,-0.6067584023302527,,0,0.0,,0,0.0,,0,0.0
1387474634,render/train/1387474634.png,train,,0,0.0,0.36411083,1,-0.10473804083365962,,0,0.0,,0,0.0,,0,0.0
1387601413,render/train/1387601413.png,train,,0,0.0,0.34587663,1,-0.7205756585476971,,0,0.0,,0,0.0,,0,0.0
1387608181,render/train/1387608181.png,train,21.77937998,1,-0.6713484583494257,,0,0.0,0.4019999999999999,1,1.626864037730418,,0,0.0,,0,0.0
1387610033,render/train/1387610033.png,train,231.8080905,1,1.2169187359681728,,0,0.0,,0,0.0,,0,0.0,,0,0.0
1387678477,render/train/1387678477.png,train,,0,0.0,0.44896941,1,2.761255847014238,,0,0.0,,0,0.0,,0,0.0
1387768222,render/train/1387768222.png,train,181.1592195,1,0.7615590791777419,,0,0.0,,0,0.0,,0,0.0,,0,0.0
1388155176,render/train/1388155176.png,train,,0,0.0,0.3459074,1,-0.7195364397447315,,0,0.0,,0,0.0,,0,0.0
1388167094,render/train/1388167094.png,train,,0,0.0,0.40696221,1,1.3425144722987497,,0,0.0,,0,0.0,,0,0.0
1388289215,render/train/1388289215.png,train,,0,0.0,0.29824188,1,-2.329380594349859,,0,0.0,,0,0.0,,0,0.0
1388694213,render/train/1388694213.png,train,-98.70472035,1,-1.754563098513323,,0,0.0,,0,0.0,,0,0.0,,0,0.0
1388851619,render/train/1388851619.png,train,,0,0.0,0.36616885,1,-0.035230953382176085,,0,0.0,,0,0.0,,0,0.0
1388941962,render/train/1388941962.png,train,,0,0.0,0.35035156,1,-0.5694404164950119,,0,0.0,,0,0.0,,0,0.0
1389124790,render/train/1389124790.png,train,,0,0.0,0.36721228,1,9.608060133758631e-06,,0,0.0,,0,0.0,,0,0.0
1389236508,render/train/1389236508.png,train,,0,0.0,0.34422999,1,-0.7761888938326377,,0,0.0,,0,0.0,,0,0.0
1389502780,render/train/1389502780.png,train,,0,0.0,0.3412073,1,-0.8782765208570228,,0,0.0,,0,0.0,,0,0.0
1389796975,render/train/1389796975.png,train,,0,0.0,0.37420624,1,0.23622198177476272,,0,0.0,,0,0.0,,0,0.0
1389935777,render/train/1389935777.png,train,,0,0.0,0.31352975,1,-1.8130516388310043,,0,0.0,,0,0.0,,0,0.0
1390124643,render/train/1390124643.png,train,,0,0.0,0.39879809,1,1.0667813876812984,,0,0.0,,0,0.0,,0,0.0
1390426236,render/train/1390426236.png,train,,0,0.0,0.34951316,1,-0.5977563425401062,,0,0.0,1.002961799,1,0.11955346880787004,14.19064142,1,-0.4836883001741305
1390442930,render/train/1390442930.png,train,,0,0.0,0.33456199,1,-1.1027136707934766,,0,0.0,,0,0.0,,0,0.0
1390880036,render/train/1390880036.png,train,,0,0.0,0.34195777,1,-0.852930322122455,,0,0.0,,0,0.0,,0,0.0
1390904524,render/train/1390904524.png,train,,0,0.0,0.36053611,1,-0.22546980031829353,,0,0.0,,0,0.0,,0,0.0
1391196204,render/train/1391196204.png,train,,0,0.0,0.42462566,1,1.939075712638937,,0,0.0,,0,0.0,,0,0.0
1391471000,render/train/1391471000.png,train,,0,0.0,0.38249401,1,0.51613119265113,,0,0.0,,0,0.0,,0,0.0
1391471674,render/train/1391471674.png,train,,0,0.0,0.3253017,1,-1.41546854531175,,0,0.0,,0,0.0,,0,0.0
1391761944,render/train/1391761944.png,train,,0,0.0,0.40309705,1,1.2119734599985896,,0,0.0,,0,0.0,,0,0.0
1392013159,render/train/1392013159.png,train,,0,0.0,0.37421287,1,0.2364459018483286,,0,0.0,,0,0.0,,0,0.0
1392018017,render/train/1392018017.png,train,302.652739,1,1.8538489219618295,,0,0.0,,0,0.0,,0,0.0,,0,0.0
1392118578,render/train/1392118578.png,train,,0,0.0,,0,0.0,0.276,1,0.21963792486419192,,0,0.0,,0,0.0
1392601033,render/train/1392601033.png,train,,0,0.0,0.36763505,1,0.014288143429986796,,0,0.0,,0,0.0,,0,0.0
1393144437,render/train/1393144437.png,train,,0,0.0,0.36910231,1,0.0638430404349051,,0,0.0,,0,0.0,,0,0.0
1393145054,render/train/1393145054.png,train,,0,0.0,0.36933669,1,0.07175893588630068,,0,0.0,,0,0.0,,0,0.0
1393359836,render/train/1393359836.png,train,,0,0.0,0.36914488,1,0.06528078968554941,,0,0.0,,0,0.0,,0,0.0
1393430812,render/train/1393430812.png,train,,0,0.0,0.34550971,1,-0.7329679290444356,,0,0.0,,0,0.0,,0,0.0
1394137835,render/train/1394137835.png,train,,0,0.0,0.407332,1,1.3550036735060689,,0,0.0,,0,0.0,,0,0.0
1394335529,render/train/1394335529.png,train,,0,0.0,,0,0.0,0.354,1,1.0907778994956654,,0,0.0,,0,0.0
1394769597,render/train/1394769597.png,train,,0,0.0,0.34015504,1,-0.9138153046597537,,0,0.0,,0,0.0,,0,0.0
1394885564,render/train/1394885564.png,train,,0,0.0,0.38907083,1,0.7382551773027205,,0,0.0,,0,0.0,,0,0.0
1394969707,render/train/1394969707.png,train,,0,0.0,0.3633577,1,-0.130174077787788,,0,0.0,,0,0.0,,0,0.0
1395351360,render/train/1395351360.png,train,,0,0.0,0.36813986,1,0.031337478624193456,,0,0.0,,0,0.0,,0,0.0
1395602302,render/train/1395602302.png,train,,0,0.0,0.37786189,1,0.35968705220265623,,0,0.0,1.182134646,1,1.345176862890196,25.66079856,1,2.005149388333711
1395946154,render/train/1395946154.png,train,,0,0.0,0.45124557,1,2.8381303439450587,,0,0.0,,0,0.0,,0,0.0
1396011418,render/train/1396011418.png,train,,0,0.0,0.37135373,1,0.13988197437627584,,0,0.0,,0,0.0,,0,0.0
1396173463,render/train/1396173463.png,train,,0,0.0,0.30358477,1,-2.1489310737068834,,0,0.0,,0,0.0,,0,0.0
1396280832,render/train/1396280832.png,train,,0,0.0,0.36307576,1,-0.13969625358591922,,0,0.0,,0,0.0,,0,0.0
1396448482,render/train/1396448482.png,train,,0,0.0,0.35371722,1,-0.4557694006876046,,0,0.0,,0,0.0,,0,0.0
1396499237,render/train/1396499237.png,train,,0,0.0,0.37559858,1,0.28324654817460254,,0,0.0,,0,0.0,,0,0.0
1397085325,render/train/1397085325.png,train,,0,0.0,0.35526555,1,-0.40347646441208007,,0,0.0,,0,0.0,,0,0.0
1397226441,render/train/1397226441.png,train,,0,0.0,0.37598187,1,0.2961916952330752,,0,0.0,,0,0.0,,0,0.0
1397367740,render/train/1397367740.png,train,,0,0.0,0.37268989,1,0.18500913055997506,,0,0.0,,0,0.0,,0,0.0
1397495008,render/train/1397495008.png,train,,0,0.0,0.38737398,1,0.6809461611891511,,0,0.0,,0,0.0,,0,0.0
1397532955,render/train/1397532955.png,train,,0,0.0,0.32389296,1,-1.4630470014863277,,0,0.0,,0,0.0,,0,0.0
1397660267,render/train/1397660267.png,train,,0,0.0,0.34358239,1,-0.7980607851813996,,0,0.0,,0,0.0,,0,0.0
1397915827,render/train/1397915827.png,train,,0,0.0,0.37320765,1,0.20249583603362387,,0,0.0,,0,0.0,,0,0.0
1397995354,render/train/1397995354.png,train,,0,0.0,0.36490067,1,-0.07806216890205596,,0,0.0,,0,0.0,,0,0.0
1398649969,render/train/1398649969.png,train,,0,0.0,,0,0.0,0.3742499999999999,1,1.3169392390634513,0.902739983,1,-0.5660091281129359,16.04613034,1,-0.08107735959684097
1399574805,render/train/1399574805.png,train,,0,0.0,0.35107943,1,-0.5448575048890445,,0,0.0,,0,0.0,,0,0.0
1399918189,render/train/1399918189.png,train,,0,0.0,0.38081371,1,0.4593811323773106,,0,0.0,,0,0.0,,0,0.0
1399962717,render/train/1399962717.png,train,,0,0.0,0.33938166,1,-0.9399352603906173,,0,0.0,,0,0.0,,0,0.0
1399980984,render/train/1399980984.png,train,,0,0.0,0.348815,1,-0.6213358355358634,,0,0.0,,0,0.0,,0,0.0
1400204987,render/train/1400204987.png,train,,0,0.0,0.35028816,1,-0.5715816733071047,,0,0.0,,0,0.0,,0,0.0
1400904747,render/train/1400904747.png,train,,0,0.0,0.35403641,1,-0.44498915207795026,,0,0.0,,0,0.0,,0,0.0
1401313512,render/train/1401313512.png,train,,0,0.0,0.35947365,1,-0.26135307654189993,,0,0.0,,0,0.0,,0,0.0
1401699288,render/train/1401699288.png,train,,0,0.0,0.37886333,1,0.393509453179039,,0,0.0,,0,0.0,,0,0.0
1401767370,render/train/1401767370.png,train,,0,0.0,0.39575862,1,0.9641270368508106,0.2155,1,-0.45605397853586194,1.049932374,1,0.4408534677608278,13.79806606,1,-0.5688707732319961
1401880967,render/train/1401880967.png,train,,0,0.0,,0,0.0,0.26,1,0.040942545452607344,,0,0.0,,0,0.0
1401907543,render/train/1401907543.png,train,,0,0.0,0.38086854,1,0.4612329480083353,,0,0.0,,0,0.0,,0,0.0
1402707423,render/train/1402707423.png,train,,0,0.0,0.37283397,1,0.1898752548736402,0.198,1,-0.6515020497672822,,0,0.0,,0,0.0
1403025307,render/train/1403025307.png,train,,0,0.0,0.37559758,1,0.2832127744078493,,0,0.0,,0,0.0,,0,0.0
1403056181,render/train/1403056181.png,train,,0,0.0,0.35636161,1,-0.36645838962559896,,0,0.0,,0,0.0,,0,0.0
1403885669,render/train/1403885669.png,train,,0,0.0,,0,0.0,0.1265,1,-1.4500470265128003,1.564699369,1,3.962092774593183,19.456651,1,0.6589501964722503
1404736558,render/train/1404736558.png,train,,0,0.0,0.34457254,1,-0.7646196900316515,,0,0.0,,0,0.0,,0,0.0
1404881179,render/train/1404881179.png,train,,0,0.0,0.34624319,1,-0.7081955466069905,,0,0.0,,0,0.0,,0,0.0
1404906780,render/train/1404906780.png,train,,0,0.0,0.40245926,1,1.1904328893016656,0.1669999999999999,1,-0.9977243473772283,,0,0.0,,0,0.0
1405342945,render/train/1405342945.png,train,,0,0.0,0.35424799,1,-0.4378432985085077,,0,0.0,,0,0.0,,0,0.0
1405483472,render/train/1405483472.png,train,,0,0.0,0.35464323,1,-0.4244945549373461,,0,0.0,,0,0.0,,0,0.0
1405504097,render/train/1405504097.png,train,,0,0.0,0.35628749,1,-0.3689617012172767,,0,0.0,,0,0.0,,0,0.0
1405932277,render/train/1405932277.png,train,,0,0.0,0.36947651,1,0.07648118395360007,,0,0.0,,0,0.0,,0,0.0
1406114427,render/train/1406114427.png,train,,0,0.0,0.36703684,1,-0.005915661578883434,,0,0.0,,0,0.0,,0,0.0
1407338879,render/train/1407338879.png,train,,0,0.0,0.37734538,1,0.34224256393744806,,0,0.0,,0,0.0,,0,0.0
1408229683,render/train/1408229683.png,train,,0,0.0,0.35759108,1,-0.3249345566166989,0.159,1,-1.0870720370830194,1.151611779,1,1.1363866333658341,13.32041855,1,-0.6725125202630161
1408675476,render/train/1408675476.png,train,150.9011854,1,0.4895236369083741,,0,0.0,,0,0.0,,0,0.0,,0,0.0
1408691704,render/train/1408691704.png,train,,0,0.0,0.33460461,1,-1.1012742328544936,,0,0.0,,0,0.0,,0,0.0
1408899479,render/train/1408899479.png,train,,0,0.0,0.37887581,1,0.3939309497881066,0.389,1,1.4816740419585068,0.89024336,1,-0.651491687285684,23.00931982,1,1.4298215930957392
1409017581,render/train/1409017581.png,train,,0,0.0,0.37990238,1,0.4286020855229731,,0,0.0,,0,0.0,,0,0.0
1409490636,render/train/1409490636.png,train,,0,0.0,0.33694341,1,-1.0222841471743116,,0,0.0,,0,0.0,,0,0.0
1409584413,render/train/1409584413.png,train,,0,0.0,0.35557991,1,-0.39285934309583953,0.1836666666666666,1,-0.8115833271568276,,0,0.0,,0,0.0
1409830378,render/train/1409830378.png,train,,0,0.0,0.287972,1,-2.6762331260435475,,0,0.0,,0,0.0,,0,0.0
1409947542,render/train/1409947542.png,train,,0,0.0,0.36923892,1,0.06845687471093242,,0,0.0,,0,0.0,,0,0.0
1410914942,render/train/1410914942.png,train,,0,0.0,0.39642368,1,0.9865886181670677,,0,0.0,1.103576244,1,0.8078018258516675,21.11102867,1,1.017923264222374
1411169396,render/train/1411169396.png,train,,0,0.0,0.37339649,1,0.2088736741471212,,0,0.0,,0,0.0,,0,0.0
1411192314,render/train/1411192314.png,train,,0,0.0,0.3711086,1,0.13160301093229523,,0,0.0,,0,0.0,,0,0.0
1411288736,render/train/1411288736.png,train,,0,0.0,0.32963111,1,-1.2692480617968536,,0,0.0,,0,0.0,,0,0.0
1411415365,render/train/1411415365.png,train,,0,0.0,0.35812909,1,-0.3067639323663169,,0,0.0,,0,0.0,,0,0.0
1411771596,render/train/1411771596.png,train,,0,0.0,0.37492274,1,0.2604208856527546,,0,0.0,,0,0.0,,0,0.0
1411897079,render/train/1411897079.png,train,,0,0.0,0.34542063,1,-0.7359764961867276,,0,0.0,,0,0.0,,0,0.0
1412120720,render/train/1412120720.png,train,,0,0.0,0.33903798,1,-0.9515426285480321,,0,0.0,,0,0.0,,0,0.0
1412223212,render/train/1412223212.png,train,,0,0.0,0.35316611,1,-0.47438246128244266,,0,0.0,,0,0.0,,0,0.0
1412767415,render/train/1412767415.png,train,,0,0.0,0.34762026,1,-0.6616867056254562,,0,0.0,,0,0.0,,0,0.0
1412954804,render/train/1412954804.png,train,,0,0.0,0.35943603,1,-0.26262364564711854,,0,0.0,,0,0.0,,0,0.0
1413330755,render/train/1413330755.png,train,,0,0.0,0.35976848,1,-0.2513955568903306,,0,0.0,,0,0.0,,0,0.0
1413610901,render/train/1413610901.png,train,,0,0.0,0.35542806,1,-0.39798788957717035,,0,0.0,,0,0.0,,0,0.0
1413611773,render/train/1413611773.png,train,,0,0.0,0.42901007,1,2.0871537533252082,,0,0.0,,0,0.0,,0,0.0
1413837140,render/train/1413837140.png,train,,0,0.0,0.36623582,1,-0.03296912422277733,,0,0.0,,0,0.0,,0,0.0
1414225049,render/train/1414225049.png,train,55.10481694,1,-0.37173547119129646,,0,0.0,,0,0.0,,0,0.0,,0,0.0
1415337639,render/train/1415337639.png,train,,0,0.0,0.3414643,1,-0.869596662801692,,0,0.0,,0,0.0,,0,0.0
1415406733,render/train/1415406733.png,train,197.4539358,1,0.9080570420220755,,0,0.0,,0,0.0,,0,0.0,,0,0.0
1415457510,render/train/1415457510.png,train,,0,0.0,0.35472795,1,-0.4216332414180935,,0,0.0,,0,0.0,,0,0.0
1416739755,render/train/1416739755.png,train,,0,0.0,0.371195595,1,0.13454115977090728,,0,0.0,,0,0.0,,0,0.0
1417031371,render/train/1417031371.png,train,,0,0.0,0.4237647,1,1.9099978504159116,0.124,1,-1.4779681795458603,,0,0.0,,0,0.0
1417043259,render/train/1417043259.png,train,,0,0.0,0.36534008,1,-0.06322163805344493,,0,0.0,,0,0.0,,0,0.0
1417054451,render/train/1417054451.png,train,,0,0.0,0.36615587,1,-0.03566933687462026,,0,0.0,,0,0.0,,0,0.0
1417361969,render/train/1417361969.png,train,,0,0.0,0.37271412,1,0.18582746892838087,,0,0.0,,0,0.0,,0,0.0
1417768053,render/train/1417768053.png,train,,0,0.0,0.37694297,1,0.3286516624586709,,0,0.0,,0,0.0,,0,0.0
1417800703,render/train/1417800703.png,train,,0,0.0,0.37231044,1,0.1721936747658303,,0,0.0,,0,0.0,,0,0.0
1417827855,render/train/1417827855.png,train,,0,0.0,0.36551103,1,-0.057448012627146175,,0,0.0,,0,0.0,,0,0.0
1418585210,render/train/1418585210.png,train,,0,0.0,0.34145083,1,-0.8700515954398454,,0,0.0,,0,0.0,,0,0.0
1418607549,render/train/1418607549.png,train,,0,0.0,0.38772297,1,0.6927328680480216,,0,0.0,,0,0.0,,0,0.0
1418628819,render/train/1418628819.png,train,,0,0.0,0.41704128,1,1.68292263155844,,0,0.0,,0,0.0,,0,0.0
1419016384,render/train/1419016384.png,train,,0,0.0,,0,0.0,0.2135,1,-0.47839090096231,1.12679408,1,0.9666223359793362,12.43938389,1,-0.86368272307069
1419552421,render/train/1419552421.png,train,,0,0.0,0.37480672,1,0.2565024532341577,,0,0.0,,0,0.0,,0,0.0
1420611006,render/train/1420611006.png,train,,0,0.0,0.3501927,1,-0.574805717081275,,0,0.0,,0,0.0,,0,0.0
1420737735,render/train/1420737735.png,train,,0,0.0,0.30543387,1,-2.0864800016052816,,0,0.0,,0,0.0,,0,0.0
1420812496,render/train/1420812496.png,train,,0,0.0,0.37044454,1,0.10917520338278948,,0,0.0,,0,0.0,,0,0.0
1421209921,render/train/1421209921.png,train,,0,0.0,0.33135982,1,-1.2108630134745555,,0,0.0,,0,0.0,,0,0.0
1421320527,render/train/1421320527.png,train,,0,0.0,0.33859086,1,-0.9666435551383028,,0,0.0,,0,0.0,,0,0.0
1421392945,render/train/1421392945.png,train,,0,0.0,0.34356107,1,-0.7987808418885574,,0,0.0,,0,0.0,,0,0.0
1421653372,render/train/1421653372.png,train,,0,0.0,0.36875805,1,0.05221608349277297,,0,0.0,,0,0.0,,0,0.0
1421658168,render/train/1421658168.png,train,,0,0.0,0.34585663,1,-0.721251133882743,,0,0.0,,0,0.0,,0,0.0
1421896070,render/train/1421896070.png,train,,0,0.0,0.37652091,1,0.31439710646321245,,0,0.0,,0,0.0,,0,0.0
1421909568,render/train/1421909568.png,train,,0,0.0,0.310244355,1,-1.9240118032500408,,0,0.0,,0,0.0,,0,0.0
1422009513,render/train/1422009513.png,train,,0,0.0,,0,0.0,0.2016666666666666,1,-0.6105510253187949,,0,0.0,,0,0.0
1422047403,render/train/1422047403.png,train,,0,0.0,0.44384338,1,2.588130505429157,,0,0.0,,0,0.0,,0,0.0
1422066716,render/train/1422066716.png,train,,0,0.0,0.43192443,1,2.1855826681973216,,0,0.0,,0,0.0,,0,0.0
1422469487,render/train/1422469487.png,train,,0,0.0,0.38077033,1,0.45791602637559636,,0,0.0,,0,0.0,,0,0.0
1422560601,render/train/1422560601.png,train,,0,0.0,0.338250255,1,-0.9781470689629558,,0,0.0,,0,0.0,,0,0.0
1423269762,render/train/1423269762.png,train,,0,0.0,0.34857545,1,-0.6294263413613662,,0,0.0,,0,0.0,,0,0.0
1423401067,render/train/1423401067.png,train,,0,0.0,0.39554354,1,0.9568629750977354,,0,0.0,,0,0.0,,0,0.0
1423424888,render/train/1423424888.png,train,,0,0.0,0.34595266,1,-0.7180078390615227,,0,0.0,,0,0.0,,0,0.0
1423530794,render/train/1423530794.png,train,,0,0.0,0.39684923,1,1.0009610446084913,,0,0.0,,0,0.0,,0,0.0
1424144967,render/train/1424144967.png,train,307.2645731,1,1.8953117058598241,,0,0.0,,0,0.0,,0,0.0,,0,0.0
1424387141,render/train/1424387141.png,train,,0,0.0,0.35411311,1,-0.4423987041680525,,0,0.0,,0,0.0,,0,0.0
1424467870,render/train/1424467870.png,train,,0,0.0,0.3462571,1,-0.7077257535114663,,0,0.0,,0,0.0,,0,0.0
1426385152,render/train/1426385152.png,train,,0,0.0,0.37021373,1,0.10137988027870162,,0,0.0,,0,0.0,,0,0.0
1426651085,render/train/1426651085.png,train,,0,0.0,0.36867528,1,0.04942062881868818,,0,0.0,,0,0.0,,0,0.0
1426845091,render/train/1426845091.png,train,,0,0.0,0.38825618,1,0.7107413782179938,,0,0.0,,0,0.0,,0,0.0
1426880410,render/train/1426880410.png,train,,0,0.0,0.31561364,1,-1.7426708240336404,,0,0.0,,0,0.0,,0,0.0
1426978607,render/train/1426978607.png,train,,0,0.0,0.37552366,1,0.28071621756952214,,0,0.0,,0,0.0,,0,0.0
1427121961,render/train/1427121961.png,train,,0,0.0,0.29181625,1,-2.546398323206177,,0,0.0,,0,0.0,,0,0.0
1427163348,render/train/1427163348.png,train,,0,0.0,0.46658823,1,3.3563097641442705,,0,0.0,,0,0.0,,0,0.0
1427715399,render/train/1427715399.png,train,,0,0.0,0.40799156,1,1.3772794991051869,,0,0.0,,0,0.0,,0,0.0
1428013665,render/train/1428013665.png,train,,0,0.0,0.35394853,1,-0.4479571907001401,,0,0.0,,0,0.0,,0,0.0
1428459269,render/train/1428459269.png,train,-49.19787298,1,-1.3094708273118691,,0,0.0,,0,0.0,,0,0.0,,0,0.0
1429766327,render/train/1429766327.png,train,,0,0.0,0.35146434,1,-0.5318576443284339,,0,0.0,,0,0.0,,0,0.0
1429793294,render/train/1429793294.png,train,,0,0.0,0.32432141,1,-1.4485766311213233,,0,0.0,,0,0.0,,0,0.0
1430116322,render/train/1430116322.png,train,,0,0.0,0.40293208,1,1.20640180169747,,0,0.0,,0,0.0,,0,0.0
1430315937,render/train/1430315937.png,train,,0,0.0,0.33076501,1,-1.2309519876764665,,0,0.0,,0,0.0,,0,0.0
1430519110,render/train/1430519110.png,train,240.3798309,1,1.2939831342375967,,0,0.0,,0,0.0,,0,0.0,,0,0.0
1430804351,render/train/1430804351.png,train,,0,0.0,0.3631401,1,-0.137523249433079,,0,0.0,,0,0.0,,0,0.0
1431061733,render/train/1431061733.png,train,,0,0.0,0.45234816,1,2.8753689614284323,,0,0.0,,0,0.0,,0,0.0
1431221596,render/train/1431221596.png,train,,0,0.0,0.35368633,1,-0.45681267234258205,,0,0.0,,0,0.0,,0,0.0
1431937128,render/train/1431937128.png,train,,0,0.0,0.34694127,1,-0.684618755512572,,0,0.0,,0,0.0,,0,0.0
1432698021,render/train/1432698021.png,train,,0,0.0,0.40244256,1,1.1898688673969036,,0,0.0,,0,0.0,,0,0.0
1432821779,render/train/1432821779.png,train,,0,0.0,0.3656424,1,-0.053011152888903144,,0,0.0,,0,0.0,,0,0.0
1432826264,render/train/1432826264.png,train,,0,0.0,0.33869423,1,-0.9631523608691221,,0,0.0,,0,0.0,,0,0.0
1433887505,render/train/1433887505.png,train,,0,0.0,0.33902943,1,-0.9518313942537637,,0,0.0,,0,0.0,,0,0.0
1434137991,render/train/1434137991.png,train,,0,0.0,,0,0.0,0.192,1,-0.7185128170466265,,0,0.0,,0,0.0
1434167997,render/train/1434167997.png,train,,0,0.0,,0,0.0,0.3419999999999999,1,0.9567563649369765,0.878956685,1,-0.728697654333828,20.00761368,1,0.7785001438886882
1435049128,render/train/1435049128.png,train,,0,0.0,0.34387044,1,-0.7883322516684119,,0,0.0,,0,0.0,,0,0.0
1435571706,render/train/1435571706.png,train,,0,0.0,0.3151687,1,-1.7576981238123888,,0,0.0,,0,0.0,,0,0.0
1435785371,render/train/1435785371.png,train,,0,0.0,,0,0.0,0.202,1,-0.6068282049143862,,0,0.0,,0,0.0
1436177841,render/train/1436177841.png,train,,0,0.0,0.41878097,1,1.741678515839676,,0,0.0,,0,0.0,,0,0.0
1436330682,render/train/1436330682.png,train,,0,0.0,0.40114484,1,1.1460399748071621,,0,0.0,,0,0.0,,0,0.0
1436575335,render/train/1436575335.png,train,,0,0.0,0.36132753,1,-0.19874056583522126,,0,0.0,,0,0.0,,0,0.0
1436896741,render/train/1436896741.png,train,,0,0.0,0.36250293,1,-0.15904288039461645,,0,0.0,,0,0.0,,0,0.0
1437172858,render/train/1437172858.png,train,,0,0.0,0.33138478,1,-1.2100200202564204,,0,0.0,,0,0.0,,0,0.0
1437182858,render/train/1437182858.png,train,,0,0.0,0.33973914,1,-0.927861814252019,,0,0.0,,0,0.0,,0,0.0
1437198887,render/train/1437198887.png,train,,0,0.0,0.33944014,1,-0.9379601705109442,,0,0.0,,0,0.0,,0,0.0
1437455994,render/train/1437455994.png,train,,0,0.0,,0,0.0,0.194,1,-0.6961758946201784,0.993182994,1,0.0526620152486756,12.95937506,1,-0.7508530899810003
1437522401,render/train/1437522401.png,train,,0,0.0,0.37814836,1,0.36936222316417716,,0,0.0,,0,0.0,,0,0.0
1437709159,render/train/1437709159.png,train,,0,0.0,0.35558527,1,-0.3926783157060471,,0,0.0,,0,0.0,,0,0.0
1437848848,render/train/1437848848.png,train,,0,0.0,0.3741321,1,0.23371799470775026,,0,0.0,,0,0.0,,0,0.0
1438275910,render/train/1438275910.png,train,,0,0.0,0.37304106,1,0.1968694642303643,,0,0.0,,0,0.0,,0,0.0
1438410833,render/train/1438410833.png,train,,0,0.0,0.34168737,1,-0.862062748652266,,0,0.0,,0,0.0,,0,0.0
1438539748,render/train/1438539748.png,train,,0,0.0,0.32872339,1,-1.299905185353214,,0,0.0,,0,0.0,,0,0.0
1439560323,render/train/1439560323.png,train,60.02078862,1,-0.32753833248318437,,0,0.0,,0,0.0,,0,0.0,,0,0.0
1439590900,render/train/1439590900.png,train,,0,0.0,0.34891233,1,-0.6180486348178658,,0,0.0,,0,0.0,,0,0.0
1439796054,render/train/1439796054.png,train,,0,0.0,0.42823132,1,2.060852432466887,,0,0.0,,0,0.0,,0,0.0
1439837660,render/train/1439837660.png,train,,0,0.0,0.36700382,1,-0.0070308713570428425,,0,0.0,,0,0.0,,0,0.0
1439947780,render/train/1439947780.png,train,,0,0.0,0.36575628,1,-0.04916499633115555,,0,0.0,,0,0.0,,0,0.0
1441154602,render/train/1441154602.png,train,,0,0.0,0.33563497,1,-1.0664750945436379,,0,0.0,,0,0.0,,0,0.0
1441221742,render/train/1441221742.png,train,-71.28231613,1,-1.5080214416620248,,0,0.0,,0,0.0,,0,0.0,,0,0.0
1441373602,render/train/1441373602.png,train,,0,0.0,0.36672831,1,-0.01633588183495696,,0,0.0,,0,0.0,,0,0.0
1441731142,render/train/1441731142.png,train,,0,0.0,0.35744351,1,-0.32991855137632925,,0,0.0,,0,0.0,,0,0.0
1441736260,render/train/1441736260.png,train,,0,0.0,0.35004101,1,-0.5799288597599265,,0,0.0,,0,0.0,,0,0.0
1442807010,render/train/1442807010.png,train,,0,0.0,0.31655801,1,-1.710775891925809,,0,0.0,,0,0.0,,0,0.0
1443435953,render/train/1443435953.png,train,,0,0.0,0.33627702,1,-1.04479064760035,,0,0.0,,0,0.0,,0,0.0
1443684978,render/train/1443684978.png,train,,0,0.0,0.36479388,1,-0.0816688694535286,,0,0.0,,0,0.0,,0,0.0
1443853019,render/train/1443853019.png,train,,0,0.0,,0,0.0,0.3746666666666667,1,1.3215927645689627,0.86728938,1,-0.8085073029124082,11.91385451,1,-0.9777140577244157
1443895665,render/train/1443895665.png,train,,0,0.0,0.34714968,1,-0.6775799647837341,,0,0.0,,0,0.0,,0,0.0
1443962559,render/train/1443962559.png,train,,0,0.0,0.33901503,1,-0.9523177364949972,,0,0.0,,0,0.0,,0,0.0
1444001096,render/train/1444001096.png,train,,0,0.0,0.35282472,1,-0.4859124875139962,,0,0.0,,0,0.0,,0,0.0
1444443456,render/train/1444443456.png,train,,0,0.0,0.36637018,1,-0.028431280921943827,0.201,1,-0.6179966661276102,0.975831621,1,-0.0660292319147321,11.16519036,1,-1.1401620111231332
1444497775,render/train/1444497775.png,train,,0,0.0,0.366552245,1,-0.022282260078193516,,0,0.0,,0,0.0,,0,0.0
1444677131,render/train/1444677131.png,train,,0,0.0,0.34281464,1,-0.8239905946054467,,0,0.0,,0,0.0,,0,0.0
1444682939,render/train/1444682939.png,train,,0,0.0,0.34030013,1,-0.9089150688416698,,0,0.0,,0,0.0,,0,0.0
1444841962,render/train/1444841962.png,train,104.0626058,1,0.06842047882993867,,0,0.0,,0,0.0,,0,0.0,,0,0.0
1446315012,render/train/1446315012.png,train,,0,0.0,0.34480504,1,-0.7567672892617505,,0,0.0,,0,0.0,,0,0.0
1446335630,render/train/1446335630.png,train,,0,0.0,0.376234835,1,0.30473527613956014,,0,0.0,,0,0.0,,0,0.0
1446403769,render/train/1446403769.png,train,,0,0.0,0.36427467,1,-0.09920454688896865,,0,0.0,,0,0.0,,0,0.0
1446406615,render/train/1446406615.png,train,,0,0.0,0.36840054,1,0.040141624141172734,,0,0.0,,0,0.0,,0,0.0
1446517158,render/train/1446517158.png,train,,0,0.0,0.3711129,1,0.13174823812933037,0.2316666666666666,1,-0.2754971889220742,0.934073122,1,-0.35167627125749223,12.4288407,1,-0.8659704239547165
1446956621,render/train/1446956621.png,train,,0,0.0,0.37651726,1,0.3142738322145679,0.2245,1,-0.3555378276168456,0.958441992,1,-0.18498216743856397,10.3213082,1,-1.3232707252263651
1447075360,render/train/1447075360.png,train,,0,0.0,,0,0.0,0.3195,1,0.7054659876394369,0.945505999,1,-0.2734702163363149,21.31594048,1,1.0623857968035408
1447287020,render/train/1447287020.png,train,,0,0.0,0.33381899,1,-1.1278075794904046,,0,0.0,,0,0.0,,0,0.0
1447445383,render/train/1447445383.png,train,121.2094568,1,0.22257957521723343,,0,0.0,,0,0.0,,0,0.0,,0,0.0
1447629123,render/train/1447629123.png,train,,0,0.0,0.34396355,1,-0.7851875762461088,,0,0.0,,0,0.0,,0,0.0
1447631278,render/train/1447631278.png,train,,0,0.0,0.37237337,1,0.17431905790754865,,0,0.0,,0,0.0,,0,0.0
1448332716,render/train/1448332716.png,train,,0,0.0,0.38613046,1,0.6389478067573822,,0,0.0,,0,0.0,,0,0.0
1448341292,render/train/1448341292.png,train,,0,0.0,,0,0.0,,0,0.0,1.041525617,1,0.3833474437170994,16.01472431,1,-0.08789195770185135
1448448374,render/train/1448448374.png,train,,0,0.0,0.37622546,1,0.30441864707625843,,0,0.0,,0,0.0,,0,0.0
1448731732,render/train/1448731732.png,train,,0,0.0,0.34840678,1,-0.6351229625994691,,0,0.0,,0,0.0,,0,0.0
1449297338,render/train/1449297338.png,train,,0,0.0,,0,0.0,0.3249999999999999,1,0.7668925243121678,0.930690382,1,-0.37481574439483717,21.36408001,1,1.072831292458804
1449481867,render/train/1449481867.png,train,,0,0.0,0.35483589,1,-0.41798770103485555,0.196,1,-0.6738389721937303,1.060028456,1,0.5099152396473541,12.57995644,1,-0.8331807642797705
1449543209,render/train/1449543209.png,train,,0,0.0,,0,0.0,0.4182499999999999,1,1.8083515324453083,0.91341608,1,-0.4929797910243085,16.14848283,1,-0.0588685326805764
1449552519,render/train/1449552519.png,train,,0,0.0,0.3810089,1,0.46597343390968254,,0,0.0,,0,0.0,,0,0.0
1450236105,render/train/1450236105.png,train,,0,0.0,0.49595595,1,4.348168289469918,,0,0.0,,0,0.0,,0,0.0
1450460730,render/train/1450460730.png,train,127.0784722,1,0.27534507196920943,,0,0.0,,0,0.0,,0,0.0,,0,0.0
1450812051,render/train/1450812051.png,train,,0,0.0,0.33995878,1,-0.9204437441225521,,0,0.0,,0,0.0,,0,0.0
1450851242,render/train/1450851242.png,train,,0,0.0,0.33262746,1,-1.1680500357887236,,0,0.0,,0,0.0,,0,0.0
1451556354,render/train/1451556354.png,train,,0,0.0,,0,0.0,,0,0.0,0.989259062,1,0.025820543806363786,16.36886102,1,-0.01105004699615568
1451589071,render/train/1451589071.png,train,,0,0.0,0.37059699,1,0.11432401412417223,,0,0.0,,0,0.0,,0,0.0
1451687458,render/train/1451687458.png,train,,0,0.0,0.35263573,1,-0.49229539169250564,,0,0.0,,0,0.0,,0,0.0
1451767844,render/train/1451767844.png,train,,0,0.0,0.38098783,1,0.4652618206442139,,0,0.0,,0,0.0,,0,0.0
1452233273,render/train/1452233273.png,train,-17.98562642,1,-1.028856519419006,,0,0.0,,0,0.0,,0,0.0,,0,0.0
1452416309,render/train/1452416309.png,train,,0,0.0,0.39966133,1,1.095936254092518,,0,0.0,,0,0.0,,0,0.0
1452761460,render/train/1452761460.png,train,,0,0.0,0.34299947,1,-0.8177481892966276,,0,0.0,,0,0.0,,0,0.0
1452778640,render/train/1452778640.png,train,,0,0.0,0.33783784,1,-0.9920758769780885,0.222,1,-0.3834589806499057,1.082251488,1,0.6619308400169807,20.95656384,1,0.9844069064462195
1453017209,render/train/1453017209.png,train,-12.60583746,1,-0.9804894224617895,,0,0.0,,0,0.0,,0,0.0,,0,0.0
1453388212,render/train/1453388212.png,train,,0,0.0,0.3423126,1,-0.84094637646575,,0,0.0,,0,0.0,,0,0.0
1453450335,render/train/1453450335.png,train,,0,0.0,0.33531487,1,-1.0772860772810355,,0,0.0,,0,0.0,,0,0.0
1453479470,render/train/1453479470.png,train,,0,0.0,0.35510458,1,-0.4089130276461906,,0,0.0,,0,0.0,,0,0.0
1453811128,render/train/1453811128.png,train,,0,0.0,0.35651308,1,-0.36134267717563473,,0,0.0,,0,0.0,,0,0.0
1453894655,render/train/1453894655.png,train,,0,0.0,0.37206608,1,0.1639407171222484,,0,0.0,,0,0.0,,0,0.0
1453979051,render/train/1453979051.png,train,,0,0.0,0.34012349,1,-0.9148808670007891,,0,0.0,,0,0.0,,0,0.0
1454170504,render/train/1454170504.png,train,,0,0.0,0.39003172,1,0.7707080520373001,,0,0.0,,0,0.0,,0,0.0
1454388009,render/train/1454388009.png,train,,0,0.0,0.44845876,1,2.744009273022197,,0,0.0,,0,0.0,,0,0.0
1454873499,render/train/1454873499.png,train,,0,0.0,0.37351245,1,0.21279008013971215,,0,0.0,,0,0.0,,0,0.0
1455090776,render/train/1455090776.png,train,,0,0.0,0.36684133,1,-0.012518770716616019,,0,0.0,,0,0.0,,0,0.0
1455134437,render/train/1455134437.png,train,,0,0.0,0.3614848,1,-0.19342896553809397,,0,0.0,,0,0.0,,0,0.0
1455221251,render/train/1455221251.png,train,,0,0.0,0.34198543,1,-0.851996139734088,,0,0.0,,0,0.0,,0,0.0
1455433082,render/train/1455433082.png,train,,0,0.0,0.32742534,1,-1.3437452232859834,,0,0.0,,0,0.0,,0,0.0
1455448064,render/train/1455448064.png,train,,0,0.0,0.40050787,1,1.1245270985989753,,0,0.0,,0,0.0,,0,0.0
1455477899,render/train/1455477899.png,train,,0,0.0,0.3439724,1,-0.7848886784103511,,0,0.0,,0,0.0,,0,0.0
1455663460,render/train/1455663460.png,train,,0,0.0,0.3637627799999999,1,-0.11649300035178668,,0,0.0,,0,0.0,,0,0.0
1455763004,render/train/1455763004.png,train,,0,0.0,0.3826776,1,0.5223317184891777,,0,0.0,,0,0.0,,0,0.0
1455946712,render/train/1455946712.png,train,,0,0.0,0.36094468,1,-0.21167085243632325,,0,0.0,,0,0.0,,0,0.0
1456134582,render/train/1456134582.png,train,,0,0.0,0.34436665,1,-0.7715733708682736,,0,0.0,,0,0.0,,0,0.0
1457502415,render/train/1457502415.png,train,,0,0.0,0.43467136,1,2.2783568413021036,,0,0.0,,0,0.0,,0,0.0
1457793219,render/train/1457793219.png,train,,0,0.0,0.35608461,1,-0.37581372301597366,,0,0.0,,0,0.0,,0,0.0
1458472862,render/train/1458472862.png,train,,0,0.0,0.35874109,1,-0.2860943871139344,,0,0.0,,0,0.0,,0,0.0
1458806978,render/train/1458806978.png,train,,0,0.0,0.40355199,1,1.227338497444863,,0,0.0,,0,0.0,,0,0.0
1458835114,render/train/1458835114.png,train,,0,0.0,0.40396396,1,1.2412522761337903,,0,0.0,,0,0.0,,0,0.0
1458927340,render/train/1458927340.png,train,,0,0.0,0.36708551,1,-0.0042718923510500365,,0,0.0,,0,0.0,,0,0.0
1458930812,render/train/1458930812.png,train,,0,0.0,0.39112847,1,0.8077494307228393,,0,0.0,,0,0.0,,0,0.0
1459842972,render/train/1459842972.png,train,,0,0.0,0.29071263,1,-2.5836717276693038,,0,0.0,,0,0.0,,0,0.0
1459846963,render/train/1459846963.png,train,,0,0.0,0.35492786,1,-0.41488152770665043,,0,0.0,,0,0.0,,0,0.0
1460712253,render/train/1460712253.png,train,,0,0.0,0.35120821,1,-0.5405081192066888,,0,0.0,,0,0.0,,0,0.0
1460910986,render/train/1460910986.png,train,,0,0.0,0.36459266,1,-0.08846482679941818,,0,0.0,,0,0.0,,0,0.0
1461036801,render/train/1461036801.png,train,27.34580481,1,-0.6213034079841662,,0,0.0,,0,0.0,,0,0.0,,0,0.0
1461767577,render/train/1461767577.png,train,,0,0.0,0.36199186,1,-0.17630363936869348,,0,0.0,,0,0.0,,0,0.0
1461784308,render/train/1461784308.png,train,,0,0.0,0.395355,1,0.9504952691142641,,0,0.0,,0,0.0,,0,0.0
1461861414,render/train/1461861414.png,train,,0,0.0,0.41425345,1,1.5887671113934907,,0,0.0,,0,0.0,,0,0.0
1462340201,render/train/1462340201.png,train,,0,0.0,0.41628236,1,1.657291044494816,,0,0.0,0.793157119,1,-1.3156055315732325,12.17988527,1,-0.9199897062871184
1462614613,render/train/1462614613.png,train,,0,0.0,0.35761127,1,-0.3242526642659716,,0,0.0,,0,0.0,,0,0.0
1462748332,render/train/1462748332.png,train,,0,0.0,0.53276928,1,5.591493110263851,,0,0.0,,0,0.0,,0,0.0
1462931199,render/train/1462931199.png,train,,0,0.0,0.40469164,1,1.2658287707240743,,0,0.0,,0,0.0,,0,0.0
1463007614,render/train/1463007614.png,train,,0,0.0,,0,0.0,0.4337499999999999,1,1.9814626812502807,0.890200365,1,-0.6517857925516936,20.23441523,1,0.8277123943018502
1463085835,render/train/1463085835.png,train,,0,0.0,0.35912156,1,-0.27324448207770174,,0,0.0,,0,0.0,,0,0.0
1463095437,render/train/1463095437.png,train,,0,0.0,0.35769059,1,-0.3215737290871827,,0,0.0,,0,0.0,,0,0.0
1463175891,render/train/1463175891.png,train,85.2671101,1,-0.10056078969938399,,0,0.0,,0,0.0,,0,0.0,,0,0.0
1463811998,render/train/1463811998.png,train,-65.08541819,1,-1.4523081105766444,,0,0.0,,0,0.0,,0,0.0,,0,0.0
1464019841,render/train/1464019841.png,train,,0,0.0,0.3665982,1,-0.02073018662709392,,0,0.0,,0,0.0,,0,0.0
1464421877,render/train/1464421877.png,train,,0,0.0,0.38150674,1,0.482787365949628,,0,0.0,,0,0.0,,0,0.0
1464436894,render/train/1464436894.png,train,,0,0.0,0.40791529,1,1.3747035739149924,,0,0.0,,0,0.0,,0,0.0
1464819967,render/train/1464819967.png,train,,0,0.0,0.37034703,1,0.10588192338677782,,0,0.0,,0,0.0,,0,0.0
1465340291,render/train/1465340291.png,train,,0,0.0,0.31639128,1,-1.7164069920564131,,0,0.0,,0,0.0,,0,0.0
1465942783,render/train/1465942783.png,train,,0,0.0,0.35340606,1,-0.46627844595023665,0.2005,1,-0.6235808967342221,1.037413892,1,0.35522138313140605,13.82349277,1,-0.5633535903921838
1466879267,render/train/1466879267.png,train,,0,0.0,0.31737027,1,-1.6833428121436187,,0,0.0,,0,0.0,,0,0.0
1467166248,render/train/1467166248.png,train,,0,0.0,0.32320653,1,-1.486230328198081,,0,0.0,,0,0.0,,0,0.0
1467252065,render/train/1467252065.png,train,,0,0.0,0.35960485,1,-0.2569219583440036,,0,0.0,,0,0.0,,0,0.0
1468461975,render/train/1468461975.png,train,,0,0.0,0.36953337,1,0.0784015603311351,,0,0.0,,0,0.0,,0,0.0
1468518443,render/train/1468518443.png,train,,0,0.0,,0,0.0,0.184,1,-0.8078605067524187,0.903441723,1,-0.5612089087997755,11.78953051,1,-1.0046903452337643
1468882159,render/train/1468882159.png,train,,0,0.0,0.39889944,1,1.07020435894164,,0,0.0,,0,0.0,,0,0.0
1468958338,render/train/1468958338.png,train,,0,0.0,0.33370765,1,-1.1315679506805998,,0,0.0,,0,0.0,,0,0.0
1469078897,render/train/1469078897.png,train,,0,0.0,0.39177788,1,0.8296824525894243,,0,0.0,,0,0.0,,0,0.0
1469251580,render/train/1469251580.png,train,,0,0.0,0.4084913999999999,1,1.394160978678633,,0,0.0,,0,0.0,,0,0.0
1469266389,render/train/1469266389.png,train,15.9792949,1,-0.7234942357229055,,0,0.0,,0,0.0,,0,0.0,,0,0.0
1469368089,render/train/1469368089.png,train,,0,0.0,0.35440714,1,-0.4324682035298858,,0,0.0,,0,0.0,,0,0.0
1469495249,render/train/1469495249.png,train,,0,0.0,0.37656746,1,0.31596927530553126,,0,0.0,,0,0.0,,0,0.0
1469675356,render/train/1469675356.png,train,,0,0.0,0.40336035,1,1.2208660927844583,,0,0.0,,0,0.0,,0,0.0
1469897580,render/train/1469897580.png,train,,0,0.0,0.36995915,1,0.09278175473891143,,0,0.0,,0,0.0,,0,0.0
1470418130,render/train/1470418130.png,train,,0,0.0,0.4025765,1,1.194392525715701,,0,0.0,,0,0.0,,0,0.0
1470645091,render/train/1470645091.png,train,,0,0.0,0.41157762,1,1.4983942531047922,,0,0.0,,0,0.0,,0,0.0
1470768847,render/train/1470768847.png,train,,0,0.0,0.36065471,1,-0.22146423158147668,,0,0.0,,0,0.0,,0,0.0
1470774077,render/train/1470774077.png,train,,0,0.0,0.36576424,1,-0.04889615714780659,,0,0.0,,0,0.0,,0,0.0
1471142716,render/train/1471142716.png,train,,0,0.0,0.40375931,1,1.2343404747679396,,0,0.0,,0,0.0,,0,0.0
1472109489,render/train/1472109489.png,train,,0,0.0,0.34468789,1,-0.760723886036778,,0,0.0,,0,0.0,,0,0.0
1472118288,render/train/1472118288.png,train,,0,0.0,0.32568695,1,-1.402457201670444,,0,0.0,,0,0.0,,0,0.0
1472271341,render/train/1472271341.png,train,,0,0.0,0.36755988,1,0.01174936938321905,,0,0.0,,0,0.0,,0,0.0
1472751426,render/train/1472751426.png,train,,0,0.0,0.3984853,1,1.0562172911788592,,0,0.0,,0,0.0,,0,0.0
1473380579,render/train/1473380579.png,train,,0,0.0,0.42965902,1,2.109071239259086,,0,0.0,,0,0.0,,0,0.0
1473395922,render/train/1473395922.png,train,,0,0.0,0.38174277,1,0.4907589881161636,,0,0.0,,0,0.0,,0,0.0
1473570358,render/train/1473570358.png,train,,0,0.0,0.37060615,1,0.11463338182762318,,0,0.0,,0,0.0,,0,0.0
1473690215,render/train/1473690215.png,train,,0,0.0,0.3674954,1,0.009571636903034145,,0,0.0,,0,0.0,,0,0.0
1473745481,render/train/1473745481.png,train,69.57488221,1,-0.2416420688115606,,0,0.0,0.163,1,-1.0423981922301233,0.823406686,1,-1.1086847977855914,14.41189122,1,-0.4356806892849549
1474070468,render/train/1474070468.png,train,206.7951116,1,0.9920390641742984,,0,0.0,,0,0.0,,0,0.0,,0,0.0
1474131719,render/train/1474131719.png,train,,0,0.0,0.35298003,1,-0.48066708379970224,,0,0.0,,0,0.0,,0,0.0
1474494101,render/train/1474494101.png,train,,0,0.0,0.38951806,1,0.753359819007334,,0,0.0,,0,0.0,,0,0.0
1474888709,render/train/1474888709.png,train,,0,0.0,0.35596618,1,-0.3798135502124438,,0,0.0,,0,0.0,,0,0.0
1474909304,render/train/1474909304.png,train,,0,0.0,0.37614223,1,0.3016076564694683,,0,0.0,,0,0.0,,0,0.0
1474978524,render/train/1474978524.png,train,,0,0.0,0.34854625,1,-0.6304125353505324,,0,0.0,,0,0.0,,0,0.0
1475222377,render/train/1475222377.png,train,,0,0.0,0.37766539,1,0.3530505070358378,,0,0.0,,0,0.0,,0,0.0
1475370376,render/train/1475370376.png,train,,0,0.0,0.36035989,1,-0.23142141349537673,,0,0.0,,0,0.0,,0,0.0
1475746225,render/train/1475746225.png,train,,0,0.0,0.38608209,1,0.6373141696595748,,0,0.0,,0,0.0,,0,0.0
1476123993,render/train/1476123993.png,train,,0,0.0,0.34434051,1,-0.772456217131178,,0,0.0,,0,0.0,,0,0.0
1476310950,render/train/1476310950.png,train,,0,0.0,,0,0.0,0.2794999999999999,1,0.2587275391104748,0.913558675,1,-0.49200437666434577,11.77651013,1,-1.007515556088957
1476461237,render/train/1476461237.png,train,,0,0.0,0.39008003,1,0.7723396627091016,,0,0.0,,0,0.0,,0,0.0
1476641400,render/train/1476641400.png,train,,0,0.0,0.380516755,1,0.4493518434713921,,0,0.0,,0,0.0,,0,0.0
1476707326,render/train/1476707326.png,train,,0,0.0,0.36139938,1,-0.196313920694072,,0,0.0,,0,0.0,,0,0.0
1476896117,render/train/1476896117.png,train,160.10962,1,0.5723122467281888,,0,0.0,0.1946666666666666,1,-0.6887302538113632,,0,0.0,,0,0.0
1476896274,render/train/1476896274.png,train,,0,0.0,0.37976208,1,0.4238636260476318,,0,0.0,,0,0.0,,0,0.0
1476946894,render/train/1476946894.png,train,,0,0.0,0.34455896,1,-0.7650783377841458,,0,0.0,,0,0.0,,0,0.0
1477172876,render/train/1477172876.png,train,,0,0.0,0.41950012,1,1.765966920199563,,0,0.0,,0,0.0,,0,0.0
1477353024,render/train/1477353024.png,train,,0,0.0,0.38717322,1,0.6741657397759668,,0,0.0,,0,0.0,,0,0.0
1477468420,render/train/1477468420.png,train,,0,0.0,0.35571352,1,-0.38834683012007004,,0,0.0,,0,0.0,,0,0.0
1477631774,render/train/1477631774.png,train,,0,0.0,0.36567383,1,-0.05194964339987969,,0,0.0,,0,0.0,,0,0.0
1477890619,render/train/1477890619.png,train,,0,0.0,0.35751398,1,-0.3275385140332979,,0,0.0,,0,0.0,,0,0.0
1478638391,render/train/1478638391.png,train,,0,0.0,0.35894931,1,-0.27906201340077785,,0,0.0,,0,0.0,,0,0.0
1479037928,render/train/1479037928.png,train,245.9668197,1,1.34421306537387,,0,0.0,,0,0.0,,0,0.0,,0,0.0
1479528015,render/train/1479528015.png,train,,0,0.0,0.34495239,1,-0.7517907247308055,,0,0.0,,0,0.0,,0,0.0
1479577775,render/train/1479577775.png,train,,0,0.0,0.39892551,1,1.0710848410408709,,0,0.0,,0,0.0,,0,0.0
1479997464,render/train/1479997464.png,train,,0,0.0,,0,0.0,0.3235,1,0.750139832492333,0.943364885,1,-0.28811640548682343,20.0736371,1,0.7928261530282791
1480032186,render/train/1480032186.png,train,,0,0.0,0.37129273,1,0.1378217746043888,,0,0.0,,0,0.0,,0,0.0
1480316431,render/train/1480316431.png,train,,0,0.0,0.35100351,1,-0.5474216092608762,,0,0.0,,0,0.0,,0,0.0
1480445744,render/train/1480445744.png,train,169.7759737,1,0.6592177870954542,,0,0.0,,0,0.0,,0,0.0,,0,0.0
1480784338,render/train/1480784338.png,train,,0,0.0,0.47072462,1,3.4960112352006463,,0,0.0,,0,0.0,,0,0.0
1480818126,render/train/1480818126.png,train,,0,0.0,0.38664092,1,0.6561879637337399,,0,0.0,,0,0.0,,0,0.0
1480945963,render/train/1480945963.png,train,,0,0.0,0.41871813,1,1.7395561723369655,,0,0.0,,0,0.0,,0,0.0
1481083200,render/train/1481083200.png,train,102.260186,1,0.05221578866971229,,0,0.0,,0,0.0,,0,0.0,,0,0.0
1481177497,render/train/1481177497.png,train,,0,0.0,0.34544005,1,-0.7353206096363989,,0,0.0,,0,0.0,,0,0.0
1481191612,render/train/1481191612.png,train,,0,0.0,0.3609597,1,-0.2111635704597051,,0,0.0,,0,0.0,,0,0.0
1481448213,render/train/1481448213.png,train,,0,0.0,0.35183378,1,-0.5193802639394794,,0,0.0,,0,0.0,,0,0.0
1481540874,render/train/1481540874.png,train,,0,0.0,0.33848118,1,-0.9703478618756907,,0,0.0,,0,0.0,,0,0.0
1482021173,render/train/1482021173.png,train,,0,0.0,0.32319229,1,-1.4867112666366333,,0,0.0,,0,0.0,,0,0.0
1482072500,render/train/1482072500.png,train,,0,0.0,0.38669783,1,0.6581100287996117,,0,0.0,,0,0.0,,0,0.0
1482083544,render/train/1482083544.png,train,,0,0.0,0.37801232,1,0.36476763993519973,,0,0.0,,0,0.0,,0,0.0
1482120134,render/train/1482120134.png,train,,0,0.0,0.35307461,1,-0.47747276094027324,,0,0.0,,0,0.0,,0,0.0
1482727524,render/train/1482727524.png,train,,0,0.0,0.36288338,1,-0.14619365083372038,,0,0.0,,0,0.0,,0,0.0
1482787899,render/train/1482787899.png,train,,0,0.0,0.36086403,1,-0.21439470672489344,,0,0.0,,0,0.0,,0,0.0
1483068354,render/train/1483068354.png,train,,0,0.0,0.36015799,1,-0.2382403370026589,,0,0.0,,0,0.0,,0,0.0
1483153718,render/train/1483153718.png,train,,0,0.0,0.36041733,1,-0.2294814483331282,,0,0.0,,0,0.0,,0,0.0
1483304960,render/train/1483304960.png,train,,0,0.0,0.3862843999999999,1,0.6441469404112218,,0,0.0,,0,0.0,,0,0.0
1483538338,render/train/1483538338.png,train,,0,0.0,0.37179153,1,0.15466812946041436,,0,0.0,,0,0.0,,0,0.0
1483754768,render/train/1483754768.png,train,,0,0.0,0.37232804,1,0.1727880930606703,,0,0.0,,0,0.0,,0,0.0
1484029097,render/train/1484029097.png,train,,0,0.0,0.34668638,1,-0.6932273509200556,,0,0.0,,0,0.0,,0,0.0
1484271204,render/train/1484271204.png,train,,0,0.0,0.35903974,1,-0.27600785167337194,,0,0.0,,0,0.0,,0,0.0
1484621104,render/train/1484621104.png,train,,0,0.0,0.35258693,1,-0.4939435515100145,,0,0.0,,0,0.0,,0,0.0
1484839925,render/train/1484839925.png,train,,0,0.0,,0,0.0,0.329,1,0.8115663691650652,0.882717038,1,-0.7029751373119958,21.18686489,1,1.0343784914861542
1484940598,render/train/1484940598.png,train,,0,0.0,0.38239556,1,0.5128061653143712,,0,0.0,,0,0.0,,0,0.0
1485740570,render/train/1485740570.png,train,,0,0.0,0.33942699,1,-0.9384042955437369,,0,0.0,,0,0.0,,0,0.0
1485822682,render/train/1485822682.png,train,,0,0.0,0.37420675,1,0.2362392063958048,,0,0.0,,0,0.0,,0,0.0
1485858652,render/train/1485858652.png,train,,0,0.0,0.33388652,1,-1.1255268370216234,,0,0.0,,0,0.0,,0,0.0
1485862700,render/train/1485862700.png,train,,0,0.0,0.38075733,1,0.4574769674078175,,0,0.0,,0,0.0,,0,0.0
1486120892,render/train/1486120892.png,train,,0,0.0,0.38857369,1,0.7214648868995042,,0,0.0,,0,0.0,,0,0.0
1486334179,render/train/1486334179.png,train,,0,0.0,0.39056968,1,0.7888769875993435,,0,0.0,,0,0.0,,0,0.0
1486442979,render/train/1486442979.png,train,-8.026293088,1,-0.9393169399894661,,0,0.0,,0,0.0,,0,0.0,,0,0.0
1487203237,render/train/1487203237.png,train,,0,0.0,,0,0.0,0.347,1,1.0125986710030972,,0,0.0,,0,0.0
1487747929,render/train/1487747929.png,train,,0,0.0,0.38564574,1,0.6225769865372275,,0,0.0,,0,0.0,,0,0.0
1487920180,render/train/1487920180.png,train,,0,0.0,0.35353312,1,-0.46198715114669614,,0,0.0,,0,0.0,,0,0.0
1488067118,render/train/1488067118.png,train,,0,0.0,0.39668425,1,0.9953890485697043,,0,0.0,,0,0.0,,0,0.0
1488760517,render/train/1488760517.png,train,,0,0.0,0.34646376,1,-0.7007460668744436,,0,0.0,,0,0.0,,0,0.0
1488918987,render/train/1488918987.png,train,,0,0.0,0.3392001,1,-0.9460672254821563,,0,0.0,,0,0.0,,0,0.0
1489195327,render/train/1489195327.png,train,,0,0.0,0.34828568,1,-0.639212965753169,,0,0.0,,0,0.0,,0,0.0
1489614055,render/train/1489614055.png,train,,0,0.0,0.40415832,1,1.2478165454397596,,0,0.0,,0,0.0,,0,0.0
1490448831,render/train/1490448831.png,train,,0,0.0,0.34642034,1,-0.7022125238268273,,0,0.0,,0,0.0,,0,0.0
1490582596,render/train/1490582596.png,train,,0,0.0,,0,0.0,0.3206666666666666,1,0.7184958590548641,0.803315138,1,-1.246120082564696,10.73852636,1,-1.232741165058727
1490863909,render/train/1490863909.png,train,,0,0.0,0.37558543,1,0.28280242314180976,,0,0.0,,0,0.0,,0,0.0
1490994278,render/train/1490994278.png,train,,0,0.0,0.33328285,1,-1.1459150467969594,,0,0.0,,0,0.0,,0,0.0
1491147756,render/train/1491147756.png,train,,0,0.0,0.37066383,1,0.11658145269389363,,0,0.0,,0,0.0,,0,0.0
1491246883,render/train/1491246883.png,train,,0,0.0,0.34953736,1,-0.5969390173847006,,0,0.0,,0,0.0,,0,0.0
1491854107,render/train/1491854107.png,train,-28.15217408,1,-1.1202590632822476,,0,0.0,,0,0.0,,0,0.0,,0,0.0
1492808796,render/train/1492808796.png,train,,0,0.0,0.33320503,1,-1.1485433213256204,,0,0.0,,0,0.0,,0,0.0
1493417341,render/train/1493417341.png,train,,0,0.0,0.36851832,1,0.04411949838925418,,0,0.0,,0,0.0,,0,0.0
1493656978,render/train/1493656978.png,train,,0,0.0,0.37299965,1,0.19547089254915448,,0,0.0,,0,0.0,,0,0.0
1494135620,render/train/1494135620.png,train,,0,0.0,0.39375505,1,0.896458930998987,,0,0.0,,0,0.0,,0,0.0
1494459100,render/train/1494459100.png,train,,0,0.0,0.35893266,1,-0.2796243466172032,,0,0.0,,0,0.0,,0,0.0
1495114099,render/train/1495114099.png,train,,0,0.0,0.35364083,1,-0.458349378729809,,0,0.0,,0,0.0,,0,0.0
1495561124,render/train/1495561124.png,train,,0,0.0,0.35728456,1,-0.33528689160160235,,0,0.0,,0,0.0,,0,0.0
1495657690,render/train/1495657690.png,train,,0,0.0,0.34167967,1,-0.8623228066562583,0.278,1,0.24197484729064,,0,0.0,,0,0.0
1495695702,render/train/1495695702.png,train,,0,0.0,0.42357892,1,1.903723360028678,,0,0.0,,0,0.0,,0,0.0
1496106807,render/train/1496106807.png,train,,0,0.0,0.4012962,1,1.1511519721427836,,0,0.0,,0,0.0,,0,0.0
1496171453,render/train/1496171453.png,train,,0,0.0,0.34580144,1,-0.7231151080697995,,0,0.0,,0,0.0,,0,0.0
1496884432,render/train/1496884432.png,train,,0,0.0,0.34943923,1,-0.6002532371161007,,0,0.0,,0,0.0,,0,0.0
1497450918,render/train/1497450918.png,train,,0,0.0,0.36045779,1,-0.22811496173033113,,0,0.0,,0,0.0,,0,0.0
1497637197,render/train/1497637197.png,train,,0,0.0,0.35883674,1,-0.28286392632408075,,0,0.0,,0,0.0,,0,0.0
1497639710,render/train/1497639710.png,train,,0,0.0,0.37393027,1,0.2269014353641414,,0,0.0,,0,0.0,,0,0.0
1498294171,render/train/1498294171.png,train,,0,0.0,0.40118451,1,1.147379780134224,,0,0.0,0.899366976,1,-0.5890820231236593,10.82333757,1,-1.2143385108248241
1498407701,render/train/1498407701.png,train,,0,0.0,0.35561284,1,-0.3917471729566881,,0,0.0,,0,0.0,,0,0.0
1498502031,render/train/1498502031.png,train,,0,0.0,0.37856211,1,0.3833361191579239,,0,0.0,,0,0.0,,0,0.0
1498613996,render/train/1498613996.png,train,,0,0.0,0.41835338,1,1.7272371909140782,0.349,1,1.0349355934295452,0.85154393,1,-0.9162133096733189,17.51524142,1,0.2376958690416337
1498770138,render/train/1498770138.png,train,,0,0.0,0.31660238,1,-1.7092773498950107,,0,0.0,,0,0.0,,0,0.0
1498889771,render/train/1498889771.png,train,,0,0.0,,0,0.0,0.3626666666666667,1,1.1875712300102743,0.864622073,1,-0.826752890417079,12.59659455,1,-0.8295705648092564
1499027687,render/train/1499027687.png,train,,0,0.0,0.35096567,1,-0.5486996085947821,,0,0.0,,0,0.0,,0,0.0
1499293987,render/train/1499293987.png,train,,0,0.0,0.38165004,1,0.4876271467252271,,0,0.0,,0,0.0,,0,0.0
1500693468,render/train/1500693468.png,train,,0,0.0,0.39468168,1,0.927754716484632,,0,0.0,,0,0.0,,0,0.0
1500711821,render/train/1500711821.png,train,-34.10658315,1,-1.1737922934801137,,0,0.0,,0,0.0,,0,0.0,,0,0.0
1500837944,render/train/1500837944.png,train,,0,0.0,0.40608449,1,1.312870561744958,,0,0.0,,0,0.0,,0,0.0
1501114922,render/train/1501114922.png,train,,0,0.0,0.36338221,1,-0.1293462827646909,,0,0.0,,0,0.0,,0,0.0
1501485804,render/train/1501485804.png,train,,0,0.0,0.3481947,1,-0.6422857030522883,,0,0.0,,0,0.0,,0,0.0
1501914019,render/train/1501914019.png,train,,0,0.0,0.37962423,1,0.4192079123008331,0.1709999999999999,1,-0.9530505025243322,0.895972858,1,-0.6122993269323995,11.80505526,1,-1.0013217267891297
1502018022,render/train/1502018022.png,train,,0,0.0,0.3593193,1,-0.26656605744011,,0,0.0,,0,0.0,,0,0.0
1502215930,render/train/1502215930.png,train,,0,0.0,0.40312645,1,1.2129664087411065,,0,0.0,,0,0.0,,0,0.0
1502259897,render/train/1502259897.png,train,,0,0.0,0.38670531,1,0.6583626565749187,,0,0.0,,0,0.0,,0,0.0
1502465383,render/train/1502465383.png,train,,0,0.0,0.36453901,1,-0.09027678938567742,,0,0.0,,0,0.0,,0,0.0
1502724295,render/train/1502724295.png,train,,0,0.0,0.35846938,1,-0.29527105727819003,,0,0.0,,0,0.0,,0,0.0
1502897533,render/train/1502897533.png,train,,0,0.0,0.37181135,1,0.15533752551744426,,0,0.0,,0,0.0,,0,0.0
1503069300,render/train/1503069300.png,train,,0,0.0,0.34701241,1,-0.6822160897458174,,0,0.0,,0,0.0,,0,0.0
1503134682,render/train/1503134682.png,train,,0,0.0,0.36526848,1,-0.06563983975290683,,0,0.0,,0,0.0,,0,0.0
1504210048,render/train/1504210048.png,train,-32.76938912,1,-1.1617702246256467,,0,0.0,0.362,1,1.1801255892014577,,0,0.0,,0,0.0
1504320453,render/train/1504320453.png,train,,0,0.0,0.35373697,1,-0.455102368794248,,0,0.0,,0,0.0,,0,0.0
1504459006,render/train/1504459006.png,train,,0,0.0,,0,0.0,0.442,1,2.07360248625938,0.912106929,1,-0.5019349765831237,22.06826429,1,1.225627836946141
1504692554,render/train/1504692554.png,train,,0,0.0,0.35342761,1,-0.46555062127672614,,0,0.0,,0,0.0,,0,0.0
1504708152,render/train/1504708152.png,train,-14.32362541,1,-0.9959332283336072,,0,0.0,,0,0.0,,0,0.0,,0,0.0
1504763552,render/train/1504763552.png,train,-2.237818484,1,-0.8872755468255875,,0,0.0,,0,0.0,,0,0.0,,0,0.0
1505007551,render/train/1505007551.png,train,,0,0.0,0.36148157,1,-0.19353805480470446,,0,0.0,1.101878575,1,0.7961890012711187,18.7163871,1,0.498324960804223
1505164160,render/train/1505164160.png,train,,0,0.0,0.35843699,1,-0.29636498958329544,,0,0.0,,0,0.0,,0,0.0
1505192900,render/train/1505192900.png,train,,0,0.0,0.35247357,1,-0.49777214570905076,,0,0.0,,0,0.0,,0,0.0
1506883443,render/train/1506883443.png,train,,0,0.0,0.40443369,1,1.2571168275903288,,0,0.0,,0,0.0,,0,0.0
1506970146,render/train/1506970146.png,train,,0,0.0,0.37635976,1,0.308954463951086,0.2266666666666666,1,-0.33133949498819437,,0,0.0,,0,0.0
1507536890,render/train/1507536890.png,train,,0,0.0,0.36158697,1,-0.18997829978901526,,0,0.0,,0,0.0,,0,0.0
1507569319,render/train/1507569319.png,train,,0,0.0,0.34832358,1,-0.6379329399932572,,0,0.0,,0,0.0,,0,0.0
1507772517,render/train/1507772517.png,train,,0,0.0,0.38536816,1,0.6132020643621355,,0,0.0,,0,0.0,,0,0.0
1508066220,render/train/1508066220.png,train,,0,0.0,0.38801598,1,0.7026289194441004,,0,0.0,,0,0.0,,0,0.0
1508126626,render/train/1508126626.png,train,,0,0.0,0.37889334,1,0.39452300391927514,,0,0.0,,0,0.0,,0,0.0
1508181683,render/train/1508181683.png,train,,0,0.0,0.38359453,1,0.5532998984373257,,0,0.0,,0,0.0,,0,0.0
1508221747,render/train/1508221747.png,train,,0,0.0,0.34979882,1,-0.5881085283296552,,0,0.0,,0,0.0,,0,0.0
1508323114,render/train/1508323114.png,train,,0,0.0,0.35688418,1,-0.348809232333871,,0,0.0,,0,0.0,,0,0.0
1508373353,render/train/1508373353.png,train,,0,0.0,0.37989241,1,0.4282653610684541,,0,0.0,,0,0.0,,0,0.0
1508770794,render/train/1508770794.png,train,,0,0.0,0.41356417,1,1.5654875294464932,,0,0.0,,0,0.0,,0,0.0
1509674504,render/train/1509674504.png,train,,0,0.0,0.33712765,1,-1.0160616683878751,,0,0.0,,0,0.0,,0,0.0
1509700944,render/train/1509700944.png,train,,0,0.0,0.38098412,1,0.4651365199695615,,0,0.0,,0,0.0,,0,0.0
1509770012,render/train/1509770012.png,train,,0,0.0,0.39499825,1,0.9384464778253951,,0,0.0,,0,0.0,,0,0.0
1509773761,render/train/1509773761.png,train,,0,0.0,0.37281948,1,0.18938587299339882,,0,0.0,,0,0.0,,0,0.0
1509897801,render/train/1509897801.png,train,,0,0.0,0.31754129,1,-1.6775668225536486,,0,0.0,,0,0.0,,0,0.0
1510154304,render/train/1510154304.png,train,,0,0.0,0.37464154,1,0.25092370244202006,,0,0.0,,0,0.0,,0,0.0
1510186873,render/train/1510186873.png,train,204.7640603,1,0.9737788580802325,,0,0.0,,0,0.0,,0,0.0,,0,0.0
1510690030,render/train/1510690030.png,train,,0,0.0,0.37188038,1,0.15766892863635354,,0,0.0,,0,0.0,,0,0.0
1510766002,render/train/1510766002.png,train,,0,0.0,0.34163964,1,-0.8636747705393502,,0,0.0,,0,0.0,,0,0.0
1510829152,render/train/1510829152.png,train,,0,0.0,0.3534342,1,-0.46532805215382966,,0,0.0,,0,0.0,,0,0.0
1510840632,render/train/1510840632.png,train,,0,0.0,0.34394609,1,-0.7857772662136041,,0,0.0,,0,0.0,,0,0.0
1510846055,render/train/1510846055.png,train,,0,0.0,0.40434862,1,1.2542436932527137,,0,0.0,,0,0.0,,0,0.0
1511018789,render/train/1511018789.png,train,,0,0.0,0.39486528,1,0.933955580060347,,0,0.0,,0,0.0,,0,0.0
1511476999,render/train/1511476999.png,train,,0,0.0,0.38373514,1,0.5580488277803604,,0,0.0,,0,0.0,,0,0.0
1511530438,render/train/1511530438.png,train,,0,0.0,0.35095234,1,-0.5491498129055908,,0,0.0,,0,0.0,,0,0.0
1511995434,render/train/1511995434.png,train,,0,0.0,0.38354872,1,0.5517527221824055,,0,0.0,,0,0.0,,0,0.0
1512069165,render/train/1512069165.png,train,,0,0.0,0.38046147,1,0.44748466077649485,,0,0.0,,0,0.0,,0,0.0
1512407115,render/train/1512407115.png,train,,0,0.0,0.36604674,1,-0.039355068040294705,,0,0.0,,0,0.0,,0,0.0
1512415132,render/train/1512415132.png,train,,0,0.0,0.34626289,1,-0.7075302034019706,,0,0.0,,0,0.0,,0,0.0
1512714339,render/train/1512714339.png,train,,0,0.0,0.36156812,1,-0.1906149352922958,,0,0.0,,0,0.0,,0,0.0
1513366860,render/train/1513366860.png,train,,0,0.0,0.3810089,1,0.46597343390968254,,0,0.0,,0,0.0,,0,0.0
1513913960,render/train/1513913960.png,train,,0,0.0,0.34280149,1,-0.8244347196382394,,0,0.0,,0,0.0,,0,0.0
1514104618,render/train/1514104618.png,train,,0,0.0,,0,0.0,0.407,1,1.6827063437965388,,0,0.0,20.46241251,1,0.8771840986922292
1514204622,render/train/1514204622.png,train,,0,0.0,0.34424319,1,-0.7757430801115082,,0,0.0,,0,0.0,,0,0.0
1514327735,render/train/1514327735.png,train,,0,0.0,,0,0.0,0.1979999999999999,1,-0.6515020497672835,0.839803273,1,-0.9965247191420558,10.87873099,1,-1.2023190389284397
1514376697,render/train/1514376697.png,train,,0,0.0,0.3440828,1,-0.7811600545609014,,0,0.0,,0,0.0,,0,0.0
1514418516,render/train/1514418516.png,train,,0,0.0,0.32163018,1,-1.5394696054180046,,0,0.0,,0,0.0,,0,0.0
1514514964,render/train/1514514964.png,train,,0,0.0,0.40570264,1,1.2999740489106075,,0,0.0,,0,0.0,,0,0.0
1514572566,render/train/1514572566.png,train,,0,0.0,0.37974001,1,0.42311823901540996,,0,0.0,,0,0.0,,0,0.0
1514643124,render/train/1514643124.png,train,,0,0.0,0.40109572,1,1.1443810073842906,0.2013333333333333,1,-0.6142738457232025,0.808542478,1,-1.2103627102837147,12.41984319,1,-0.8679227373988483
1514751058,render/train/1514751058.png,train,,0,0.0,0.34788734,1,-0.6526664080012636,,0,0.0,,0,0.0,,0,0.0
1515428777,render/train/1515428777.png,train,,0,0.0,0.35198152,1,-0.5143905276395004,,0,0.0,,0,0.0,,0,0.0
1515861742,render/train/1515861742.png,train,,0,0.0,0.35876694,1,-0.2852213352433887,,0,0.0,,0,0.0,,0,0.0
1515864887,render/train/1515864887.png,train,,0,0.0,0.36172537,1,-0.1853040104705032,,0,0.0,,0,0.0,,0,0.0
1515872647,render/train/1515872647.png,train,,0,0.0,0.340331,1,-0.9078724726620271,0.212,1,-0.4951435927821461,1.114429035,1,0.882039829898597,11.35819502,1,-1.0982831365791668
1515877635,render/train/1515877635.png,train,,0,0.0,,0,0.0,0.1555,1,-1.1261616513293036,0.810146915,1,-1.1993876347940045,10.91862442,1,-1.1936628129590845
1515920130,render/train/1515920130.png,train,49.59402876,1,-0.42128031917595465,,0,0.0,,0,0.0,,0,0.0,,0,0.0
1516275191,render/train/1516275191.png,train,,0,0.0,0.34625185,1,-0.7079030657869142,,0,0.0,,0,0.0,,0,0.0
1516593013,render/train/1516593013.png,train,,0,0.0,0.34097421,1,-0.8861488481493065,,0,0.0,,0,0.0,,0,0.0
1516837155,render/train/1516837155.png,train,,0,0.0,0.33260446,1,-1.1688268324240252,,0,0.0,,0,0.0,,0,0.0
1517122573,render/train/1517122573.png,train,,0,0.0,0.34331894,1,-0.8069584840322821,,0,0.0,,0,0.0,,0,0.0
1517401237,render/train/1517401237.png,train,,0,0.0,0.38076446,1,0.45771777436476185,,0,0.0,,0,0.0,,0,0.0
1517587457,render/train/1517587457.png,train,,0,0.0,,0,0.0,0.173,1,-0.9307135800978832,1.102798912,1,0.8024845230341874,12.27540357,1,-0.8992637875328616
1517792443,render/train/1517792443.png,train,,0,0.0,0.37073474,1,0.11897635049429561,,0,0.0,,0,0.0,,0,0.0
1518669456,render/train/1518669456.png,train,,0,0.0,0.37747863,1,0.3467429183571856,,0,0.0,,0,0.0,,0,0.0
1518803212,render/train/1518803212.png,train,,0,0.0,0.36893387,1,0.058154187163154895,,0,0.0,,0,0.0,,0,0.0
1519364280,render/train/1519364280.png,train,,0,0.0,0.39779568,1,1.0329262261511662,,0,0.0,,0,0.0,,0,0.0
1519582452,render/train/1519582452.png,train,,0,0.0,0.39483113,1,0.932802205925757,,0,0.0,,0,0.0,,0,0.0
1520136246,render/train/1520136246.png,train,,0,0.0,0.37865395,1,0.3864379018964517,,0,0.0,,0,0.0,,0,0.0
1520266361,render/train/1520266361.png,train,,0,0.0,0.44423251,1,2.6012728912854635,,0,0.0,,0,0.0,,0,0.0
1521487084,render/train/1521487084.png,train,,0,0.0,0.38231831,1,0.5101971418327582,,0,0.0,,0,0.0,,0,0.0
1522414034,render/train/1522414034.png,train,,0,0.0,0.38549986,1,0.6176500694434084,,0,0.0,,0,0.0,,0,0.0
1522625717,render/train/1522625717.png,train,,0,0.0,0.40916746,1,1.4169940714291682,,0,0.0,,0,0.0,,0,0.0
1523167762,render/train/1523167762.png,train,,0,0.0,0.33505306,1,-1.0861283871544436,,0,0.0,,0,0.0,,0,0.0
1523200168,render/train/1523200168.png,train,,0,0.0,0.38083348,1,0.4600488397460019,,0,0.0,,0,0.0,,0,0.0
1523230328,render/train/1523230328.png,train,,0,0.0,0.39800868,1,1.040120038469398,,0,0.0,,0,0.0,,0,0.0
1523654682,render/train/1523654682.png,train,,0,0.0,0.36996727,1,0.09305599772493978,,0,0.0,,0,0.0,,0,0.0
1523715614,render/train/1523715614.png,train,50.1155014,1,-0.4165920092948519,,0,0.0,,0,0.0,,0,0.0,,0,0.0
1523905334,render/train/1523905334.png,train,,0,0.0,0.38791749,1,0.6993025411566702,,0,0.0,,0,0.0,,0,0.0
1524051176,render/train/1524051176.png,train,,0,0.0,0.32364481,1,-1.4714279617059007,,0,0.0,,0,0.0,,0,0.0
1524213012,render/train/1524213012.png,train,,0,0.0,0.36995322,1,0.09258147630207096,,0,0.0,,0,0.0,,0,0.0
1524317479,render/train/1524317479.png,train,,0,0.0,0.33439887,1,-1.1082228476261036,,0,0.0,,0,0.0,,0,0.0
1524856753,render/train/1524856753.png,train,,0,0.0,0.33832234,1,-0.9757124869866192,,0,0.0,,0,0.0,,0,0.0
1524880405,render/train/1524880405.png,train,,0,0.0,0.35513866,1,-0.4077620176752739,,0,0.0,,0,0.0,,0,0.0
1525026548,render/train/1525026548.png,train,,0,0.0,0.38238683,1,0.5125113203306235,0.315,1,0.6552079121799287,0.963593,1,-0.1497469405969364,27.63852935,1,2.43428482804874
1525361018,render/train/1525361018.png,train,,0,0.0,0.35148816,1,-0.5310531532043948,,0,0.0,,0,0.0,,0,0.0
1525755711,render/train/1525755711.png,train,,0,0.0,0.353015,1,-0.47948601517637496,,0,0.0,,0,0.0,,0,0.0
1526653040,render/train/1526653040.png,train,,0,0.0,0.35598766,1,-0.37908808970260655,,0,0.0,,0,0.0,,0,0.0
1526713439,render/train/1526713439.png,train,,0,0.0,0.39157828,1,0.8229412087456727,0.288,1,0.35365945942287974,1.164977581,1,1.2278147704198399,25.29233638,1,1.925199083452904
1527011099,render/train/1527011099.png,train,,0,0.0,0.36982444,1,0.08823209061971336,,0,0.0,,0,0.0,,0,0.0
1527133418,render/train/1527133418.png,train,,0,0.0,0.3339539,1,-1.123251160617856,,0,0.0,,0,0.0,,0,0.0
1527614677,render/train/1527614677.png,train,56.20366062,1,-0.3618562957800393,,0,0.0,,0,0.0,,0,0.0,,0,0.0
1527753234,render/train/1527753234.png,train,,0,0.0,0.3698895,1,0.09042941188461551,,0,0.0,,0,0.0,,0,0.0
1527864576,render/train/1527864576.png,train,,0,0.0,0.42014539,1,1.787760118671794,,0,0.0,,0,0.0,,0,0.0
1528273395,render/train/1528273395.png,train,,0,0.0,0.37524227,1,0.2712126173431043,,0,0.0,,0,0.0,,0,0.0
1528295982,render/train/1528295982.png,train,,0,0.0,0.36659752,1,-0.02075315278848462,,0,0.0,,0,0.0,,0,0.0
1528389333,render/train/1528389333.png,train,82.2677155,1,-0.12752690500795766,,0,0.0,0.4125,1,1.744132880469271,0.955200662,1,-0.20715433215245568,21.885982,1,1.1860755424342009
1528618359,render/train/1528618359.png,train,,0,0.0,0.35615321,1,-0.3734968426167696,,0,0.0,,0,0.0,,0,0.0
1528836681,render/train/1528836681.png,train,8.531981028,1,-0.7904494554900853,,0,0.0,,0,0.0,,0,0.0,,0,0.0
1529298649,render/train/1529298649.png,train,,0,0.0,0.43871287,1,2.414853857369024,,0,0.0,,0,0.0,,0,0.0
1529319759,render/train/1529319759.png,train,,0,0.0,0.37595452,1,0.2952679827124015,,0,0.0,,0,0.0,,0,0.0
1529607957,render/train/1529607957.png,train,,0,0.0,0.36093422,1,-0.2120241260365534,,0,0.0,,0,0.0,,0,0.0
1529815158,render/train/1529815158.png,train,,0,0.0,0.35117651,1,-0.5415787476127362,,0,0.0,,0,0.0,,0,0.0
1530164061,render/train/1530164061.png,train,,0,0.0,0.37430809,1,0.23966183991847892,,0,0.0,,0,0.0,,0,0.0
1530902893,render/train/1530902893.png,train,238.4094841,1,1.2762686931278209,,0,0.0,,0,0.0,,0,0.0,,0,0.0
1531080761,render/train/1531080761.png,train,,0,0.0,0.37334678,1,0.20719478020186521,,0,0.0,,0,0.0,,0,0.0
1531336843,render/train/1531336843.png,train,,0,0.0,0.37590071,1,0.2934506163234629,,0,0.0,,0,0.0,,0,0.0
1531370497,render/train/1531370497.png,train,,0,0.0,,0,0.0,,0,0.0,0.855255368,1,-0.8908253933977786,14.39063477,1,-0.4402929934790612
1531901492,render/train/1531901492.png,train,164.8639006,1,0.6150556986464241,,0,0.0,,0,0.0,,0,0.0,,0,0.0
1532003406,render/train/1532003406.png,train,,0,0.0,0.35403674,1,-0.4449780067349222,,0,0.0,,0,0.0,,0,0.0
1532503851,render/train/1532503851.png,train,,0,0.0,0.31630581,1,-1.7192936359007278,,0,0.0,,0,0.0,,0,0.0
1532559190,render/train/1532559190.png,train,,0,0.0,0.38905129,1,0.7375952379003818,,0,0.0,,0,0.0,,0,0.0
1532694125,render/train/1532694125.png,train,,0,0.0,0.44453599,1,2.6115225540194382,,0,0.0,,0,0.0,,0,0.0
1533215185,render/train/1533215185.png,train,,0,0.0,0.39237717,1,0.8499227332663847,,0,0.0,,0,0.0,,0,0.0
1533241544,render/train/1533241544.png,train,,0,0.0,0.42700988,1,2.0195998028050073,,0,0.0,,0,0.0,,0,0.0
1533331471,render/train/1533331471.png,train,,0,0.0,0.38946752,1,0.7516528928356752,,0,0.0,,0,0.0,,0,0.0
1533352868,render/train/1533352868.png,train,,0,0.0,0.34420285,1,-0.7771055138622933,,0,0.0,,0,0.0,,0,0.0
1533947375,render/train/1533947375.png,train,,0,0.0,0.35941978,1,-0.2631724693568426,,0,0.0,,0,0.0,,0,0.0
1534103449,render/train/1534103449.png,train,,0,0.0,,0,0.0,0.314,1,0.6440394509667047,0.876967341,1,-0.7423056679703887,16.45604164,1,0.007866730700533803
1534344479,render/train/1534344479.png,train,,0,0.0,0.33850297,1,-0.9696119314981582,,0,0.0,,0,0.0,,0,0.0
1534350557,render/train/1534350557.png,train,,0,0.0,0.36743587,1,0.00756108456827117,,0,0.0,,0,0.0,,0,0.0
1535224949,render/train/1535224949.png,train,,0,0.0,0.38923634,1,0.7438450734378881,,0,0.0,,0,0.0,,0,0.0
1535521231,render/train/1535521231.png,train,,0,0.0,0.33255113,1,-1.170627987404924,,0,0.0,,0,0.0,,0,0.0
1535630026,render/train/1535630026.png,train,,0,0.0,0.37679256,1,0.323571750201464,,0,0.0,,0,0.0,,0,0.0
1535916456,render/train/1535916456.png,train,,0,0.0,0.39362302,1,0.8919997805746861,,0,0.0,,0,0.0,,0,0.0
1536018562,render/train/1536018562.png,train,,0,0.0,0.36413304,1,-0.10398792547409119,,0,0.0,,0,0.0,,0,0.0
1536084197,render/train/1536084197.png,train,,0,0.0,,0,0.0,0.387,1,1.4593371195320586,0.905357803,1,-0.5481020540935305,22.64614546,1,1.3510186592182596
1536340511,render/train/1536340511.png,train,,0,0.0,0.37552726,1,0.28083780312983003,,0,0.0,,0,0.0,,0,0.0
1536369221,render/train/1536369221.png,train,,0,0.0,0.30442544,1,-2.120538481211262,,0,0.0,,0,0.0,,0,0.0
1536452950,render/train/1536452950.png,train,,0,0.0,0.3952199,1,0.9459324332260339,,0,0.0,,0,0.0,,0,0.0
1536569579,render/train/1536569579.png,train,,0,0.0,0.32203175,1,-1.5259070739032994,,0,0.0,,0,0.0,,0,0.0
1536803717,render/train/1536803717.png,train,,0,0.0,0.35059905,1,-0.5610817469614947,,0,0.0,,0,0.0,,0,0.0
1537088176,render/train/1537088176.png,train,,0,0.0,0.36937148,1,0.07293392523161012,,0,0.0,,0,0.0,,0,0.0
1537297732,render/train/1537297732.png,train,,0,0.0,,0,0.0,0.1275,1,-1.4388785652995761,,0,0.0,,0,0.0
1537341767,render/train/1537341767.png,train,,0,0.0,0.35644883,1,-0.36351264168946695,,0,0.0,,0,0.0,,0,0.0
1537875008,render/train/1537875008.png,train,,0,0.0,0.365803385,1,-0.04757408304829068,,0,0.0,,0,0.0,,0,0.0
1538292595,render/train/1538292595.png,train,288.7077709,1,1.72847641587044,,0,0.0,,0,0.0,,0,0.0,,0,0.0
1538729127,render/train/1538729127.png,train,,0,0.0,0.43881448,1,2.418285609808722,,0,0.0,,0,0.0,,0,0.0
1539719616,render/train/1539719616.png,train,,0,0.0,0.37602495,1,0.29764666910476345,,0,0.0,,0,0.0,,0,0.0
1540110087,render/train/1540110087.png,train,,0,0.0,0.36739248,1,0.006095640828891451,,0,0.0,,0,0.0,,0,0.0
1541215652,render/train/1541215652.png,train,,0,0.0,0.39683141,1,1.000359196084966,,0,0.0,,0,0.0,,0,0.0
1541292142,render/train/1541292142.png,train,,0,0.0,0.39690658,1,1.0028979701317338,,0,0.0,,0,0.0,,0,0.0
1541529952,render/train/1541529952.png,train,,0,0.0,0.42593569,1,1.9833203602973974,,0,0.0,,0,0.0,,0,0.0
1541871733,render/train/1541871733.png,train,,0,0.0,0.37000522,1,0.0943377121731883,,0,0.0,,0,0.0,,0,0.0
1542132482,render/train/1542132482.png,train,,0,0.0,0.31405732,1,-1.795233612705516,,0,0.0,,0,0.0,,0,0.0
1542525425,render/train/1542525425.png,train,,0,0.0,0.36540863,1,-0.060906446342577567,,0,0.0,,0,0.0,,0,0.0
1542527766,render/train/1542527766.png,train,,0,0.0,0.35421263,1,-0.4390375389008689,,0,0.0,,0,0.0,,0,0.0
1542725530,render/train/1542725530.png,train,,0,0.0,0.35701914,1,-0.3442511247729856,,0,0.0,,0,0.0,,0,0.0
1543008224,render/train/1543008224.png,train,,0,0.0,0.34283926,1,-0.8231590844680069,,0,0.0,,0,0.0,,0,0.0
1543532086,render/train/1543532086.png,train,,0,0.0,0.37740492,1,0.3442534540098765,,0,0.0,,0,0.0,,0,0.0
1543949166,render/train/1543949166.png,train,,0,0.0,0.40051472,1,1.1247584489012283,,0,0.0,,0,0.0,,0,0.0
1543966603,render/train/1543966603.png,train,158.2579262,1,0.5556645577155559,,0,0.0,,0,0.0,,0,0.0,,0,0.0
1544175741,render/train/1544175741.png,train,,0,0.0,0.3844626,1,0.582617892141959,,0,0.0,,0,0.0,,0,0.0
1544534408,render/train/1544534408.png,train,,0,0.0,0.45403849,1,2.9324577725827785,,0,0.0,,0,0.0,,0,0.0
1544660750,render/train/1544660750.png,train,,0,0.0,0.36682863,1,-0.01294769755437079,,0,0.0,,0,0.0,,0,0.0
1544969349,render/train/1544969349.png,train,,0,0.0,0.38234636,1,0.5111444959901591,,0,0.0,,0,0.0,,0,0.0
1545578155,render/train/1545578155.png,train,,0,0.0,0.38323456,1,0.5411423556195156,,0,0.0,,0,0.0,,0,0.0
1545962534,render/train/1545962534.png,train,,0,0.0,0.35465087,1,-0.42423652335935785,,0,0.0,,0,0.0,,0,0.0
1546473891,render/train/1546473891.png,train,,0,0.0,0.34528361,1,-0.7406041777071216,,0,0.0,,0,0.0,,0,0.0
1546892007,render/train/1546892007.png,train,,0,0.0,0.37879602,1,0.39123614093894493,,0,0.0,,0,0.0,,0,0.0
1546988712,render/train/1546988712.png,train,,0,0.0,0.41418077,1,1.586312434025935,,0,0.0,,0,0.0,,0,0.0
1547038341,render/train/1547038341.png,train,,0,0.0,,0,0.0,0.308,1,0.5770286836873605,0.959342877,1,-0.17881970616239856,19.77502946,1,0.7280331480644097
1547095755,render/train/1547095755.png,train,,0,0.0,0.36628846,1,-0.03119127314093867,,0,0.0,,0,0.0,,0,0.0
1547207194,render/train/1547207194.png,train,,0,0.0,0.37083826,1,0.12247261082848837,,0,0.0,,0,0.0,,0,0.0
1547263064,render/train/1547263064.png,train,131.2577432,1,0.31291888892939795,,0,0.0,,0,0.0,,0,0.0,,0,0.0
1548438831,render/train/1548438831.png,train,,0,0.0,0.38106509,1,0.46787118186349236,,0,0.0,,0,0.0,,0,0.0
1548803977,render/train/1548803977.png,train,,0,0.0,0.31898609,1,-1.6287704843499842,,0,0.0,,0,0.0,,0,0.0
1549041363,render/train/1549041363.png,train,,0,0.0,0.39657814,1,0.9918053141796224,,0,0.0,,0,0.0,,0,0.0
1549091300,render/train/1549091300.png,train,,0,0.0,0.35694819,1,-0.34664737352405883,,0,0.0,,0,0.0,,0,0.0
1549258915,render/train/1549258915.png,train,,0,0.0,0.3462525,1,-0.7078811128385255,,0,0.0,,0,0.0,,0,0.0
1549335676,render/train/1549335676.png,train,,0,0.0,0.36487368,1,-0.07897372286669958,,0,0.0,,0,0.0,,0,0.0
1549802812,render/train/1549802812.png,train,,0,0.0,0.39428806,1,0.9144606864156085,,0,0.0,,0,0.0,,0,0.0
1549944889,render/train/1549944889.png,train,,0,0.0,0.35406248,1,-0.44410866997871923,,0,0.0,,0,0.0,,0,0.0
1550023737,render/train/1550023737.png,train,,0,0.0,0.35999445,1,-0.24376369881732204,,0,0.0,,0,0.0,,0,0.0
1550446062,render/train/1550446062.png,train,,0,0.0,0.34187342,1,-0.8557791393480084,,0,0.0,,0,0.0,,0,0.0
1550628326,render/train/1550628326.png,train,,0,0.0,0.39473159,1,0.9294403651832387,,0,0.0,,0,0.0,,0,0.0
1550853194,render/train/1550853194.png,train,,0,0.0,0.35911141,1,-0.2735872858102367,,0,0.0,,0,0.0,,0,0.0
1551100568,render/train/1551100568.png,train,,0,0.0,0.39388717,1,0.9009211210622959,,0,0.0,,0,0.0,,0,0.0
1551636938,render/train/1551636938.png,train,,0,0.0,0.36716401,1,-0.0016206516609983468,,0,0.0,,0,0.0,,0,0.0
1551667752,render/train/1551667752.png,train,,0,0.0,0.36786948,1,0.022205727569719096,0.3463333333333334,1,1.005153030194282,0.92885236,1,-0.3873886470402805,22.0513884,1,1.2219660430799844
1551816010,render/train/1551816010.png,train,,0,0.0,0.37965627,1,0.4202900237875758,,0,0.0,,0,0.0,,0,0.0
1551966818,render/train/1551966818.png,train,,0,0.0,0.3112599,1,-1.8897130232936197,,0,0.0,,0,0.0,,0,0.0
1552546218,render/train/1552546218.png,train,,0,0.0,0.35816613,1,-0.30551295204581175,,0,0.0,,0,0.0,,0,0.0
1553018997,render/train/1553018997.png,train,,0,0.0,0.32186501,1,-1.531538511771571,,0,0.0,,0,0.0,,0,0.0
1553515923,render/train/1553515923.png,train,,0,0.0,0.34271914,1,-0.8272159893302883,,0,0.0,,0,0.0,,0,0.0
1553955153,render/train/1553955153.png,train,,0,0.0,0.40321995,1,1.2161242559324417,,0,0.0,,0,0.0,,0,0.0
1553956004,render/train/1553956004.png,train,,0,0.0,0.37375949,1,0.22113355147819125,,0,0.0,,0,0.0,,0,0.0
1553967571,render/train/1553967571.png,train,,0,0.0,0.34094172,1,-0.8872461578310873,,0,0.0,,0,0.0,,0,0.0
1554515864,render/train/1554515864.png,train,,0,0.0,0.34986039,1,-0.5860290775107183,,0,0.0,,0,0.0,,0,0.0
1554954449,render/train/1554954449.png,train,,0,0.0,0.3649256549999999,1,-0.07721833133975342,,0,0.0,,0,0.0,,0,0.0
1555593891,render/train/1555593891.png,train,,0,0.0,,0,0.0,0.172,1,-0.9418820413111072,1.374050717,1,2.657969678634005,21.43297913,1,1.0877812817630506
1556257502,render/train/1556257502.png,train,,0,0.0,0.35788491,1,-0.31501081073188286,,0,0.0,,0,0.0,,0,0.0
1556355257,render/train/1556355257.png,train,,0,0.0,0.3547336,1,-0.4214424196359443,,0,0.0,,0,0.0,,0,0.0
1556370617,render/train/1556370617.png,train,,0,0.0,0.3441071,1,-0.7803393520288223,,0,0.0,,0,0.0,,0,0.0
1556403536,render/train/1556403536.png,train,,0,0.0,0.36530403,1,-0.06443918234486419,,0,0.0,,0,0.0,,0,0.0
1557378931,render/train/1557378931.png,train,,0,0.0,0.33612915,1,-1.0497847744900062,,0,0.0,,0,0.0,,0,0.0
1558106067,render/train/1558106067.png,train,,0,0.0,0.3701528,1,0.099322044670486,,0,0.0,,0,0.0,,0,0.0
1558371855,render/train/1558371855.png,train,,0,0.0,0.33902352,1,-0.9520309972152695,,0,0.0,,0,0.0,,0,0.0
1558525027,render/train/1558525027.png,train,87.3045689,1,-0.08224297685232866,,0,0.0,,0,0.0,,0,0.0,,0,0.0
1558867907,render/train/1558867907.png,train,,0,0.0,0.3458372,1,-0.7219073581707389,,0,0.0,,0,0.0,,0,0.0
1558987909,render/train/1558987909.png,train,,0,0.0,,0,0.0,0.359,1,1.1466202055617856,0.932585043,1,-0.36185540534605576,19.09375808,1,0.5802083305008603
1559096063,render/train/1559096063.png,train,279.4452403,1,1.6452014549137217,,0,0.0,,0,0.0,,0,0.0,,0,0.0
1559539391,render/train/1559539391.png,train,,0,0.0,0.31331253,1,-1.8203879764449307,,0,0.0,,0,0.0,,0,0.0
1559560345,render/train/1559560345.png,train,,0,0.0,,0,0.0,0.1325,1,-1.383036259233456,1.111949892,1,0.8650813693452778,14.37849945,1,-0.4429261606980854
1560086845,render/train/1560086845.png,train,,0,0.0,0.36777777,1,0.019108335420868674,,0,0.0,,0,0.0,,0,0.0
1560341376,render/train/1560341376.png,train,,0,0.0,0.34608851,1,-0.7134196728482286,,0,0.0,,0,0.0,,0,0.0
1560496789,render/train/1560496789.png,train,,0,0.0,0.38230718,1,0.5098212398088066,,0,0.0,,0,0.0,,0,0.0
1560564433,render/train/1560564433.png,train,,0,0.0,0.3710363,1,0.12916116759610607,,0,0.0,,0,0.0,,0,0.0
1560692719,render/train/1560692719.png,train,,0,0.0,0.34895116,1,-0.6167371994548759,,0,0.0,,0,0.0,,0,0.0
1561264127,render/train/1561264127.png,train,,0,0.0,0.42288522,1,1.8802944980326353,,0,0.0,,0,0.0,,0,0.0
1561282165,render/train/1561282165.png,train,314.5599695,1,1.9609011086493582,,0,0.0,,0,0.0,,0,0.0,,0,0.0
1561451639,render/train/1561451639.png,train,,0,0.0,0.34980398,1,-0.5879342556932134,,0,0.0,,0,0.0,,0,0.0
1561539918,render/train/1561539918.png,train,,0,0.0,0.38901226,1,0.7362770477840413,,0,0.0,,0,0.0,,0,0.0
1561870991,render/train/1561870991.png,train,,0,0.0,0.35190962,1,-0.5168188614689884,,0,0.0,,0,0.0,,0,0.0
1561932824,render/train/1561932824.png,train,,0,0.0,,0,0.0,,0,0.0,1.13916765,1,1.0512631569197732,20.45790421,1,0.8762058708602867
1561944332,render/train/1561944332.png,train,,0,0.0,0.39323,1,0.8787260147657144,,0,0.0,,0,0.0,,0,0.0
1562058837,render/train/1562058837.png,train,,0,0.0,,0,0.0,0.36525,1,1.2164230881444362,0.892099579,1,-0.6387943089215388,14.38765864,1,-0.440938765321547
1562112815,render/train/1562112815.png,train,36.19808899,1,-0.5417167754210008,,0,0.0,,0,0.0,,0,0.0,,0,0.0
1562477562,render/train/1562477562.png,train,45.45691415,1,-0.4584751282944497,,0,0.0,,0,0.0,,0,0.0,,0,0.0
1562707517,render/train/1562707517.png,train,,0,0.0,,0,0.0,0.374,1,1.3141471237601463,,0,0.0,,0,0.0
1562741783,render/train/1562741783.png,train,,0,0.0,0.36143785,1,-0.19501464388711218,,0,0.0,,0,0.0,,0,0.0
1562941493,render/train/1562941493.png,train,,0,0.0,0.36238059,1,-0.16317476301908776,,0,0.0,,0,0.0,,0,0.0
1563279330,render/train/1563279330.png,train,129.2206103,1,0.2946040060926119,,0,0.0,,0,0.0,,0,0.0,,0,0.0
1563303704,render/train/1563303704.png,train,,0,0.0,0.37838795,1,0.37745407994034935,,0,0.0,,0,0.0,,0,0.0
1563844313,render/train/1563844313.png,train,,0,0.0,0.323520965,1,-1.4756106738493346,,0,0.0,,0,0.0,,0,0.0
1564078436,render/train/1564078436.png,train,,0,0.0,0.36727722,1,0.002202876473025898,,0,0.0,,0,0.0,,0,0.0
1564080444,render/train/1564080444.png,train,,0,0.0,0.43300062,1,2.2219296582384342,,0,0.0,,0,0.0,,0,0.0
1564406631,render/train/1564406631.png,train,,0,0.0,0.36611669,1,-0.03699259305597282,,0,0.0,,0,0.0,,0,0.0
1564555962,render/train/1564555962.png,train,,0,0.0,0.35645109,1,-0.3634363129766058,,0,0.0,,0,0.0,,0,0.0
1564587390,render/train/1564587390.png,train,172.5717242,1,0.6843530361743858,,0,0.0,,0,0.0,,0,0.0,,0,0.0
1565016562,render/train/1565016562.png,train,,0,0.0,0.35145021,1,-0.5323348676526434,,0,0.0,,0,0.0,,0,0.0
1565300761,render/train/1565300761.png,train,,0,0.0,0.3709865,1,0.12747923401184397,,0,0.0,,0,0.0,,0,0.0
1565790126,render/train/1565790126.png,train,,0,0.0,0.35226204,1,-0.5049163105901566,,0,0.0,,0,0.0,,0,0.0
1566134688,render/train/1566134688.png,train,,0,0.0,0.40798893,1,1.3771906740986302,,0,0.0,,0,0.0,,0,0.0
1566591359,render/train/1566591359.png,train,,0,0.0,,0,0.0,0.31,1,0.5993656061138085,0.891002299,1,-0.6463002009156457,16.02209513,1,-0.08629260955105415
1567869573,render/train/1567869573.png,train,-30.93658282,1,-1.145292344047986,,0,0.0,,0,0.0,,0,0.0,,0,0.0
1567960062,render/train/1567960062.png,train,,0,0.0,0.32527333,1,-1.4164267070745113,,0,0.0,,0,0.0,,0,0.0
1568651103,render/train/1568651103.png,train,,0,0.0,0.40394942,1,1.2407612055652122,0.2825,1,0.29223292275014756,0.864032282,1,-0.8307873278852698,11.38875554,1,-1.091652000403085
1568726838,render/train/1568726838.png,train,78.11959859,1,-0.16482063051793364,,0,0.0,,0,0.0,,0,0.0,,0,0.0
1569031119,render/train/1569031119.png,train,,0,0.0,0.39090744,1,0.8002844150575872,,0,0.0,,0,0.0,,0,0.0
1569186084,render/train/1569186084.png,train,,0,0.0,0.34603241,1,-0.7153143811630304,,0,0.0,,0,0.0,,0,0.0
1569573588,render/train/1569573588.png,train,,0,0.0,0.33104417,1,-1.221523702949906,,0,0.0,,0,0.0,,0,0.0
1569767963,render/train/1569767963.png,train,,0,0.0,,0,0.0,0.226,1,-0.3387851357970096,,0,0.0,,0,0.0
1570146193,render/train/1570146193.png,train,,0,0.0,0.30702692,1,-2.0326767024805963,,0,0.0,,0,0.0,,0,0.0
1570200324,render/train/1570200324.png,train,61.85443636,1,-0.3110528869228884,,0,0.0,,0,0.0,,0,0.0,,0,0.0
1570351096,render/train/1570351096.png,train,,0,0.0,0.36030129,1,-0.23340055622705977,,0,0.0,,0,0.0,,0,0.0
1570401711,render/train/1570401711.png,train,,0,0.0,0.38272585,1,0.5239613027349732,,0,0.0,,0,0.0,,0,0.0
1570549360,render/train/1570549360.png,train,,0,0.0,0.32198673,1,-1.5274275688824863,,0,0.0,,0,0.0,,0,0.0
1570654852,render/train/1570654852.png,train,127.0156605,1,0.27478036216246127,,0,0.0,0.176,1,-0.897208196458211,0.987197772,1,0.011720386956213665,16.39022868,1,-0.006413612039413704
1570972826,render/train/1570972826.png,train,,0,0.0,0.34948491,1,-0.5987104514508578,,0,0.0,,0,0.0,,0,0.0
1571736697,render/train/1571736697.png,train,,0,0.0,0.36035574,1,-0.23156157462739985,,0,0.0,,0,0.0,,0,0.0
1571763607,render/train/1571763607.png,train,,0,0.0,0.35761142,1,-0.3242475982009577,,0,0.0,,0,0.0,,0,0.0
1572134392,render/train/1572134392.png,train,,0,0.0,0.34990398,1,-0.5845568790179879,,0,0.0,,0,0.0,,0,0.0
1572433772,render/train/1572433772.png,train,,0,0.0,0.37206034,1,0.16374685570108935,,0,0.0,,0,0.0,,0,0.0
1572814745,render/train/1572814745.png,train,,0,0.0,0.36912749,1,0.06469346388172743,,0,0.0,,0,0.0,,0,0.0
1573303082,render/train/1573303082.png,train,,0,0.0,0.3950591,1,0.9405016115322702,,0,0.0,,0,0.0,,0,0.0
1573438487,render/train/1573438487.png,train,,0,0.0,,0,0.0,0.302,1,0.5100179164080162,0.90650602,1,-0.5402477299576696,20.12266872,1,0.8034652177154606
1573472944,render/train/1573472944.png,train,,0,0.0,0.34154769,1,-0.8667802683922206,,0,0.0,,0,0.0,,0,0.0
1573776034,render/train/1573776034.png,train,,0,0.0,0.38087651,1,0.4615021249293516,,0,0.0,,0,0.0,,0,0.0
1573828532,render/train/1573828532.png,train,,0,0.0,0.33698788,1,-1.020782227766838,,0,0.0,,0,0.0,,0,0.0
1573986676,render/train/1573986676.png,train,,0,0.0,0.39092299,1,0.8008095971305859,,0,0.0,,0,0.0,,0,0.0
1574150308,render/train/1574150308.png,train,,0,0.0,0.34482566,1,-0.7560708741913199,,0,0.0,,0,0.0,,0,0.0
1574744073,render/train/1574744073.png,train,,0,0.0,0.38253331,1,0.5174585016844945,,0,0.0,,0,0.0,,0,0.0
1574797277,render/train/1574797277.png,train,,0,0.0,0.39447334,1,0.9207182899194674,,0,0.0,,0,0.0,,0,0.0
1575153085,render/train/1575153085.png,train,,0,0.0,0.35264877,1,-0.4918549817740555,,0,0.0,,0,0.0,,0,0.0
1575277153,render/train/1575277153.png,train,,0,0.0,,0,0.0,0.2405,1,-0.17684244820526135,0.89263762,1,-0.6351138648831883,11.17976548,1,-1.1369994469552873
1575557277,render/train/1575557277.png,train,,0,0.0,0.36732307,1,0.0037514036786155617,,0,0.0,,0,0.0,,0,0.0
1575613666,render/train/1575613666.png,train,,0,0.0,0.36216369,1,-0.17050029302765338,,0,0.0,,0,0.0,,0,0.0
1576291879,render/train/1576291879.png,train,,0,0.0,0.36609452,1,-0.037741357464871866,,0,0.0,,0,0.0,,0,0.0
1576399281,render/train/1576399281.png,train,,0,0.0,,0,0.0,,0,0.0,0.971892426,1,-0.09297510918737524,13.10146733,1,-0.7200213766482888
1576797553,render/train/1576797553.png,train,,0,0.0,0.38267439,1,0.5222233046979018,,0,0.0,,0,0.0,,0,0.0
1577222221,render/train/1577222221.png,train,,0,0.0,0.38902251,1,0.7366232288932517,,0,0.0,,0,0.0,,0,0.0
1577413316,render/train/1577413316.png,train,,0,0.0,0.39801974,1,1.0404935763296783,,0,0.0,,0,0.0,,0,0.0
1577441045,render/train/1577441045.png,train,,0,0.0,0.36870383,1,0.05038486985946571,,0,0.0,,0,0.0,,0,0.0
1577638731,render/train/1577638731.png,train,,0,0.0,0.44419731,1,2.6000840546957837,,0,0.0,,0,0.0,,0,0.0
1578441092,render/train/1578441092.png,train,,0,0.0,0.36226249,1,-0.16716344487252985,,0,0.0,,0,0.0,,0,0.0
1578457961,render/train/1578457961.png,train,,0,0.0,0.34384925,1,-0.7890479177858924,,0,0.0,,0,0.0,,0,0.0
1578702981,render/train/1578702981.png,train,,0,0.0,0.32146163,1,-1.5451621738040975,,0,0.0,,0,0.0,,0,0.0
1578799819,render/train/1578799819.png,train,,0,0.0,0.3577192,1,-0.32060746162039916,,0,0.0,,0,0.0,,0,0.0
1579112957,render/train/1579112957.png,train,,0,0.0,0.36073378,1,-0.21879373984437508,,0,0.0,,0,0.0,,0,0.0
1579365390,render/train/1579365390.png,train,,0,0.0,0.38301295,1,0.5336577511695481,,0,0.0,,0,0.0,,0,0.0
1579852324,render/train/1579852324.png,train,,0,0.0,0.37929546,1,0.40810411100569177,,0,0.0,,0,0.0,,0,0.0
1579941096,render/train/1579941096.png,train,,0,0.0,0.35157885,1,-0.5279902102976324,,0,0.0,,0,0.0,,0,0.0
1580080124,render/train/1580080124.png,train,,0,0.0,0.37983776,1,0.4264196247154435,,0,0.0,,0,0.0,,0,0.0
1580221416,render/train/1580221416.png,train,,0,0.0,0.38516135,1,0.6062173116601007,,0,0.0,,0,0.0,,0,0.0
1580258863,render/train/1580258863.png,train,,0,0.0,0.42588217,1,1.9815127883008175,,0,0.0,,0,0.0,,0,0.0
1580474538,render/train/1580474538.png,train,,0,0.0,0.35041515,1,-0.5672927426672356,,0,0.0,,0,0.0,,0,0.0
1580553227,render/train/1580553227.png,train,,0,0.0,0.38498267,1,0.6001826150168076,,0,0.0,,0,0.0,,0,0.0
1580795142,render/train/1580795142.png,train,,0,0.0,0.38169655,1,0.48919796461687465,,0,0.0,,0,0.0,,0,0.0
1580898665,render/train/1580898665.png,train,271.2577887,1,1.571592012551931,,0,0.0,,0,0.0,,0,0.0,,0,0.0
1580966726,render/train/1580966726.png,train,,0,0.0,0.34552239,1,-0.7325396776820174,,0,0.0,,0,0.0,,0,0.0
1581168714,render/train/1581168714.png,train,,0,0.0,0.34341892,1,-0.8035817828323912,,0,0.0,,0,0.0,,0,0.0
1581284687,render/train/1581284687.png,train,,0,0.0,0.35420303,1,-0.43936176706169056,,0,0.0,,0,0.0,,0,0.0
1581446027,render/train/1581446027.png,train,,0,0.0,0.40857787,1,1.3970813962897048,0.339,1,0.9232509812973055,0.805359167,1,-1.232137998769473,11.32200697,1,-1.1061353553076718
1581749502,render/train/1581749502.png,train,252.5865186,1,1.4037275966881018,,0,0.0,,0,0.0,,0,0.0,,0,0.0
1582367381,render/train/1582367381.png,train,,0,0.0,0.34921256,1,-0.6079087368258347,,0,0.0,,0,0.0,,0,0.0
1582377269,render/train/1582377269.png,train,,0,0.0,,0,0.0,0.524,1,2.98941630574375,0.956645411,1,-0.19727159488157292,21.10266717,1,1.0161089546119255
1582774157,render/train/1582774157.png,train,,0,0.0,0.36164862,1,-0.18789614706873956,,0,0.0,,0,0.0,,0,0.0
1583167273,render/train/1583167273.png,train,151.7193386,1,0.4968792591166951,,0,0.0,,0,0.0,,0,0.0,,0,0.0
1583422885,render/train/1583422885.png,train,,0,0.0,0.38019139,1,0.43836304185204455,,0,0.0,,0,0.0,,0,0.0
1583607044,render/train/1583607044.png,train,,0,0.0,0.33347035,1,-1.1395824655309106,,0,0.0,,0,0.0,,0,0.0
1583883601,render/train/1583883601.png,train,,0,0.0,0.35514854,1,-0.407428332859761,,0,0.0,,0,0.0,,0,0.0
1583954692,render/train/1583954692.png,train,68.35869686,1,-0.25257620678216913,,0,0.0,,0,0.0,,0,0.0,,0,0.0
1584418791,render/train/1584418791.png,train,,0,0.0,0.42325418,1,1.892755667013548,,0,0.0,,0,0.0,,0,0.0
1584609339,render/train/1584609339.png,train,,0,0.0,0.41683838,1,1.6760699342844065,,0,0.0,,0,0.0,,0,0.0
1584656772,render/train/1584656772.png,train,,0,0.0,0.35923565,1,-0.2693912330289362,,0,0.0,,0,0.0,,0,0.0
1584683487,render/train/1584683487.png,train,,0,0.0,0.3605339,1,-0.22554444034281612,,0,0.0,,0,0.0,,0,0.0
1584732566,render/train/1584732566.png,train,,0,0.0,,0,0.0,0.1639999999999999,1,-1.0312297310169005,1.079099726,1,0.6403713609750484,12.73790543,1,-0.7989084004075396
1586829326,render/train/1586829326.png,train,,0,0.0,0.35733919,1,-0.33344183072392647,,0,0.0,,0,0.0,,0,0.0
1587202589,render/train/1587202589.png,train,,0,0.0,0.36705724,1,-0.00522667673713629,,0,0.0,,0,0.0,,0,0.0
1587391923,render/train/1587391923.png,train,,0,0.0,0.34562786,1,-0.7289775585026569,,0,0.0,,0,0.0,,0,0.0
1587431956,render/train/1587431956.png,train,,0,0.0,0.35154023,1,-0.5292945531696042,,0,0.0,,0,0.0,,0,0.0
1587454382,render/train/1587454382.png,train,,0,0.0,0.36177897,1,-0.18349373657258256,,0,0.0,,0,0.0,,0,0.0
1587941896,render/train/1587941896.png,train,,0,0.0,0.34975469,1,-0.5895989646564335,,0,0.0,,0,0.0,,0,0.0
1588269269,render/train/1588269269.png,train,,0,0.0,0.32340891,1,-1.479395193282759,,0,0.0,,0,0.0,,0,0.0
1588320432,render/train/1588320432.png,train,,0,0.0,0.34069727,1,-0.8955021551136771,,0,0.0,,0,0.0,,0,0.0
1588395205,render/train/1588395205.png,train,,0,0.0,0.3645119,1,-0.09119239620233105,,0,0.0,,0,0.0,,0,0.0
1588401171,render/train/1588401171.png,train,,0,0.0,0.35794575,1,-0.3129560147626752,,0,0.0,,0,0.0,,0,0.0
1588466256,render/train/1588466256.png,train,,0,0.0,0.4044765,1,1.2585626825449934,0.2013333333333333,1,-0.6142738457232025,,0,0.0,,0,0.0
1588472676,render/train/1588472676.png,train,,0,0.0,0.34759081,1,-0.6626813430563115,,0,0.0,,0,0.0,,0,0.0
1588623527,render/train/1588623527.png,train,,0,0.0,0.36462438,1,-0.0873935229180361,,0,0.0,,0,0.0,,0,0.0
1588749798,render/train/1588749798.png,train,,0,0.0,0.3369446,1,-1.0222439563918768,,0,0.0,,0,0.0,,0,0.0
1589240697,render/train/1589240697.png,train,,0,0.0,0.37459903,1,0.24948797961738167,,0,0.0,,0,0.0,,0,0.0
1589532910,render/train/1589532910.png,train,,0,0.0,0.35233888,1,-0.5023211343529123,,0,0.0,,0,0.0,,0,0.0
1589608719,render/train/1589608719.png,train,,0,0.0,,0,0.0,0.403,1,1.6380324989436432,0.80443165,1,-1.2384826349832905,14.47745133,1,-0.42145521088573573
1589952649,render/train/1589952649.png,train,,0,0.0,0.31441962,1,-1.7829973770111713,,0,0.0,,0,0.0,,0,0.0
1590006077,render/train/1590006077.png,train,,0,0.0,0.49804119,1,4.418594698852399,,0,0.0,,0,0.0,,0,0.0
1590491705,render/train/1590491705.png,train,,0,0.0,0.39872119,1,1.06418418501805,,0,0.0,,0,0.0,,0,0.0
1591097153,render/train/1591097153.png,train,,0,0.0,0.32569334,1,-1.402241387300896,,0,0.0,,0,0.0,,0,0.0
1591202562,render/train/1591202562.png,train,,0,0.0,0.33598554,1,-1.0546350251332968,,0,0.0,,0,0.0,,0,0.0
1591469994,render/train/1591469994.png,train,,0,0.0,,0,0.0,0.2083333333333333,1,-0.5360946172306346,0.765836941,1,-1.5024879183184363,11.25375484,1,-1.1209449582966802
1591544351,render/train/1591544351.png,train,,0,0.0,0.39805364,1,1.041638507022579,,0,0.0,,0,0.0,,0,0.0
1591651244,render/train/1591651244.png,train,,0,0.0,,0,0.0,,0,0.0,0.880692229,1,-0.7168257476053538,25.78669657,1,2.0324672104325403
1591681848,render/train/1591681848.png,train,,0,0.0,0.36149058,1,-0.19323375316626554,,0,0.0,,0,0.0,,0,0.0
1591697879,render/train/1591697879.png,train,,0,0.0,0.35362805,1,-0.45878100746890255,,0,0.0,,0,0.0,,0,0.0
1592713963,render/train/1592713963.png,train,,0,0.0,0.34916517,1,-0.6095092756322236,,0,0.0,,0,0.0,,0,0.0
1592724652,render/train/1592724652.png,train,,0,0.0,0.39498446,1,0.937980737581881,,0,0.0,,0,0.0,,0,0.0
1593705376,render/train/1593705376.png,train,,0,0.0,0.34331689,1,-0.8070277202541253,,0,0.0,,0,0.0,,0,0.0
1594377223,render/train/1594377223.png,train,,0,0.0,0.34520274,1,-0.7433354622243772,,0,0.0,,0,0.0,,0,0.0
1594695636,render/train/1594695636.png,train,,0,0.0,0.34122405,1,-0.8777108102639222,,0,0.0,,0,0.0,,0,0.0
1594797785,render/train/1594797785.png,train,,0,0.0,0.37806344,1,0.36649415489157383,,0,0.0,,0,0.0,,0,0.0
1594981326,render/train/1594981326.png,train,,0,0.0,0.33657991,1,-1.0345609113887582,,0,0.0,,0,0.0,,0,0.0
1595107250,render/train/1595107250.png,train,,0,0.0,0.36354043,1,-0.12400259738914708,,0,0.0,,0,0.0,,0,0.0
1595192960,render/train/1595192960.png,train,,0,0.0,0.33616908,1,-1.0484361879835877,,0,0.0,,0,0.0,,0,0.0
1595605865,render/train/1595605865.png,train,,0,0.0,0.356021,1,-0.37796207231908646,0.1669999999999999,1,-0.9977243473772283,1.101556822,1,0.7939880650772764,13.40000836,1,-0.6552428249718862
1595837642,render/train/1595837642.png,train,,0,0.0,0.36286788,1,-0.14671714421838045,,0,0.0,,0,0.0,,0,0.0
1596320590,render/train/1596320590.png,train,,0,0.0,0.35696126,1,-0.34620595039260665,,0,0.0,,0,0.0,,0,0.0
1596743017,render/train/1596743017.png,train,,0,0.0,0.42573737,1,1.9766223468750903,,0,0.0,,0,0.0,,0,0.0
1597060488,render/train/1597060488.png,train,,0,0.0,0.35136953,1,-0.5350597351542156,,0,0.0,,0,0.0,,0,0.0
1597874068,render/train/1597874068.png,train,,0,0.0,0.37756242,1,0.34957282227335834,,0,0.0,,0,0.0,,0,0.0
1598034786,render/train/1598034786.png,train,,0,0.0,0.38414122,1,0.5717636789831188,,0,0.0,,0,0.0,,0,0.0
1598043126,render/train/1598043126.png,train,,0,0.0,0.36393077,1,-0.11081934527507073,0.1655,1,-1.0144770391970632,1.056556928,1,0.4861684163911954,12.67707231,1,-0.8121081987989258
1598367606,render/train/1598367606.png,train,,0,0.0,0.3443961399999999,1,-0.7705773824867526,,0,0.0,,0,0.0,,0,0.0
1598423326,render/train/1598423326.png,train,,0,0.0,0.35997482,1,-0.2444266778586705,,0,0.0,,0,0.0,,0,0.0
1598641133,render/train/1598641133.png,train,,0,0.0,0.38259605,1,0.5195774678105314,,0,0.0,,0,0.0,,0,0.0
1599410150,render/train/1599410150.png,train,,0,0.0,0.40414822,1,1.2474754303955613,,0,0.0,,0,0.0,,0,0.0
1599847368,render/train/1599847368.png,train,,0,0.0,0.34293502,1,-0.8199249085638105,,0,0.0,,0,0.0,,0,0.0
1599967213,render/train/1599967213.png,train,,0,0.0,,0,0.0,0.429,1,1.9284124904874675,0.757428031,1,-1.560008669856937,34.48730282,1,3.92035736603915
1600032316,render/train/1600032316.png,train,,0,0.0,0.36374877,1,-0.11696617082398236,,0,0.0,,0,0.0,,0,0.0
1600783315,render/train/1600783315.png,train,,0,0.0,0.37235553,1,0.17371653390868866,,0,0.0,,0,0.0,,0,0.0
1601240060,render/train/1601240060.png,train,232.2309602,1,1.220720554205327,,0,0.0,,0,0.0,,0,0.0,,0,0.0
1601398939,render/train/1601398939.png,train,-33.13797704,1,-1.1650840214672051,,0,0.0,,0,0.0,,0,0.0,,0,0.0
1601741460,render/train/1601741460.png,train,,0,0.0,0.37738334,1,0.34352461612336394,,0,0.0,,0,0.0,,0,0.0
1601815856,render/train/1601815856.png,train,,0,0.0,0.33442051,1,-1.1074919833135852,,0,0.0,,0,0.0,,0,0.0
1601908846,render/train/1601908846.png,train,,0,0.0,0.36289708,1,-0.14573095022921426,,0,0.0,,0,0.0,,0,0.0
1602086005,render/train/1602086005.png,train,,0,0.0,0.40185046,1,1.1698714201028917,,0,0.0,,0,0.0,,0,0.0
1602099447,render/train/1602099447.png,train,,0,0.0,0.34537263,1,-0.7375976369908357,,0,0.0,,0,0.0,,0,0.0
1602838431,render/train/1602838431.png,train,,0,0.0,0.3845381,1,0.5851678115317548,,0,0.0,,0,0.0,,0,0.0
1602898253,render/train/1602898253.png,train,,0,0.0,0.33606974,1,-1.0517912739727573,,0,0.0,,0,0.0,,0,0.0
1603135089,render/train/1603135089.png,train,,0,0.0,,0,0.0,0.332,1,0.8450717528047373,,0,0.0,,0,0.0
1603270914,render/train/1603270914.png,train,,0,0.0,0.34654736,1,-0.6979225799739542,,0,0.0,,0,0.0,,0,0.0
1603750308,render/train/1603750308.png,train,,0,0.0,0.34223337,1,-0.8436222720055329,,0,0.0,,0,0.0,,0,0.0
1604219408,render/train/1604219408.png,train,,0,0.0,0.34269282,1,-0.8281049148712066,,0,0.0,,0,0.0,,0,0.0
1604312905,render/train/1604312905.png,train,,0,0.0,0.36139134,1,-0.1965854617787597,,0,0.0,,0,0.0,,0,0.0
1605023913,render/train/1605023913.png,train,,0,0.0,0.37252491,1,0.17943713452118615,,0,0.0,,0,0.0,,0,0.0
1605095414,render/train/1605095414.png,train,,0,0.0,0.333167,1,-1.1498277376752095,,0,0.0,,0,0.0,,0,0.0
1606219609,render/train/1606219609.png,train,,0,0.0,0.37415859,1,0.23461266178901727,,0,0.0,,0,0.0,,0,0.0
1606350633,render/train/1606350633.png,train,,0,0.0,0.35373615,1,-0.4551300632829834,,0,0.0,,0,0.0,,0,0.0
1606377766,render/train/1606377766.png,train,,0,0.0,0.35003033,1,-0.5802895635888401,,0,0.0,,0,0.0,,0,0.0
1606526460,render/train/1606526460.png,train,,0,0.0,0.42173166,1,1.8413344316578997,,0,0.0,,0,0.0,,0,0.0
1606960640,render/train/1606960640.png,train,,0,0.0,0.37641025,1,0.310659701434408,,0,0.0,,0,0.0,,0,0.0
1607403554,render/train/1607403554.png,train,,0,0.0,0.34308602,1,-0.8148250697842191,,0,0.0,,0,0.0,,0,0.0
1607507482,render/train/1607507482.png,train,,0,0.0,0.33713195,1,-1.0159164411908401,,0,0.0,,0,0.0,,0,0.0
1607608174,render/train/1607608174.png,train,,0,0.0,0.33740451,1,-1.0067110633248453,,0,0.0,,0,0.0,,0,0.0
1607796915,render/train/1607796915.png,train,,0,0.0,,0,0.0,0.2096666666666666,1,-0.5212033356130027,,0,0.0,,0,0.0
1607934568,render/train/1607934568.png,train,,0,0.0,0.31780305,1,-1.6687262013685773,0.086,1,-1.9023697056483733,,0,0.0,,0,0.0
1608160782,render/train/1608160782.png,train,,0,0.0,,0,0.0,0.3065,1,0.5602759918675244,0.860743742,1,-0.853282430373514,12.94376545,1,-0.7542401216665057
1608321923,render/train/1608321923.png,train,,0,0.0,0.40571007,1,1.300224987997576,0.1806666666666666,1,-0.8450887107964997,,0,0.0,,0,0.0
1608343989,render/train/1608343989.png,train,,0,0.0,0.39787287,1,1.0355332232067733,0.2005,1,-0.6235808967342221,1.049744475,1,0.43956815352945544,12.27513461,1,-0.8993221474817734
1608850279,render/train/1608850279.png,train,,0,0.0,0.37377889,1,0.22178876255318328,,0,0.0,,0,0.0,,0,0.0
1609267020,render/train/1609267020.png,train,,0,0.0,0.33019089,1,-1.2503421826442738,,0,0.0,,0,0.0,,0,0.0
1609304413,render/train/1609304413.png,train,,0,0.0,0.36933528,1,0.07171131487517882,,0,0.0,,0,0.0,,0,0.0
1609366983,render/train/1609366983.png,train,,0,0.0,0.39371357,1,0.8950579951541039,,0,0.0,,0,0.0,,0,0.0
1609819225,render/train/1609819225.png,train,,0,0.0,0.36799842,1,0.026560517054754214,,0,0.0,,0,0.0,,0,0.0
1609876819,render/train/1609876819.png,train,,0,0.0,0.35936946,1,-0.2648719652998179,,0,0.0,,0,0.0,,0,0.0
1609935858,render/train/1609935858.png,train,,0,0.0,0.36665477,1,-0.018819604641917505,,0,0.0,,0,0.0,,0,0.0
1610540990,render/train/1610540990.png,train,,0,0.0,0.37152028,1,0.14550699522886412,,0,0.0,,0,0.0,,0,0.0
1610776533,render/train/1610776533.png,train,,0,0.0,0.37286645,1,0.1909722268177536,,0,0.0,,0,0.0,,0,0.0
1611088763,render/train/1611088763.png,train,,0,0.0,0.36780539,1,0.020041166858566266,,0,0.0,,0,0.0,,0,0.0
1611331043,render/train/1611331043.png,train,,0,0.0,0.35123354,1,-0.5396526296948544,0.329,1,0.8115663691650652,,0,0.0,,0,0.0
1611579500,render/train/1611579500.png,train,,0,0.0,0.41409342,1,1.5833622955001254,0.124,1,-1.4779681795458603,1.223503114,1,1.6281559136062123,13.17144668,1,-0.7048369949897405
1611681441,render/train/1611681441.png,train,46.49641909,1,-0.44912943897572116,,0,0.0,,0,0.0,,0,0.0,,0,0.0
1611694557,render/train/1611694557.png,train,,0,0.0,,0,0.0,0.292,1,0.3983333042757759,0.946344135,1,-0.2677369866297923,19.57740116,1,0.6851510187829856
1612093023,render/train/1612093023.png,train,,0,0.0,0.38174779,1,0.4909285324252588,,0,0.0,,0,0.0,,0,0.0
1612493686,render/train/1612493686.png,train,112.6054346,1,0.14522494679897607,,0,0.0,,0,0.0,,0,0.0,,0,0.0
1612521768,render/train/1612521768.png,train,,0,0.0,0.40991145,1,1.4421214161551823,,0,0.0,,0,0.0,,0,0.0
1612716794,render/train/1612716794.png,train,,0,0.0,0.3239493,1,-1.4611441874675057,,0,0.0,,0,0.0,,0,0.0
1613645225,render/train/1613645225.png,train,,0,0.0,0.34955799,1,-0.5962422645766026,,0,0.0,,0,0.0,,0,0.0
1613665911,render/train/1613665911.png,train,,0,0.0,0.32538533,1,-1.4126440451982603,,0,0.0,,0,0.0,,0,0.0
1613802032,render/train/1613802032.png,train,,0,0.0,0.3539454,1,-0.4480629025900734,,0,0.0,,0,0.0,,0,0.0
1613873087,render/train/1613873087.png,train,,0,0.0,0.34846813,1,-0.6330509420092193,,0,0.0,,0,0.0,,0,0.0
1613930825,render/train/1613930825.png,train,,0,0.0,0.37150042,1,0.14483624822116486,,0,0.0,,0,0.0,,0,0.0
1614031170,render/train/1614031170.png,train,,0,0.0,0.42393246,1,1.915663737526271,,0,0.0,,0,0.0,,0,0.0
1614212128,render/train/1614212128.png,train,,0,0.0,0.40029643,1,1.1173859733568774,,0,0.0,,0,0.0,,0,0.0
1614580924,render/train/1614580924.png,train,,0,0.0,0.36533383,1,-0.06343272409564606,,0,0.0,,0,0.0,,0,0.0
1614865951,render/train/1614865951.png,train,,0,0.0,0.32669712,1,-1.3683399557103135,,0,0.0,,0,0.0,,0,0.0
1615078461,render/train/1615078461.png,train,,0,0.0,0.35660397,1,-0.35827297951552156,,0,0.0,,0,0.0,,0,0.0
1615328669,render/train/1615328669.png,train,,0,0.0,0.35450066,1,-0.4293096808632141,,0,0.0,,0,0.0,,0,0.0
1616202781,render/train/1616202781.png,train,,0,0.0,0.29427699,1,-2.463289864408223,,0,0.0,,0,0.0,,0,0.0
1617425937,render/train/1617425937.png,train,,0,0.0,0.3888656,1,0.7313237871521544,,0,0.0,,0,0.0,,0,0.0
1617530326,render/train/1617530326.png,train,,0,0.0,0.40959126,1,1.4313073937787766,,0,0.0,,0,0.0,,0,0.0
1618024485,render/train/1618024485.png,train,,0,0.0,0.41655745,1,1.666581869990694,,0,0.0,,0,0.0,,0,0.0
1618337987,render/train/1618337987.png,train,,0,0.0,0.38455792,1,0.5858372075887847,,0,0.0,,0,0.0,,0,0.0
1618366828,render/train/1618366828.png,train,,0,0.0,0.41576369,1,1.639773604893422,,0,0.0,,0,0.0,,0,0.0
1618451585,render/train/1618451585.png,train,,0,0.0,0.34006851,1,-0.9167377486968277,,0,0.0,,0,0.0,,0,0.0
1618749599,render/train/1618749599.png,train,,0,0.0,0.37167757,1,0.150819271001328,,0,0.0,,0,0.0,,0,0.0
1618910183,render/train/1618910183.png,train,,0,0.0,0.33550053,1,-1.0710156397458102,,0,0.0,,0,0.0,,0,0.0
1618911351,render/train/1618911351.png,train,,0,0.0,0.36170245,1,-0.18607810520446436,,0,0.0,,0,0.0,,0,0.0
1618992612,render/train/1618992612.png,train,,0,0.0,0.33028108,1,-1.247296126620888,,0,0.0,,0,0.0,,0,0.0
1619024957,render/train/1619024957.png,train,,0,0.0,0.36650758,1,-0.023790765370183133,0.1443333333333333,1,-1.250876134876972,0.795413005,1,-1.300174249979639,12.99416817,1,-0.743303550562188
1619167656,render/train/1619167656.png,train,,0,0.0,0.38096649,1,0.4645410884617195,,0,0.0,,0,0.0,,0,0.0
1619197321,render/train/1619197321.png,train,,0,0.0,0.34367333,1,-0.7949893988329496,,0,0.0,,0,0.0,,0,0.0
1619494019,render/train/1619494019.png,train,,0,0.0,0.37848459,1,0.3807179767592889,,0,0.0,,0,0.0,,0,0.0
1619516534,render/train/1619516534.png,train,,0,0.0,0.34583882,1,-0.7218526446686009,,0,0.0,,0,0.0,,0,0.0
1619538915,render/train/1619538915.png,train,,0,0.0,0.34966936,1,-0.5924808801734035,,0,0.0,,0,0.0,,0,0.0
1619869238,render/train/1619869238.png,train,,0,0.0,,0,0.0,0.3685,1,1.252720587087414,0.912914925,1,-0.4964079181225023,24.40781229,1,1.733271731044801
1620174791,render/train/1620174791.png,train,,0,0.0,0.38989325,1,0.7660313985551148,,0,0.0,,0,0.0,,0,0.0
1620481410,render/train/1620481410.png,train,,0,0.0,0.36623451,1,-0.033013367857222,,0,0.0,,0,0.0,,0,0.0
1620933064,render/train/1620933064.png,train,,0,0.0,,0,0.0,0.403,1,1.6380324989436432,0.868463517,1,-0.8004756742412532,14.07855526,1,-0.5080091752905913
1621708323,render/train/1621708323.png,train,,0,0.0,0.37192791,1,0.15927419577008714,,0,0.0,,0,0.0,,0,0.0
1621972035,render/train/1621972035.png,train,,0,0.0,0.35758203,1,-0.3252402092058072,,0,0.0,,0,0.0,,0,0.0
1622243076,render/train/1622243076.png,train,,0,0.0,0.33607115,1,-1.0517436529616373,,0,0.0,,0,0.0,,0,0.0
1622288666,render/train/1622288666.png,train,,0,0.0,0.37642636,1,0.3112037968167874,,0,0.0,,0,0.0,,0,0.0
1622533278,render/train/1622533278.png,train,,0,0.0,0.36400797,1,-0.10821201048179636,,0,0.0,,0,0.0,,0,0.0
1623779443,render/train/1623779443.png,train,221.6298798,1,1.125411335317669,,0,0.0,,0,0.0,,0,0.0,,0,0.0
1623821086,render/train/1623821086.png,train,129.970858,1,0.3013491225865177,,0,0.0,,0,0.0,,0,0.0,,0,0.0
1623930170,render/train/1623930170.png,train,,0,0.0,0.36693527,1,-0.009346063067910205,,0,0.0,,0,0.0,,0,0.0
1624065789,render/train/1624065789.png,train,,0,0.0,0.36749027,1,0.009398377479594388,,0,0.0,,0,0.0,,0,0.0
1624256779,render/train/1624256779.png,train,,0,0.0,0.35745036,1,-0.3296872010740762,,0,0.0,,0,0.0,,0,0.0
1624258093,render/train/1624258093.png,train,,0,0.0,0.36154579,1,-0.19136910350387426,,0,0.0,,0,0.0,,0,0.0
1624614703,render/train/1624614703.png,train,,0,0.0,0.38844622,1,0.7171597448515932,,0,0.0,,0,0.0,,0,0.0
1624631059,render/train/1624631059.png,train,,0,0.0,0.35532561,1,-0.4014480119809385,,0,0.0,,0,0.0,,0,0.0
1625056718,render/train/1625056718.png,train,,0,0.0,0.3483794,1,-0.6360476883331466,,0,0.0,,0,0.0,,0,0.0
1625717733,render/train/1625717733.png,train,,0,0.0,,0,0.0,0.277,1,0.23080638607741596,,0,0.0,,0,0.0
1626154089,render/train/1626154089.png,train,,0,0.0,0.40218767,1,1.18126027198942,,0,0.0,,0,0.0,,0,0.0
1626255936,render/train/1626255936.png,train,,0,0.0,0.35753446,1,-0.326846827290212,,0,0.0,,0,0.0,,0,0.0
1626278445,render/train/1626278445.png,train,,0,0.0,0.36179754,1,-0.18286655772399327,,0,0.0,,0,0.0,,0,0.0
1626805714,render/train/1626805714.png,train,,0,0.0,0.36211153,1,-0.1722619327014501,,0,0.0,,0,0.0,,0,0.0
1626973373,render/train/1626973373.png,train,,0,0.0,0.35488648,1,-0.4162790861748582,,0,0.0,,0,0.0,,0,0.0
1627008695,render/train/1627008695.png,train,,0,0.0,0.36654455,1,-0.02254214921335128,,0,0.0,,0,0.0,,0,0.0
1627088494,render/train/1627088494.png,train,,0,0.0,0.37192753,1,0.1592613617387224,,0,0.0,,0,0.0,,0,0.0
1628056427,render/train/1628056427.png,train,,0,0.0,0.39990729,1,1.1042432497629049,,0,0.0,,0,0.0,,0,0.0
1628304289,render/train/1628304289.png,train,,0,0.0,,0,0.0,0.1704999999999999,1,-0.9586347331309442,1.042557473,1,0.3904058059304554,13.31406094,1,-0.6738920183103144
1629034930,render/train/1629034930.png,train,,0,0.0,0.36227751,1,-0.16665616289590984,,0,0.0,,0,0.0,,0,0.0
1629642981,render/train/1629642981.png,train,,0,0.0,0.36591214,1,-0.043901017045148226,,0,0.0,,0,0.0,,0,0.0
1629866625,render/train/1629866625.png,train,,0,0.0,0.35336088,1,-0.46780434473210486,,0,0.0,,0,0.0,,0,0.0
1629965547,render/train/1629965547.png,train,,0,0.0,0.35092765,1,-0.5499836872067039,,0,0.0,,0,0.0,,0,0.0
1630109402,render/train/1630109402.png,train,,0,0.0,0.3203758,1,-1.581834742956703,,0,0.0,,0,0.0,,0,0.0
1630196267,render/train/1630196267.png,train,,0,0.0,0.38015472,1,0.4371245578252387,0.4137499999999999,1,1.7580934569858,0.900754814,1,-0.5795885828592626,21.54347658,1,1.1117574326289323
1630481907,render/train/1630481907.png,train,,0,0.0,0.37183855,1,0.15625617197310587,,0,0.0,,0,0.0,,0,0.0
1630836772,render/train/1630836772.png,train,,0,0.0,0.33777593,1,-0.9941668108777209,,0,0.0,,0,0.0,,0,0.0
1630847021,render/train/1630847021.png,train,,0,0.0,0.3719653,1,0.16053699690895498,,0,0.0,,0,0.0,,0,0.0
1631091445,render/train/1631091445.png,train,,0,0.0,0.3836093,1,0.5537987369722566,,0,0.0,,0,0.0,,0,0.0
1631230577,render/train/1631230577.png,train,,0,0.0,0.37324607,1,0.20379342415224508,,0,0.0,,0,0.0,,0,0.0
1631608831,render/train/1631608831.png,train,,0,0.0,0.32622214,1,-1.3843818194423019,,0,0.0,,0,0.0,,0,0.0
1632405014,render/train/1632405014.png,train,,0,0.0,0.37933895,1,0.4095729321217487,,0,0.0,,0,0.0,,0,0.0
1632457388,render/train/1632457388.png,train,,0,0.0,0.35171057,1,-0.5235415297410247,,0,0.0,,0,0.0,,0,0.0
1632465618,render/train/1632465618.png,train,,0,0.0,0.35532952,1,-0.4013159565529373,,0,0.0,,0,0.0,,0,0.0
1632814958,render/train/1632814958.png,train,,0,0.0,0.37582472,1,0.2908841477879579,,0,0.0,,0,0.0,,0,0.0
1632815353,render/train/1632815353.png,train,,0,0.0,0.37651211,1,0.3140998973157934,,0,0.0,,0,0.0,,0,0.0
1633207070,render/train/1633207070.png,train,,0,0.0,0.3832793,1,0.5426533939440112,0.1943333333333333,1,-0.6924530742157708,0.924684677,1,-0.4158974856809884,10.79545525,1,-1.2203885211265169
1633403102,render/train/1633403102.png,train,,0,0.0,0.35111176,1,-0.543765599009945,,0,0.0,,0,0.0,,0,0.0
1633678871,render/train/1633678871.png,train,,0,0.0,0.3524536,1,-0.4984466078310946,,0,0.0,,0,0.0,,0,0.0
1634407816,render/train/1634407816.png,train,,0,0.0,0.39788041,1,1.0357878774080862,,0,0.0,,0,0.0,,0,0.0
1634561399,render/train/1634561399.png,train,,0,0.0,0.3535621049999999,1,-0.4610082185173844,,0,0.0,,0,0.0,,0,0.0
1634574344,render/train/1634574344.png,train,,0,0.0,0.37421023,1,0.23635673910410268,,0,0.0,,0,0.0,,0,0.0
1634828189,render/train/1634828189.png,train,,0,0.0,0.35437904,1,-0.43341724637562534,,0,0.0,,0,0.0,,0,0.0
1634832271,render/train/1634832271.png,train,,0,0.0,0.36514177,1,-0.06991931373808656,,0,0.0,,0,0.0,,0,0.0
1635058755,render/train/1635058755.png,train,,0,0.0,0.43428946,1,2.265458639779416,,0,0.0,,0,0.0,,0,0.0
1635294822,render/train/1635294822.png,train,,0,0.0,0.36662186,1,-0.019931099305734244,,0,0.0,,0,0.0,,0,0.0
1635582225,render/train/1635582225.png,train,,0,0.0,0.41327874,1,1.555847483202395,,0,0.0,,0,0.0,,0,0.0
1635861860,render/train/1635861860.png,train,,0,0.0,0.3765538,1,0.3155079256516945,,0,0.0,,0,0.0,,0,0.0
1636249880,render/train/1636249880.png,train,,0,0.0,0.33811735,1,-0.9826357714331653,,0,0.0,,0,0.0,,0,0.0
1637316087,render/train/1637316087.png,train,,0,0.0,0.41055555,1,1.4638750993203116,,0,0.0,,0,0.0,,0,0.0
1637447040,render/train/1637447040.png,train,,0,0.0,0.37807662,1,0.36693929313736867,,0,0.0,,0,0.0,,0,0.0
1637633691,render/train/1637633691.png,train,,0,0.0,0.37011172,1,0.09793461833230231,,0,0.0,,0,0.0,,0,0.0
1637714713,render/train/1637714713.png,train,,0,0.0,0.35585104,1,-0.38370226171629934,,0,0.0,,0,0.0,,0,0.0
1638121977,render/train/1638121977.png,train,1.131191733,1,-0.8569863951456503,,0,0.0,,0,0.0,,0,0.0,,0,0.0
1638169555,render/train/1638169555.png,train,,0,0.0,0.36263983,1,-0.1544192517262324,,0,0.0,1.084486229,1,0.677217480237163,20.59461102,1,0.9058690268964977
1638182470,render/train/1638182470.png,train,,0,0.0,0.33582892,1,-1.0599246724820373,,0,0.0,,0,0.0,,0,0.0
1638745393,render/train/1638745393.png,train,,0,0.0,0.34796844,1,-0.6499273555176555,0.1689999999999999,1,-0.9753874249507802,0.965285515,1,-0.13816937170986474,13.08823383,1,-0.7228928310798947
1638921879,render/train/1638921879.png,train,,0,0.0,0.3422569,1,-0.8428275752738524,,0,0.0,,0,0.0,,0,0.0
1639290741,render/train/1639290741.png,train,,0,0.0,0.37246219,1,0.1773188438704858,,0,0.0,,0,0.0,,0,0.0
1639497900,render/train/1639497900.png,train,,0,0.0,0.35598861,1,-0.37905600462419187,,0,0.0,,0,0.0,,0,0.0
1639513148,render/train/1639513148.png,train,,0,0.0,0.34938746,1,-0.6020017050208654,,0,0.0,,0,0.0,,0,0.0
1639677802,render/train/1639677802.png,train,,0,0.0,0.33761653,1,-0.9995503492980301,,0,0.0,,0,0.0,,0,0.0
1639769736,render/train/1639769736.png,train,,0,0.0,0.3710755,1,0.1304850992527952,,0,0.0,,0,0.0,,0,0.0
1639915624,render/train/1639915624.png,train,,0,0.0,,0,0.0,0.2486666666666666,1,-0.08563334829726589,0.8411584645000001,1,-0.9872545957183786,19.29341066,1,0.6235296956440604
1640063479,render/train/1640063479.png,train,,0,0.0,0.34735821,1,-0.670537121202886,,0,0.0,,0,0.0,,0,0.0
1640191566,render/train/1640191566.png,train,88.77435741,1,-0.06902881475445855,,0,0.0,,0,0.0,,0,0.0,,0,0.0
1640510001,render/train/1640510001.png,train,,0,0.0,0.35958208,1,-0.25769098701295085,,0,0.0,,0,0.0,,0,0.0
1640870840,render/train/1640870840.png,train,,0,0.0,0.34960498,1,-0.5946552352769131,0.334,1,0.8674086752311854,,0,0.0,,0,0.0
1640890711,render/train/1640890711.png,train,,0,0.0,0.37216457,1,0.1672670954096767,,0,0.0,,0,0.0,,0,0.0
1640897195,render/train/1640897195.png,train,,0,0.0,0.37114282,1,0.13275874923055664,,0,0.0,,0,0.0,,0,0.0
1640937510,render/train/1640937510.png,train,49.50827798,1,-0.42205126322622405,,0,0.0,,0,0.0,,0,0.0,,0,0.0
1641068572,render/train/1641068572.png,train,,0,0.0,0.38222364,1,0.5069997793343212,,0,0.0,,0,0.0,,0,0.0
1641679741,render/train/1641679741.png,train,,0,0.0,0.34914542,1,-0.610176307525582,,0,0.0,,0,0.0,,0,0.0
1641687238,render/train/1641687238.png,train,47.31586772,1,-0.4417621701788671,,0,0.0,,0,0.0,,0,0.0,,0,0.0
1642318561,render/train/1642318561.png,train,,0,0.0,0.3756884,1,0.28628010790428915,,0,0.0,,0,0.0,,0,0.0
1642394880,render/train/1642394880.png,train,,0,0.0,0.35213618,1,-0.5091670768735952,,0,0.0,,0,0.0,,0,0.0
1642545320,render/train/1642545320.png,train,,0,0.0,0.38724478,1,0.6765825905247593,,0,0.0,,0,0.0,,0,0.0
1643898977,render/train/1643898977.png,train,,0,0.0,0.36251078,1,-0.15877775632561203,,0,0.0,,0,0.0,,0,0.0
1644429324,render/train/1644429324.png,train,,0,0.0,0.38771383,1,0.6924241758199053,,0,0.0,,0,0.0,,0,0.0
1645271820,render/train/1645271820.png,train,,0,0.0,,0,0.0,0.3555,1,1.1075305913155016,0.934642528,1,-0.34778127641862117,21.38435354,1,1.0772303189871446
1645416728,render/train/1645416728.png,train,,0,0.0,0.77709707,1,13.84336290081873,,0,0.0,,0,0.0,,0,0.0
1645801286,render/train/1645801286.png,train,47.38250675,1,-0.44116305068754325,,0,0.0,,0,0.0,,0,0.0,,0,0.0
1646057229,render/train/1646057229.png,train,,0,0.0,0.37024472,1,0.10242652931035441,,0,0.0,,0,0.0,,0,0.0
1646177027,render/train/1646177027.png,train,,0,0.0,0.37532001,1,0.27383818997042464,,0,0.0,,0,0.0,,0,0.0
1646241575,render/train/1646241575.png,train,,0,0.0,0.34110244,1,-0.8818180380386641,,0,0.0,,0,0.0,,0,0.0
1646656305,render/train/1646656305.png,train,,0,0.0,,0,0.0,0.216,1,-0.45046974792924993,0.772296641,1,-1.458300645685806,12.17429097,1,-0.9212035784695897
1646893921,render/train/1646893921.png,train,,0,0.0,0.35679176,1,-0.35193060385711417,,0,0.0,,0,0.0,,0,0.0
1646933225,render/train/1646933225.png,train,,0,0.0,0.36556523,1,-0.0556174744691736,,0,0.0,,0,0.0,,0,0.0
1646984336,render/train/1646984336.png,train,,0,0.0,0.3811955,1,0.47227561878565527,,0,0.0,,0,0.0,,0,0.0
1647029479,render/train/1647029479.png,train,,0,0.0,0.32986558,1,-1.261329126706452,,0,0.0,,0,0.0,,0,0.0
1647212497,render/train/1647212497.png,train,,0,0.0,0.35799942,1,-0.3111433767010813,,0,0.0,,0,0.0,,0,0.0
1647532424,render/train/1647532424.png,train,,0,0.0,0.33994048,1,-0.9210618040541194,,0,0.0,,0,0.0,,0,0.0
1647821918,render/train/1647821918.png,train,,0,0.0,0.34351571,1,-0.8003128199484415,,0,0.0,,0,0.0,,0,0.0
1648167915,render/train/1648167915.png,train,,0,0.0,0.34869133,1,-0.625512637270114,,0,0.0,,0,0.0,,0,0.0
1648532900,render/train/1648532900.png,train,,0,0.0,0.40560629,1,1.2967199464840267,,0,0.0,,0,0.0,,0,0.0
1648622866,render/train/1648622866.png,train,,0,0.0,0.37981607,1,0.42568707171458636,,0,0.0,,0,0.0,,0,0.0
1649223775,render/train/1649223775.png,train,,0,0.0,0.32169997,1,-1.5371125342363638,,0,0.0,,0,0.0,,0,0.0
1649295248,render/train/1649295248.png,train,,0,0.0,0.35914225,1,-0.27254570284359786,,0,0.0,,0,0.0,,0,0.0
1649345915,render/train/1649345915.png,train,,0,0.0,0.322561555,1,-1.508013563409119,,0,0.0,,0,0.0,,0,0.0
1649518604,render/train/1649518604.png,train,,0,0.0,0.3872297,1,0.6760732821221352,,0,0.0,,0,0.0,,0,0.0
1650000609,render/train/1650000609.png,train,,0,0.0,0.36906105,1,0.062449534818707325,,0,0.0,,0,0.0,,0,0.0
1650198770,render/train/1650198770.png,train,,0,0.0,0.39503017,1,0.9395245364601279,,0,0.0,,0,0.0,,0,0.0
1650263868,render/train/1650263868.png,train,,0,0.0,0.35087647,1,-0.551712228589084,,0,0.0,,0,0.0,,0,0.0
1650643323,render/train/1650643323.png,train,,0,0.0,0.35272474,1,-0.48928918871388705,,0,0.0,,0,0.0,,0,0.0
1651023431,render/train/1651023431.png,train,,0,0.0,,0,0.0,0.207,1,-0.5509858988482662,0.979429396,1,-0.041418822020176084,20.43708909,1,0.8716893281037671
1651258408,render/train/1651258408.png,train,,0,0.0,0.35425809,1,-0.4375021834643094,0.319,1,0.6998817570328248,1.057348058,1,0.4915801037757267,21.51389258,1,1.105338185422628
1651483269,render/train/1651483269.png,train,,0,0.0,0.33710135,1,-1.016949918453459,,0,0.0,,0,0.0,,0,0.0
1652170327,render/train/1652170327.png,train,,0,0.0,0.38429931,1,0.5771029737689833,,0,0.0,,0,0.0,,0,0.0
1652404686,render/train/1652404686.png,train,,0,0.0,0.35651058,1,-0.36142711159251406,,0,0.0,,0,0.0,,0,0.0
1652549742,render/train/1652549742.png,train,120.5520321,1,0.21666898570463503,,0,0.0,,0,0.0,,0,0.0,,0,0.0
1652695363,render/train/1652695363.png,train,,0,0.0,0.36221433,1,-0.1687899894793193,,0,0.0,,0,0.0,,0,0.0
1652765029,render/train/1652765029.png,train,,0,0.0,0.32698788,1,-1.3585198952894266,,0,0.0,,0,0.0,,0,0.0
1653502391,render/train/1653502391.png,train,,0,0.0,,0,0.0,0.2055,1,-0.5677385906681023,1.080352066,1,0.6489379335726546,10.10003467,1,-1.3712834851398856
1653539066,render/train/1653539066.png,train,60.10434296,1,-0.3267871355693232,,0,0.0,,0,0.0,,0,0.0,,0,0.0
1653668180,render/train/1653668180.png,train,,0,0.0,0.36833301,1,0.03786088167239329,0.157,1,-1.1094089595094674,0.95674619,1,-0.1965822208938264,12.26970455,1,-0.9005003822534426
1653699030,render/train/1653699030.png,train,,0,0.0,0.3472328,1,-0.6747726892912865,,0,0.0,,0,0.0,,0,0.0
1653991852,render/train/1653991852.png,train,,0,0.0,0.34250678,1,-0.8343881864377968,,0,0.0,,0,0.0,,0,0.0
1654010569,render/train/1654010569.png,train,,0,0.0,0.33568039,1,-1.0649410900577496,,0,0.0,,0,0.0,,0,0.0
1654213224,render/train/1654213224.png,train,,0,0.0,,0,0.0,0.2256,1,-0.3432525202822993,0.816505893,1,-1.1558893462433135,9.943107453,1,-1.4053341408767823
1654272225,render/train/1654272225.png,train,,0,0.0,0.40066645,1,1.1298829425305492,,0,0.0,,0,0.0,,0,0.0
1654827899,render/train/1654827899.png,train,,0,0.0,0.33185759,1,-1.1940514455982851,,0,0.0,,0,0.0,,0,0.0
1654848941,render/train/1654848941.png,train,,0,0.0,0.33770384,1,-0.996601561722892,,0,0.0,,0,0.0,,0,0.0
1655220585,render/train/1655220585.png,train,,0,0.0,0.39105508,1,0.8052707739808909,,0,0.0,,0,0.0,,0,0.0
1655318742,render/train/1655318742.png,train,,0,0.0,0.39766764,1,1.0286018330562072,,0,0.0,,0,0.0,,0,0.0
1655336489,render/train/1655336489.png,train,,0,0.0,0.34702763,1,-0.6817020530158486,,0,0.0,,0,0.0,,0,0.0
1655603853,render/train/1655603853.png,train,,0,0.0,0.40171374,1,1.1652538707125215,,0,0.0,,0,0.0,,0,0.0
1655950813,render/train/1655950813.png,train,,0,0.0,0.3452967,1,-0.7401620791003348,,0,0.0,,0,0.0,,0,0.0
1656073293,render/train/1656073293.png,train,,0,0.0,0.41204539,1,1.5141926079784975,,0,0.0,,0,0.0,,0,0.0
1656097465,render/train/1656097465.png,train,,0,0.0,0.36779038,1,0.019534222619613593,,0,0.0,,0,0.0,,0,0.0
1656589637,render/train/1656589637.png,train,205.6552433,1,0.9817910561214772,,0,0.0,,0,0.0,,0,0.0,,0,0.0
1656633508,render/train/1656633508.png,train,,0,0.0,0.32689509,1,-1.361653763106369,,0,0.0,,0,0.0,,0,0.0
1657554335,render/train/1657554335.png,train,227.700588,1,1.1799901550988021,,0,0.0,,0,0.0,,0,0.0,,0,0.0
1658493417,render/train/1658493417.png,train,,0,0.0,0.36999408,1,0.09396147241156744,,0,0.0,,0,0.0,,0,0.0
1658830563,render/train/1658830563.png,train,,0,0.0,0.3945016,1,0.9216727365678863,,0,0.0,,0,0.0,,0,0.0
1659755878,render/train/1659755878.png,train,,0,0.0,,0,0.0,0.3944999999999999,1,1.5431005786312377,0.916585437,1,-0.47129995421623144,18.81872143,1,0.5205298472956214
1659835488,render/train/1659835488.png,train,,0,0.0,0.35427733,1,-0.4368523761919968,,0,0.0,,0,0.0,,0,0.0
1659919472,render/train/1659919472.png,train,,0,0.0,0.33266973,1,-1.1666224186681051,,0,0.0,,0,0.0,,0,0.0
1660751847,render/train/1660751847.png,train,,0,0.0,0.35820456,1,-0.3042150261895232,,0,0.0,,0,0.0,,0,0.0
1661316204,render/train/1661316204.png,train,,0,0.0,0.40678866,1,1.3366530350788963,,0,0.0,,0,0.0,,0,0.0
1661521840,render/train/1661521840.png,train,,0,0.0,0.4001193,1,1.1114036260520508,,0,0.0,,0,0.0,,0,0.0
1661804021,render/train/1661804021.png,train,,0,0.0,0.39793898,1,1.0377660069267653,,0,0.0,,0,0.0,,0,0.0
1662111173,render/train/1662111173.png,train,,0,0.0,0.42723558,1,2.027222541960992,,0,0.0,,0,0.0,,0,0.0
1662427032,render/train/1662427032.png,train,,0,0.0,0.34408307,1,-0.7811509356438794,,0,0.0,,0,0.0,,0,0.0
1662473606,render/train/1662473606.png,train,,0,0.0,0.44568378,1,2.6502877457600125,,0,0.0,,0,0.0,,0,0.0
1662846692,render/train/1662846692.png,train,,0,0.0,0.39438371,1,0.9176911472054622,,0,0.0,,0,0.0,,0,0.0
1663220707,render/train/1663220707.png,train,103.377349,1,0.06225966428263492,,0,0.0,,0,0.0,,0,0.0,,0,0.0
1663257488,render/train/1663257488.png,train,,0,0.0,0.36301636,1,-0.14170241533100483,,0,0.0,,0,0.0,,0,0.0
1663514336,render/train/1663514336.png,train,,0,0.0,,0,0.0,0.284,1,0.3089856145699836,0.931066388,1,-0.3722436931179196,19.58490022,1,0.6867781929296497
1663579742,render/train/1663579742.png,train,,0,0.0,0.369056,1,0.0622789772966082,,0,0.0,,0,0.0,,0,0.0
1664000422,render/train/1664000422.png,train,,0,0.0,0.36410497,1,-0.10493595510682867,,0,0.0,,0,0.0,,0,0.0
1664419715,render/train/1664419715.png,train,,0,0.0,0.37063906,1,0.11574487649143993,,0,0.0,,0,0.0,,0,0.0
1665128334,render/train/1665128334.png,train,,0,0.0,0.40815455,1,1.3827842853481385,,0,0.0,,0,0.0,,0,0.0
1665519447,render/train/1665519447.png,train,,0,0.0,0.34866959,1,-0.6262468789593097,,0,0.0,,0,0.0,,0,0.0
1665622920,render/train/1665622920.png,train,,0,0.0,0.39784741,1,1.0346733431052615,,0,0.0,,0,0.0,,0,0.0
1666147237,render/train/1666147237.png,train,,0,0.0,0.37243845,1,0.1765170546477855,,0,0.0,,0,0.0,,0,0.0
1666787967,render/train/1666787967.png,train,,0,0.0,0.33559089,1,-1.0679638421820774,,0,0.0,,0,0.0,,0,0.0
1666962714,render/train/1666962714.png,train,,0,0.0,0.32727613,1,-1.3487846070230884,,0,0.0,,0,0.0,,0,0.0
1667507467,render/train/1667507467.png,train,,0,0.0,0.3478615,1,-0.653539122134142,,0,0.0,,0,0.0,,0,0.0
1668029928,render/train/1668029928.png,train,,0,0.0,0.36324031,1,-0.1341387802668355,,0,0.0,,0,0.0,,0,0.0
1668423016,render/train/1668423016.png,train,,0,0.0,0.33390015,1,-1.1250665005807905,,0,0.0,,0,0.0,,0,0.0
1668799995,render/train/1668799995.png,train,,0,0.0,0.34606436,1,-0.7142353093152957,,0,0.0,,0,0.0,,0,0.0
1669065753,render/train/1669065753.png,train,,0,0.0,0.33681331,1,-1.026678114228781,,0,0.0,,0,0.0,,0,0.0
1669177512,render/train/1669177512.png,train,,0,0.0,0.37264329,1,0.18343527302931953,,0,0.0,,0,0.0,,0,0.0
1669233687,render/train/1669233687.png,train,,0,0.0,0.36327094,1,-0.13310428979121464,,0,0.0,,0,0.0,,0,0.0
1669324306,render/train/1669324306.png,train,,0,0.0,0.35614962,1,-0.37361809043941013,,0,0.0,,0,0.0,,0,0.0
1669400778,render/train/1669400778.png,train,,0,0.0,0.36732984,1,0.003980052079529867,,0,0.0,,0,0.0,,0,0.0
1669411867,render/train/1669411867.png,train,,0,0.0,0.38763458,1,0.6897476048047897,,0,0.0,,0,0.0,,0,0.0
1669796123,render/train/1669796123.png,train,,0,0.0,0.33299427,1,-1.1556614804063277,,0,0.0,,0,0.0,,0,0.0
1669900077,render/train/1669900077.png,train,,0,0.0,0.32846656,1,-1.3085793018681962,,0,0.0,,0,0.0,,0,0.0
1669945913,render/train/1669945913.png,train,,0,0.0,0.45056995,1,2.815312111651898,,0,0.0,,0,0.0,,0,0.0
1670036740,render/train/1670036740.png,train,,0,0.0,0.37228943,1,0.17148408792636388,,0,0.0,,0,0.0,,0,0.0
1670250046,render/train/1670250046.png,train,,0,0.0,0.34110112,1,-0.881862619410778,,0,0.0,,0,0.0,,0,0.0
1670434070,render/train/1670434070.png,train,,0,0.0,0.40260098,1,1.1952193075257962,,0,0.0,,0,0.0,,0,0.0
1670881683,render/train/1670881683.png,train,,0,0.0,0.36235466,1,-0.16405051679097407,,0,0.0,,0,0.0,,0,0.0
1671082130,render/train/1671082130.png,train,,0,0.0,0.34976889,1,-0.5891193771685508,,0,0.0,,0,0.0,,0,0.0
1671135336,render/train/1671135336.png,train,,0,0.0,0.36946745,1,0.07617519362682443,,0,0.0,,0,0.0,,0,0.0
1671251574,render/train/1671251574.png,train,,0,0.0,0.35663308,1,-0.35728982516536334,,0,0.0,,0,0.0,,0,0.0
1671488348,render/train/1671488348.png,train,,0,0.0,0.35874439,1,-0.28598293368365063,,0,0.0,,0,0.0,,0,0.0
1671953980,render/train/1671953980.png,train,,0,0.0,0.34609374,1,-0.7132430360481153,,0,0.0,,0,0.0,,0,0.0
1672793262,render/train/1672793262.png,train,,0,0.0,0.36687927,1,-0.011237394006036718,,0,0.0,,0,0.0,,0,0.0
1672845324,render/train/1672845324.png,train,,0,0.0,,0,0.0,0.1366666666666667,1,-1.3365010041783558,1.05867232,1,0.5006386554160542,13.55500415,1,-0.6216112575047948
1672978154,render/train/1672978154.png,train,,0,0.0,0.33491733,1,-1.0907125005157277,,0,0.0,,0,0.0,,0,0.0
1673102109,render/train/1673102109.png,train,,0,0.0,0.43993459,1,2.456115943685595,,0,0.0,,0,0.0,,0,0.0
1673426681,render/train/1673426681.png,train,,0,0.0,0.3575264,1,-0.32711904385023444,0.199,1,-0.6403335885540582,1.117069249,1,0.9001000890168989,12.05051013,1,-0.9480620090862744
1673485707,render/train/1673485707.png,train,,0,0.0,0.39169547,1,0.8268991564713696,,0,0.0,,0,0.0,,0,0.0
1673575394,render/train/1673575394.png,train,,0,0.0,0.336299775,1,-1.0440221255379007,,0,0.0,,0,0.0,,0,0.0
1673823356,render/train/1673823356.png,train,,0,0.0,0.36401661,1,-0.10792020513705672,,0,0.0,,0,0.0,,0,0.0
1674464256,render/train/1674464256.png,train,,0,0.0,0.38156407,1,0.4847236159975339,,0,0.0,,0,0.0,,0,0.0
1674887519,render/train/1674887519.png,train,,0,0.0,,0,0.0,0.224,1,-0.3611220582234576,0.928263907,1,-0.3914139319826909,11.86917301,1,-0.9874092170689424
1674948032,render/train/1674948032.png,train,,0,0.0,0.42844078,1,2.067926685650815,0.145,1,-1.2434304940681558,1.048021071,1,0.42777928989737224,18.9131789,1,0.5410255831802907
1674954682,render/train/1674954682.png,train,,0,0.0,0.36673379,1,-0.01615080159315451,,0,0.0,,0,0.0,,0,0.0
1675272151,render/train/1675272151.png,train,,0,0.0,0.34771734,1,-0.6584079483491478,,0,0.0,,0,0.0,,0,0.0
1675542774,render/train/1675542774.png,train,,0,0.0,0.38272137,1,0.523809996259924,,0,0.0,,0,0.0,,0,0.0
1675605229,render/train/1675605229.png,train,,0,0.0,0.37580265,1,0.290138760755736,,0,0.0,,0,0.0,,0,0.0
1675845282,render/train/1675845282.png,train,,0,0.0,0.36205539,1,-0.1741579919669232,0.203,1,-0.595659743701162,0.951472262,1,-0.23265827618754992,13.50097132,1,-0.6333355034832365
1676036975,render/train/1676036975.png,train,,0,0.0,0.40668886,1,1.3332824131570196,,0,0.0,,0,0.0,,0,0.0
1676176971,render/train/1676176971.png,train,,0,0.0,0.37078236,1,0.12058465726703718,,0,0.0,,0,0.0,,0,0.0
1676315941,render/train/1676315941.png,train,,0,0.0,0.34981945,1,-0.5874117755215573,,0,0.0,,0,0.0,,0,0.0
1676729998,render/train/1676729998.png,train,,0,0.0,0.36781623,1,0.020407274490161154,,0,0.0,,0,0.0,,0,0.0
1676759354,render/train/1676759354.png,train,,0,0.0,0.35354105,1,-0.46171932517634917,,0,0.0,,0,0.0,,0,0.0
1676853034,render/train/1676853034.png,train,,0,0.0,0.32586124,1,-1.396570771863192,,0,0.0,,0,0.0,,0,0.0
1677073370,render/train/1677073370.png,train,,0,0.0,0.40768894,1,1.367058881810619,,0,0.0,,0,0.0,,0,0.0
1677533093,render/train/1677533093.png,train,,0,0.0,0.33277847,1,-1.1629498592714647,,0,0.0,,0,0.0,,0,0.0
1677600893,render/train/1677600893.png,train,,0,0.0,0.36082508,1,-0.21571019493989332,,0,0.0,1.104373146,1,0.813252996329473,25.54111019,1,1.9791789571969611
1677738702,render/train/1677738702.png,train,,0,0.0,0.36140539,1,-0.1961109403558909,,0,0.0,,0,0.0,,0,0.0
1677875786,render/train/1677875786.png,train,,0,0.0,0.37368086,1,0.21847792019846032,,0,0.0,,0,0.0,,0,0.0
1678384884,render/train/1678384884.png,train,,0,0.0,,0,0.0,0.3868,1,1.4571034272894134,0.834274703,1,-1.034342641005081,12.10790061,1,-0.9356092076257394
1678410522,render/train/1678410522.png,train,,0,0.0,0.36119682,1,-0.20315513488741016,,0,0.0,,0,0.0,,0,0.0
1678521620,render/train/1678521620.png,train,,0,0.0,0.36350816,1,-0.1250924768422425,,0,0.0,,0,0.0,,0,0.0
1678768525,render/train/1678768525.png,train,262.5942508,1,1.4937023070788338,,0,0.0,,0,0.0,,0,0.0,,0,0.0
1678882147,render/train/1678882147.png,train,,0,0.0,0.38128079,1,0.4751561833519541,,0,0.0,,0,0.0,,0,0.0
1679226425,render/train/1679226425.png,train,,0,0.0,0.37813226,1,0.3688184655194651,,0,0.0,,0,0.0,,0,0.0
1679285370,render/train/1679285370.png,train,,0,0.0,0.34918119,1,-0.6089682198888541,,0,0.0,,0,0.0,,0,0.0
1680789160,render/train/1680789160.png,train,,0,0.0,0.37936354,1,0.41040342904618643,,0,0.0,,0,0.0,,0,0.0
1681110916,render/train/1681110916.png,train,,0,0.0,0.3755704,1,0.2822948034275243,,0,0.0,,0,0.0,,0,0.0
1681628667,render/train/1681628667.png,train,,0,0.0,0.38152925,1,0.48354761343922054,,0,0.0,,0,0.0,,0,0.0
1681775861,render/train/1681775861.png,train,,0,0.0,0.35638928,1,-0.3655238694995646,,0,0.0,,0,0.0,,0,0.0
1681905956,render/train/1681905956.png,train,,0,0.0,0.33707635,1,-1.0177942626222654,,0,0.0,,0,0.0,,0,0.0
1682827181,render/train/1682827181.png,train,,0,0.0,0.34685932,1,-0.6873865156979195,,0,0.0,,0,0.0,,0,0.0
1682832675,render/train/1682832675.png,train,,0,0.0,0.35801462,1,-0.3106300154464472,,0,0.0,,0,0.0,,0,0.0
1682900060,render/train/1682900060.png,train,,0,0.0,0.3676725,1,0.015552970994858702,,0,0.0,,0,0.0,,0,0.0
1683248477,render/train/1683248477.png,train,,0,0.0,0.36374897,1,-0.11695941607063172,,0,0.0,,0,0.0,,0,0.0
1683353689,render/train/1683353689.png,train,,0,0.0,0.33327284,1,-1.1462531222021497,,0,0.0,,0,0.0,,0,0.0
1683593138,render/train/1683593138.png,train,,0,0.0,0.37532508,1,0.27400942296785846,,0,0.0,,0,0.0,,0,0.0
1683816678,render/train/1683816678.png,train,,0,0.0,,0,0.0,0.3383333333333333,1,0.9158053404884892,0.803265072,1,-1.2464625566721046,11.57516404,1,-1.051204385379546
1683834264,render/train/1683834264.png,train,,0,0.0,0.35434136,1,-0.4346898419068499,,0,0.0,,0,0.0,,0,0.0
1683937350,render/train/1683937350.png,train,,0,0.0,0.32274038,1,-1.5019739695696466,,0,0.0,,0,0.0,,0,0.0
1684744857,render/train/1684744857.png,train,,0,0.0,0.32369134,1,-1.4698564683389186,,0,0.0,,0,0.0,,0,0.0
1684855250,render/train/1684855250.png,train,,0,0.0,0.49693178,1,4.381125744279775,,0,0.0,,0,0.0,,0,0.0
1685057897,render/train/1685057897.png,train,,0,0.0,0.33206648,1,-1.1869964434614053,,0,0.0,,0,0.0,,0,0.0
1685441802,render/train/1685441802.png,train,,0,0.0,0.36997618,1,0.0933569219867015,,0,0.0,,0,0.0,,0,0.0
1685639309,render/train/1685639309.png,train,,0,0.0,0.33960265,1,-0.9324715956760344,,0,0.0,,0,0.0,,0,0.0
1685741842,render/train/1685741842.png,train,,0,0.0,0.39138896,1,0.8165471592241353,,0,0.0,,0,0.0,,0,0.0
1685793065,render/train/1685793065.png,train,,0,0.0,0.35960608,1,-0.2568804166108977,,0,0.0,,0,0.0,,0,0.0
1685901918,render/train/1685901918.png,train,,0,0.0,0.33743021,1,-1.0058430775193115,,0,0.0,,0,0.0,,0,0.0
1686044145,render/train/1686044145.png,train,,0,0.0,0.34993468,1,-0.5835200243786938,,0,0.0,,0,0.0,,0,0.0
1686536548,render/train/1686536548.png,train,,0,0.0,0.43039552,1,2.133945618472124,,0,0.0,,0,0.0,,0,0.0
1686718921,render/train/1686718921.png,train,,0,0.0,0.35369987,1,-0.4563553755407553,,0,0.0,,0,0.0,,0,0.0
1686919611,render/train/1686919611.png,train,,0,0.0,0.33150168,1,-1.2060718669230803,,0,0.0,,0,0.0,,0,0.0
1686952032,render/train/1686952032.png,train,,0,0.0,0.40578459,1,1.302741809095955,,0,0.0,,0,0.0,,0,0.0
1687301626,render/train/1687301626.png,train,,0,0.0,0.374004235,1,0.2293995120219725,,0,0.0,,0,0.0,,0,0.0
1687734708,render/train/1687734708.png,train,,0,0.0,0.41591473,1,1.6448747946236828,,0,0.0,,0,0.0,,0,0.0
1687858276,render/train/1687858276.png,train,,0,0.0,0.36843914,1,0.04144529153780992,,0,0.0,,0,0.0,,0,0.0
1687871916,render/train/1687871916.png,train,,0,0.0,0.42868802,1,2.0762769117426427,,0,0.0,,0,0.0,,0,0.0
1687937320,render/train/1687937320.png,train,,0,0.0,0.36277988,1,-0.14968923569257844,,0,0.0,,0,0.0,,0,0.0
1688474833,render/train/1688474833.png,train,,0,0.0,0.34059869,1,-0.8988315730401154,,0,0.0,,0,0.0,,0,0.0
1688918153,render/train/1688918153.png,train,,0,0.0,0.35168897,1,-0.5242710431028739,,0,0.0,,0,0.0,,0,0.0
1689325307,render/train/1689325307.png,train,,0,0.0,0.32209092,1,-1.5239086801245683,,0,0.0,,0,0.0,,0,0.0
1689591467,render/train/1689591467.png,train,,0,0.0,,0,0.0,0.3295,1,0.8171505997716773,0.9550917,1,-0.2078996815650594,21.59948372,1,1.1239100717912527
1689883319,render/train/1689883319.png,train,,0,0.0,,0,0.0,,0,0.0,1.089327475,1,0.7103337947538794,15.55466977,1,-0.18771631616056497
1690031324,render/train/1690031324.png,train,,0,0.0,,0,0.0,0.1119999999999999,1,-1.6119897141045496,1.217628771,1,1.5879727478742771,15.81204712,1,-0.13186961405964895
1691054850,render/train/1691054850.png,train,,0,0.0,0.382364,1,0.5117402652356684,,0,0.0,,0,0.0,,0,0.0
1691146038,render/train/1691146038.png,train,,0,0.0,0.33835382,1,-0.9746492888092572,,0,0.0,,0,0.0,,0,0.0
1691546435,render/train/1691546435.png,train,,0,0.0,0.3932565,1,0.8796210195846488,,0,0.0,,0,0.0,,0,0.0
1692151346,render/train/1692151346.png,train,,0,0.0,0.35298607,1,-0.4804630902485191,,0,0.0,,0,0.0,,0,0.0
1692408347,render/train/1692408347.png,train,,0,0.0,0.36514397,1,-0.06984501145123133,,0,0.0,,0,0.0,,0,0.0
1692538741,render/train/1692538741.png,train,,0,0.0,,0,0.0,0.161,1,-1.0647351146565713,1.044265535,1,0.40208972333644,17.02409485,1,0.13112504537484043
1693140082,render/train/1693140082.png,train,-68.87734458,1,-1.4863994983101434,,0,0.0,,0,0.0,,0,0.0,,0,0.0
1693262682,render/train/1693262682.png,train,,0,0.0,0.36953742,1,0.078538344086481,,0,0.0,,0,0.0,,0,0.0
1693536620,render/train/1693536620.png,train,,0,0.0,,0,0.0,0.26655,1,0.11409596639922472,0.834588519,1,-1.032195997484719,18.18601938,1,0.38324378500230477
1694201985,render/train/1694201985.png,train,,0,0.0,0.38425793,1,0.5757054153007755,,0,0.0,,0,0.0,,0,0.0
1695745153,render/train/1695745153.png,train,,0,0.0,0.38922074,1,0.7433182026765527,,0,0.0,,0,0.0,,0,0.0
1695808727,render/train/1695808727.png,train,,0,0.0,0.35486325,1,-0.4170636507765127,,0,0.0,,0,0.0,,0,0.0
1695838608,render/train/1695838608.png,train,,0,0.0,0.37188313,1,0.1577618064949221,,0,0.0,,0,0.0,,0,0.0
1695890113,render/train/1695890113.png,train,,0,0.0,0.39676884,1,0.9982459714992777,0.316,1,0.6663763733931527,1.005372382,1,0.13604294792061333,22.70085055,1,1.3628887746912557
1696155039,render/train/1696155039.png,train,,0,0.0,0.37387095,1,0.2248979755203964,,0,0.0,,0,0.0,,0,0.0
1696182166,render/train/1696182166.png,train,,0,0.0,0.36168331,1,-0.18672453510010356,,0,0.0,,0,0.0,,0,0.0
1696331324,render/train/1696331324.png,train,,0,0.0,0.39339685,1,0.8843611677483287,,0,0.0,,0,0.0,,0,0.0
1696343001,render/train/1696343001.png,train,,0,0.0,0.35291227,1,-0.48295559423483625,,0,0.0,,0,0.0,,0,0.0
1696594426,render/train/1696594426.png,train,,0,0.0,0.35993676,1,-0.24571210742125982,,0,0.0,,0,0.0,,0,0.0
1696699726,render/train/1696699726.png,train,,0,0.0,0.35650637,1,-0.3615692991505412,,0,0.0,,0,0.0,,0,0.0
1696944079,render/train/1696944079.png,train,,0,0.0,0.39639923,1,0.9857628495699746,0.1694999999999999,1,-0.9698031943441682,0.957033344,1,-0.19461795752469999,10.04778986,1,-1.3826197598368972
1696993963,render/train/1696993963.png,train,,0,0.0,0.3774075,1,0.34434059032809833,,0,0.0,,0,0.0,,0,0.0
1697131748,render/train/1697131748.png,train,,0,0.0,0.32527801,1,-1.4162686458461116,,0,0.0,,0,0.0,,0,0.0
1697480499,render/train/1697480499.png,train,,0,0.0,0.38079558,1,0.458768813986092,,0,0.0,,0,0.0,,0,0.0
1697683442,render/train/1697683442.png,train,,0,0.0,0.34615507,1,-0.7111716909331984,,0,0.0,,0,0.0,,0,0.0
1697824573,render/train/1697824573.png,train,,0,0.0,0.35455776,1,-0.4273811987816609,,0,0.0,,0,0.0,,0,0.0
1697849650,render/train/1697849650.png,train,,0,0.0,0.34206534,1,-0.8492972780329144,,0,0.0,,0,0.0,,0,0.0
1697989359,render/train/1697989359.png,train,,0,0.0,0.42387436,1,1.9137014816779647,,0,0.0,,0,0.0,,0,0.0
1699061144,render/train/1699061144.png,train,,0,0.0,0.35256271,1,-0.49476155214075485,,0,0.0,,0,0.0,,0,0.0
1699412272,render/train/1699412272.png,train,,0,0.0,0.35593526,1,-0.38085783508042514,,0,0.0,,0,0.0,,0,0.0
1699735817,render/train/1699735817.png,train,,0,0.0,0.39115319,1,0.8085843182369544,,0,0.0,,0,0.0,,0,0.0
1699979757,render/train/1699979757.png,train,,0,0.0,0.38345076,1,0.5484442439913539,,0,0.0,,0,0.0,,0,0.0
1700419938,render/train/1700419938.png,train,,0,0.0,0.43003915,1,2.1219096612146218,,0,0.0,,0,0.0,,0,0.0
1700578264,render/train/1700578264.png,train,,0,0.0,0.34746438,1,-0.6669513603867981,,0,0.0,,0,0.0,,0,0.0
1700596879,render/train/1700596879.png,train,,0,0.0,0.39281003,1,0.8645420459427667,,0,0.0,,0,0.0,,0,0.0
1700600089,render/train/1700600089.png,train,,0,0.0,0.38884265,1,0.7305486792051912,,0,0.0,,0,0.0,,0,0.0
1700861962,render/train/1700861962.png,train,,0,0.0,0.36174353,1,-0.18469067886628254,,0,0.0,,0,0.0,,0,0.0
1700926472,render/train/1700926472.png,train,,0,0.0,0.43473817,1,2.280613266658821,,0,0.0,,0,0.0,,0,0.0
1701051836,render/train/1701051836.png,train,,0,0.0,0.36060547,1,-0.22312725185635812,,0,0.0,,0,0.0,,0,0.0
1701314200,render/train/1701314200.png,train,,0,0.0,0.36502239,1,-0.0739512260129713,,0,0.0,,0,0.0,,0,0.0
1701467144,render/train/1701467144.png,train,,0,0.0,0.36224127,1,-0.1678801242030124,,0,0.0,,0,0.0,,0,0.0
1701555449,render/train/1701555449.png,train,,0,0.0,0.39244447,1,0.8521957077688114,,0,0.0,,0,0.0,,0,0.0
1701689653,render/train/1701689653.png,train,,0,0.0,0.36708387,1,-0.004327281328524584,,0,0.0,,0,0.0,,0,0.0
1701728451,render/train/1701728451.png,train,,0,0.0,0.38291342,1,0.5302962481646952,,0,0.0,,0,0.0,,0,0.0
1701758700,render/train/1701758700.png,train,154.3595069,1,0.5206157434098393,,0,0.0,,0,0.0,,0,0.0,,0,0.0
1701768765,render/train/1701768765.png,train,,0,0.0,,0,0.0,0.31,1,0.5993656061138085,0.939190483,1,-0.3166712051295625,17.48153992,1,0.23038319125217793
1701867111,render/train/1701867111.png,train,,0,0.0,0.4252906,1,1.961533241103184,,0,0.0,,0,0.0,,0,0.0
1702325651,render/train/1702325651.png,train,,0,0.0,0.40367737,1,1.2315730523202595,,0,0.0,,0,0.0,,0,0.0
1702635264,render/train/1702635264.png,train,,0,0.0,0.3378744,1,-0.9908411080656253,,0,0.0,,0,0.0,,0,0.0
1702898348,render/train/1702898348.png,train,,0,0.0,0.35286115,1,-0.48468210919121035,,0,0.0,,0,0.0,,0,0.0
1703438177,render/train/1703438177.png,train,,0,0.0,0.37255795,1,0.18055301977468213,,0,0.0,,0,0.0,,0,0.0
1703477972,render/train/1703477972.png,train,,0,0.0,0.33109076,1,-1.2199501831569197,,0,0.0,,0,0.0,,0,0.0
1703879338,render/train/1703879338.png,train,,0,0.0,0.36788809,1,0.022834257368977772,,0,0.0,,0,0.0,,0,0.0
1704241791,render/train/1704241791.png,train,416.53,1,2.877664645024922,,0,0.0,,0,0.0,,0,0.0,,0,0.0
1704546800,render/train/1704546800.png,train,233.599405,1,1.2330235837134211,,0,0.0,,0,0.0,,0,0.0,,0,0.0
1704728176,render/train/1704728176.png,train,,0,0.0,0.36210657,1,-0.17242945058454126,,0,0.0,,0,0.0,,0,0.0
1704846953,render/train/1704846953.png,train,,0,0.0,0.35356045,1,-0.4610641141013553,,0,0.0,,0,0.0,,0,0.0
1705151635,render/train/1705151635.png,train,,0,0.0,0.35153722,1,-0.5293962122075294,,0,0.0,,0,0.0,,0,0.0
1705359198,render/train/1705359198.png,train,,0,0.0,0.44266435,1,2.54831022121524,,0,0.0,,0,0.0,,0,0.0
1705636874,render/train/1705636874.png,train,,0,0.0,0.39985278,1,1.102402241737239,,0,0.0,,0,0.0,,0,0.0
1705705134,render/train/1705705134.png,train,,0,0.0,0.35910287,1,-0.27387571377830106,,0,0.0,,0,0.0,,0,0.0
1705754093,render/train/1705754093.png,train,,0,0.0,0.31065959,1,-1.909987753212668,,0,0.0,,0,0.0,,0,0.0
1706421625,render/train/1706421625.png,train,,0,0.0,0.42170039,1,1.8402783259715556,,0,0.0,,0,0.0,,0,0.0
1706521131,render/train/1706521131.png,train,,0,0.0,0.37521013,1,0.27012712847968623,,0,0.0,,0,0.0,,0,0.0
1706553936,render/train/1706553936.png,train,,0,0.0,0.35832784,1,-0.3000513962243046,,0,0.0,,0,0.0,,0,0.0
1706591309,render/train/1706591309.png,train,,0,0.0,0.40110169,1,1.1445826367718024,,0,0.0,,0,0.0,,0,0.0
1706654876,render/train/1706654876.png,train,56.1987128,1,-0.3619007792516859,,0,0.0,,0,0.0,1.40293716,1,2.855566027106526,22.58883992,1,1.338584288357296
1706741208,render/train/1706741208.png,train,,0,0.0,0.36448557,1,-0.09208165948091866,,0,0.0,,0,0.0,,0,0.0
1706907888,render/train/1706907888.png,train,,0,0.0,0.35891264,1,-0.28030049742758373,,0,0.0,,0,0.0,,0,0.0
1706935597,render/train/1706935597.png,train,,0,0.0,0.4209618,1,1.8153333595860053,,0,0.0,,0,0.0,,0,0.0
1706990929,render/train/1706990929.png,train,,0,0.0,0.34748423,1,-0.6662809511167662,,0,0.0,,0,0.0,,0,0.0
1707333225,render/train/1707333225.png,train,,0,0.0,0.3743389,1,0.24070240967211576,0.1803333333333333,1,-0.8488115312009074,,0,0.0,,0,0.0
1707392895,render/train/1707392895.png,train,,0,0.0,0.36089138,1,-0.21347099420421978,,0,0.0,,0,0.0,,0,0.0
1707460536,render/train/1707460536.png,train,,0,0.0,0.34848599,1,-0.6324477425350228,,0,0.0,,0,0.0,,0,0.0
1708403731,render/train/1708403731.png,train,,0,0.0,0.36454739,1,-0.08999376522029248,,0,0.0,,0,0.0,,0,0.0
1708543289,render/train/1708543289.png,train,,0,0.0,0.34447887,1,-0.7677832787633353,,0,0.0,,0,0.0,,0,0.0
1709391995,render/train/1709391995.png,train,,0,0.0,0.32070713,1,-1.5706444808186764,,0,0.0,,0,0.0,,0,0.0
1710475458,render/train/1710475458.png,train,229.0539301,1,1.1921574034897096,,0,0.0,,0,0.0,,0,0.0,,0,0.0
1710724888,render/train/1710724888.png,train,,0,0.0,0.34962843,1,-0.5938632404465733,,0,0.0,,0,0.0,,0,0.0
1710766762,render/train/1710766762.png,train,,0,0.0,0.37981521,1,0.42565802627517973,,0,0.0,,0,0.0,,0,0.0
1711010706,render/train/1711010706.png,train,,0,0.0,0.36734681,1,0.004553192901315869,,0,0.0,,0,0.0,,0,0.0
1711102777,render/train/1711102777.png,train,,0,0.0,0.35984602,1,-0.2487767390163609,,0,0.0,,0,0.0,,0,0.0
1711422948,render/train/1711422948.png,train,,0,0.0,0.29955763,1,-2.2849427607455746,,0,0.0,,0,0.0,,0,0.0
1711492844,render/train/1711492844.png,train,,0,0.0,0.37911502,1,0.4020099725329159,,0,0.0,,0,0.0,,0,0.0
1711893868,render/train/1711893868.png,train,,0,0.0,0.388023,1,0.7028660112867021,,0,0.0,,0,0.0,,0,0.0
1712077769,render/train/1712077769.png,train,,0,0.0,0.40334247,1,1.220262217834929,,0,0.0,,0,0.0,,0,0.0
1712598778,render/train/1712598778.png,train,,0,0.0,0.37446309,1,0.2448967737650796,,0,0.0,,0,0.0,,0,0.0
1712933557,render/train/1712933557.png,train,,0,0.0,0.38064914,1,0.45382298358289036,0.217,1,-0.43930128671602586,0.966634258,1,-0.1289433589457501,12.966416,1,-0.7493253204290545
1713382325,render/train/1713382325.png,train,,0,0.0,0.34598404,1,-0.7169480182608379,,0,0.0,,0,0.0,,0,0.0
1713436070,render/train/1713436070.png,train,,0,0.0,0.39509432,1,0.9416911235972848,,0,0.0,,0,0.0,,0,0.0
1713751559,render/train/1713751559.png,train,,0,0.0,0.39191799,1,0.8344144950490823,,0,0.0,,0,0.0,,0,0.0
1714607104,render/train/1714607104.png,train,,0,0.0,0.37949599,1,0.41487676445252336,,0,0.0,,0,0.0,,0,0.0
1715193116,render/train/1715193116.png,train,,0,0.0,0.36083172,1,-0.21548593712865824,,0,0.0,,0,0.0,,0,0.0
1715294926,render/train/1715294926.png,train,,0,0.0,0.44520609,1,2.6341543551201267,,0,0.0,,0,0.0,,0,0.0
1715402105,render/train/1715402105.png,train,,0,0.0,0.35797628,1,-0.31192490166372966,,0,0.0,,0,0.0,,0,0.0
1715831147,render/train/1715831147.png,train,,0,0.0,0.41936962,1,1.761559443638394,,0,0.0,,0,0.0,,0,0.0
1715878525,render/train/1715878525.png,train,,0,0.0,0.35140206,1,-0.5339610745217636,,0,0.0,,0,0.0,,0,0.0
1715886560,render/train/1715886560.png,train,105.2246285,1,0.07886766644552615,,0,0.0,,0,0.0,,0,0.0,,0,0.0
1715966441,render/train/1715966441.png,train,,0,0.0,0.35991969,1,-0.24628862561972115,,0,0.0,,0,0.0,,0,0.0
1716148933,render/train/1716148933.png,train,,0,0.0,0.35027261,1,-0.5721068553801034,,0,0.0,,0,0.0,,0,0.0
1717221182,render/train/1717221182.png,train,,0,0.0,0.37289188,1,0.1918310937062633,,0,0.0,,0,0.0,,0,0.0
1717592504,render/train/1717592504.png,train,,0,0.0,0.33289133,1,-1.159138151955805,,0,0.0,,0,0.0,,0,0.0
1718086689,render/train/1718086689.png,train,,0,0.0,0.35178104,1,-0.5211614923979935,,0,0.0,,0,0.0,,0,0.0
1718233222,render/train/1718233222.png,train,,0,0.0,0.37579984,1,0.2900438564711615,,0,0.0,,0,0.0,,0,0.0
1718354162,render/train/1718354162.png,train,,0,0.0,0.35905174,1,-0.27560256647234443,,0,0.0,,0,0.0,,0,0.0
1718419889,render/train/1718419889.png,train,84.57547927,1,-0.10677891008699299,,0,0.0,,0,0.0,,0,0.0,,0,0.0
1718537835,render/train/1718537835.png,train,,0,0.0,0.35458952,1,-0.42630854394960943,,0,0.0,,0,0.0,,0,0.0
1718822131,render/train/1718822131.png,train,,0,0.0,0.39327609,1,0.880282647675326,,0,0.0,,0,0.0,,0,0.0
1719173195,render/train/1719173195.png,train,,0,0.0,0.38595192,1,0.6329178384414337,,0,0.0,,0,0.0,,0,0.0
1719193785,render/train/1719193785.png,train,,0,0.0,0.35199351,1,-0.5139855801761403,,0,0.0,,0,0.0,,0,0.0
1719420059,render/train/1719420059.png,train,,0,0.0,0.37803494,1,0.3655316025391349,,0,0.0,,0,0.0,,0,0.0
1719450087,render/train/1719450087.png,train,,0,0.0,0.35171013,1,-0.5235563901983954,,0,0.0,,0,0.0,,0,0.0
1719719052,render/train/1719719052.png,train,,0,0.0,0.34011693,1,-0.9151024229106836,,0,0.0,,0,0.0,,0,0.0
1720612082,render/train/1720612082.png,train,,0,0.0,0.39148425,1,0.819765461457957,,0,0.0,,0,0.0,,0,0.0
1720647838,render/train/1720647838.png,train,,0,0.0,0.36864374,1,0.04835540421532205,,0,0.0,,0,0.0,,0,0.0
1720677048,render/train/1720677048.png,train,,0,0.0,0.38218622,1,0.5057359649824532,,0,0.0,,0,0.0,,0,0.0
1720848416,render/train/1720848416.png,train,,0,0.0,0.33028423,1,-1.2471897392556182,,0,0.0,,0,0.0,,0,0.0
1720993259,render/train/1720993259.png,train,,0,0.0,0.34535676,1,-0.738133626669195,,0,0.0,,0,0.0,,0,0.0
1721092492,render/train/1721092492.png,train,,0,0.0,0.36987967,1,0.0900974157574412,,0,0.0,,0,0.0,,0,0.0
1721498000,render/train/1721498000.png,train,,0,0.0,0.37996131,1,0.43059237359768415,,0,0.0,,0,0.0,,0,0.0
1721517021,render/train/1721517021.png,train,105.3372816,1,0.07988047632538268,,0,0.0,,0,0.0,,0,0.0,,0,0.0
1722126361,render/train/1722126361.png,train,,0,0.0,0.36195293,1,-0.17761845210835867,,0,0.0,,0,0.0,,0,0.0
1722404544,render/train/1722404544.png,train,,0,0.0,0.41922647,1,1.7567247289278087,,0,0.0,,0,0.0,,0,0.0
1722437751,render/train/1722437751.png,train,,0,0.0,0.36013194,1,-0.23912014362655523,,0,0.0,,0,0.0,,0,0.0
1722752192,render/train/1722752192.png,train,,0,0.0,0.36428259,1,-0.09893705865629093,,0,0.0,,0,0.0,,0,0.0
1722899407,render/train/1722899407.png,train,,0,0.0,0.36997143,1,0.09319649659462834,,0,0.0,,0,0.0,,0,0.0
1723039756,render/train/1723039756.png,train,,0,0.0,0.35398022,1,-0.44688690003176007,,0,0.0,,0,0.0,,0,0.0
1723062866,render/train/1723062866.png,train,,0,0.0,0.34182885,1,-0.8572844361321554,,0,0.0,,0,0.0,,0,0.0
1723225912,render/train/1723225912.png,train,,0,0.0,0.37354711,1,0.2139606788953461,,0,0.0,,0,0.0,,0,0.0
1723711090,render/train/1723711090.png,train,,0,0.0,0.32377425,1,-1.467056285337489,0.09,1,-1.8576958607954772,,0,0.0,,0,0.0
1723857031,render/train/1723857031.png,train,,0,0.0,0.35910685,1,-0.27374129418662846,,0,0.0,,0,0.0,,0,0.0
1724528524,render/train/1724528524.png,train,,0,0.0,0.36433734,1,-0.09708794492660502,,0,0.0,,0,0.0,,0,0.0
1724863374,render/train/1724863374.png,train,,0,0.0,0.33419104,1,-1.1152420495702262,,0,0.0,,0,0.0,,0,0.0
1725180972,render/train/1725180972.png,train,,0,0.0,0.38538397,1,0.6137360276144889,,0,0.0,,0,0.0,,0,0.0
1725259416,render/train/1725259416.png,train,435.0,1,3.0437195381521405,,0,0.0,,0,0.0,,0,0.0,,0,0.0
1725823139,render/train/1725823139.png,train,,0,0.0,0.37195961,1,0.16034482417613452,,0,0.0,,0,0.0,,0,0.0
1726139010,render/train/1726139010.png,train,,0,0.0,0.35811982,1,-0.3070770151841105,,0,0.0,,0,0.0,,0,0.0
1726144568,render/train/1726144568.png,train,,0,0.0,0.38246465,1,0.5151395948592845,,0,0.0,,0,0.0,,0,0.0
1726627716,render/train/1726627716.png,train,,0,0.0,0.3335926,1,-1.1354536225454472,,0,0.0,,0,0.0,,0,0.0
1726926869,render/train/1726926869.png,train,,0,0.0,0.38806577,1,0.7043105152906952,,0,0.0,,0,0.0,,0,0.0
1727053406,render/train/1727053406.png,train,,0,0.0,0.37561604,1,0.28383623814209596,,0,0.0,,0,0.0,,0,0.0
1727549471,render/train/1727549471.png,train,,0,0.0,0.35806566,1,-0.3089062023914118,,0,0.0,,0,0.0,,0,0.0
1727851724,render/train/1727851724.png,train,,0,0.0,0.3388664,1,-0.9573375314473848,,0,0.0,,0,0.0,,0,0.0
1727933263,render/train/1727933263.png,train,,0,0.0,0.349997,1,-0.5814152432346928,0.3745,1,1.3197313543667581,1.073694962,1,0.6034003282052569,27.22066116,1,2.3436142219352694
1727988738,render/train/1727988738.png,train,,0,0.0,0.43315781,1,2.227238556634221,,0,0.0,,0,0.0,,0,0.0
1728252484,render/train/1728252484.png,train,,0,0.0,0.36105777,1,-0.20785137715431087,,0,0.0,,0,0.0,,0,0.0
1728340477,render/train/1728340477.png,train,,0,0.0,0.35936373,1,-0.26506548898330773,,0,0.0,,0,0.0,,0,0.0
1729263987,render/train/1729263987.png,train,,0,0.0,0.31218986,1,-1.8583047711646887,,0,0.0,,0,0.0,,0,0.0
1729640187,render/train/1729640187.png,train,,0,0.0,0.35751263,1,-0.32758410861841386,,0,0.0,,0,0.0,,0,0.0
1729688245,render/train/1729688245.png,train,,0,0.0,0.34329551,1,-0.8077498033872872,,0,0.0,,0,0.0,,0,0.0
1729742723,render/train/1729742723.png,train,,0,0.0,0.41042216,1,1.4593700165732273,0.286,1,0.33132253699643166,0.790932839,1,-1.330820613817192,11.50351128,1,-1.0667518698121445
1730077255,render/train/1730077255.png,train,,0,0.0,0.34118592,1,-0.8789986039901866,,0,0.0,,0,0.0,,0,0.0
1730293187,render/train/1730293187.png,train,,0,0.0,0.36745632,1,0.008251758098355037,,0,0.0,,0,0.0,,0,0.0
1730621528,render/train/1730621528.png,train,,0,0.0,,0,0.0,0.1868,1,-0.7765888153553915,0.75714125,1,-1.5619703817371884,12.12922155,1,-0.9309829101497124
1731176824,render/train/1731176824.png,train,,0,0.0,0.37011178,1,0.09793664475830825,,0,0.0,,0,0.0,,0,0.0
1731224858,render/train/1731224858.png,train,,0,0.0,0.36446129,1,-0.09290168653766309,,0,0.0,,0,0.0,,0,0.0
1731329584,render/train/1731329584.png,train,,0,0.0,0.40352288,1,1.2263553430947027,,0,0.0,,0,0.0,,0,0.0
1731885131,render/train/1731885131.png,train,,0,0.0,0.38457352,1,0.58636407835012,0.282,1,0.2866486921435355,0.931177736,1,-0.37148202238505296,11.54920484,1,-1.0568371098954294
1732473081,render/train/1732473081.png,train,,0,0.0,0.35920992,1,-0.27026023204747185,,0,0.0,,0,0.0,,0,0.0
1732679124,render/train/1732679124.png,train,-48.88416733,1,-1.3066504505828949,,0,0.0,0.324,1,0.755724063098945,,0,0.0,,0,0.0
1733327889,render/train/1733327889.png,train,,0,0.0,0.38046147,1,0.44748466077649485,,0,0.0,,0,0.0,,0,0.0
1733763010,render/train/1733763010.png,train,,0,0.0,0.36434103,1,-0.09696331972728917,,0,0.0,,0,0.0,,0,0.0
1734361691,render/train/1734361691.png,train,-4.158432897,1,-0.904542867945745,,0,0.0,,0,0.0,,0,0.0,,0,0.0
1734399308,render/train/1734399308.png,train,,0,0.0,0.39803512,1,1.0410130168623284,,0,0.0,,0,0.0,,0,0.0
1734532283,render/train/1734532283.png,train,,0,0.0,0.35709749,1,-0.34160495014794595,,0,0.0,,0,0.0,,0,0.0
1734712168,render/train/1734712168.png,train,,0,0.0,0.39669979,1,0.9959138929050337,,0,0.0,,0,0.0,,0,0.0
1734866978,render/train/1734866978.png,train,,0,0.0,0.35680339,1,-0.3515378149497859,,0,0.0,,0,0.0,,0,0.0
1735118252,render/train/1735118252.png,train,,0,0.0,,0,0.0,0.297,1,0.4541756103418961,,0,0.0,,0,0.0
1736400792,render/train/1736400792.png,train,,0,0.0,,0,0.0,0.3954,1,1.55315219372314,,0,0.0,,0,0.0
1736906548,render/train/1736906548.png,train,,0,0.0,0.37562104,1,0.28400510697585835,,0,0.0,,0,0.0,,0,0.0
1737253601,render/train/1737253601.png,train,,0,0.0,0.38106993,1,0.46803464689457347,,0,0.0,,0,0.0,,0,0.0
1737477599,render/train/1737477599.png,train,,0,0.0,0.36849354,1,0.04328258444913314,,0,0.0,,0,0.0,,0,0.0
1737643625,render/train/1737643625.png,train,,0,0.0,0.34622731,1,-0.7087318740230152,,0,0.0,,0,0.0,,0,0.0
1737989724,render/train/1737989724.png,train,,0,0.0,0.36411476,1,-0.10460530993032374,,0,0.0,,0,0.0,,0,0.0
1738001334,render/train/1738001334.png,train,29.19231194,1,-0.6047023498287359,,0,0.0,,0,0.0,,0,0.0,,0,0.0
1738112244,render/train/1738112244.png,train,,0,0.0,0.40403042,1,1.2434968806721451,,0,0.0,,0,0.0,,0,0.0
1738468386,render/train/1738468386.png,train,,0,0.0,0.35455535,1,-0.42746259355953414,,0,0.0,,0,0.0,,0,0.0
1738776210,render/train/1738776210.png,train,,0,0.0,0.37118508,1,0.13418602861350765,,0,0.0,,0,0.0,,0,0.0
1738997335,render/train/1738997335.png,train,82.18427933,1,-0.1282770395121425,,0,0.0,,0,0.0,,0,0.0,,0,0.0
1740193535,render/train/1740193535.png,train,,0,0.0,0.33679836,1,-1.027183032041726,,0,0.0,,0,0.0,,0,0.0
1740911960,render/train/1740911960.png,train,,0,0.0,0.3551194,1,-0.4084125004229231,,0,0.0,,0,0.0,,0,0.0
1740942243,render/train/1740942243.png,train,,0,0.0,0.4023531,1,1.1868474662232469,,0,0.0,,0,0.0,,0,0.0
1740967529,render/train/1740967529.png,train,,0,0.0,0.35826257,1,-0.3022558099802247,,0,0.0,,0,0.0,,0,0.0
1740996788,render/train/1740996788.png,train,,0,0.0,0.38321715,1,0.5405543543403589,,0,0.0,,0,0.0,,0,0.0
1741015152,render/train/1741015152.png,train,,0,0.0,0.33689515,1,-1.0239140691577762,,0,0.0,,0,0.0,,0,0.0
1741494533,render/train/1741494533.png,train,,0,0.0,0.37801304,1,0.3647919570472617,,0,0.0,,0,0.0,,0,0.0
1741924076,render/train/1741924076.png,train,,0,0.0,0.32616598,1,-1.3862785541831077,,0,0.0,,0,0.0,,0,0.0
1742146572,render/train/1742146572.png,train,,0,0.0,0.35372758,1,-0.4554195044640516,,0,0.0,,0,0.0,,0,0.0
1742249499,render/train/1742249499.png,train,,0,0.0,0.39101993,1,0.8040836260795494,,0,0.0,,0,0.0,,0,0.0
1742353769,render/train/1742353769.png,train,,0,0.0,0.37752253,1,0.3482255867176112,0.1694999999999999,1,-0.9698031943441682,0.931563064,1,-0.36884620440759475,14.6102827,1,-0.39263296234659023
1742360510,render/train/1742360510.png,train,,0,0.0,0.35362502,1,-0.4588833419821624,,0,0.0,,0,0.0,,0,0.0
1742360572,render/train/1742360572.png,train,,0,0.0,0.39194172,1,0.8352159465341134,0.1623333333333333,1,-1.0498438330389397,,0,0.0,,0,0.0
1743216271,render/train/1743216271.png,train,,0,0.0,0.37933974,1,0.4095996133974821,,0,0.0,,0,0.0,,0,0.0
1744491015,render/train/1744491015.png,train,,0,0.0,0.35752228,1,-0.32725819176925364,,0,0.0,,0,0.0,,0,0.0
1744666695,render/train/1744666695.png,train,,0,0.0,0.34003705,1,-0.9178002713988531,,0,0.0,,0,0.0,,0,0.0
1744915619,render/train/1744915619.png,train,,0,0.0,0.35798941,1,-0.31148145210627154,,0,0.0,,0,0.0,,0,0.0
1744939463,render/train/1744939463.png,train,,0,0.0,0.36007699,1,-0.2409760121095918,,0,0.0,,0,0.0,,0,0.0
1744997791,render/train/1744997791.png,train,,0,0.0,0.42983858,1,2.1151356568171225,,0,0.0,,0,0.0,,0,0.0
1745103437,render/train/1745103437.png,train,,0,0.0,0.43253891,1,2.2063359723912486,,0,0.0,,0,0.0,,0,0.0
1745290374,render/train/1745290374.png,train,,0,0.0,0.36046358,1,-0.22791941162083537,,0,0.0,,0,0.0,,0,0.0
1745650366,render/train/1745650366.png,train,,0,0.0,0.35606714,1,-0.3764037507211363,,0,0.0,,0,0.0,,0,0.0
1746336965,render/train/1746336965.png,train,,0,0.0,0.36342185,1,-0.1280074906506311,,0,0.0,,0,0.0,,0,0.0
1746379826,render/train/1746379826.png,train,,0,0.0,0.37925907,1,0.4068750836335772,,0,0.0,,0,0.0,,0,0.0
1746456403,render/train/1746456403.png,train,,0,0.0,0.37808499,1,0.3672219795650863,,0,0.0,,0,0.0,,0,0.0
1747354606,render/train/1747354606.png,train,,0,0.0,0.36863924,1,0.04820342226493626,,0,0.0,,0,0.0,,0,0.0
1747846009,render/train/1747846009.png,train,,0,0.0,0.34961914,1,-0.5941769987397016,,0,0.0,,0,0.0,,0,0.0
1748642050,render/train/1748642050.png,train,,0,0.0,0.40987104,1,1.4407566182407239,,0,0.0,,0,0.0,,0,0.0
1748671851,render/train/1748671851.png,train,,0,0.0,0.42642935,1,1.9999931179923178,,0,0.0,,0,0.0,,0,0.0
1748848667,render/train/1748848667.png,train,,0,0.0,0.394744,1,0.929859497628633,,0,0.0,,0,0.0,,0,0.0
1748879320,render/train/1748879320.png,train,,0,0.0,0.37706698,1,0.33283994727361876,,0,0.0,,0,0.0,,0,0.0
1749285601,render/train/1749285601.png,train,,0,0.0,0.37111974,1,0.13197925069391422,,0,0.0,,0,0.0,,0,0.0
1749666987,render/train/1749666987.png,train,,0,0.0,0.343504,1,-0.8007083107571105,,0,0.0,,0,0.0,,0,0.0
1749688285,render/train/1749688285.png,train,395.15,1,2.6854473404737624,,0,0.0,,0,0.0,,0,0.0,,0,0.0
1750306188,render/train/1750306188.png,train,,0,0.0,,0,0.0,0.3665,1,1.2303836646609658,,0,0.0,,0,0.0
1750548820,render/train/1750548820.png,train,,0,0.0,0.35076731,1,-0.5553989729677604,,0,0.0,,0,0.0,,0,0.0
1751325850,render/train/1751325850.png,train,,0,0.0,0.33742314,1,-1.00608185805025,0.208,1,-0.5398174376350422,1.117366408,1,0.9021327911157954,14.44836262,1,-0.42776698821140147
1751332443,render/train/1751332443.png,train,,0,0.0,0.3775713,1,0.34987273332211805,,0,0.0,,0,0.0,,0,0.0
1751447126,render/train/1751447126.png,train,,0,0.0,0.38003558,1,0.433100751254374,,0,0.0,,0,0.0,,0,0.0
1751469406,render/train/1751469406.png,train,10.59395774,1,-0.7719112138797997,,0,0.0,,0,0.0,,0,0.0,,0,0.0
1751782566,render/train/1751782566.png,train,,0,0.0,0.33474357,1,-1.0965810302266008,,0,0.0,,0,0.0,,0,0.0
1751963173,render/train/1751963173.png,train,,0,0.0,0.43447128,1,2.271599386050312,,0,0.0,,0,0.0,,0,0.0
1752199076,render/train/1752199076.png,train,,0,0.0,0.37287608,1,0.19129746819157728,,0,0.0,,0,0.0,,0,0.0
1752812344,render/train/1752812344.png,train,,0,0.0,0.36476789,1,-0.08254664965142086,,0,0.0,,0,0.0,,0,0.0
1753150513,render/train/1753150513.png,train,,0,0.0,0.34568614,1,-0.7270092233763363,,0,0.0,,0,0.0,,0,0.0
1753201911,render/train/1753201911.png,train,,0,0.0,0.37635189,1,0.3086886644067469,,0,0.0,,0,0.0,,0,0.0
1753371685,render/train/1753371685.png,train,,0,0.0,0.40216642,1,1.1805425794459354,,0,0.0,,0,0.0,,0,0.0
1753717945,render/train/1753717945.png,train,,0,0.0,0.39879763,1,1.066765851748593,,0,0.0,,0,0.0,,0,0.0
1754228548,render/train/1754228548.png,train,,0,0.0,0.37248481,1,0.17808280647442098,,0,0.0,,0,0.0,,0,0.0
1754638763,render/train/1754638763.png,train,,0,0.0,0.40450546,1,1.2595407708301376,,0,0.0,,0,0.0,,0,0.0
1754839380,render/train/1754839380.png,train,,0,0.0,0.35900925,1,-0.2770376138216481,,0,0.0,,0,0.0,,0,0.0
1754909012,render/train/1754909012.png,train,,0,0.0,0.3802377249999999,1,0.439927949334507,,0,0.0,,0,0.0,,0,0.0
1754987570,render/train/1754987570.png,train,,0,0.0,0.36316614,1,-0.13664378054685003,,0,0.0,,0,0.0,,0,0.0
1754996829,render/train/1754996829.png,train,,0,0.0,0.38361184,1,0.5538845223398071,,0,0.0,,0,0.0,,0,0.0
1755097598,render/train/1755097598.png,train,,0,0.0,0.34473863,1,-0.7590102051117686,,0,0.0,,0,0.0,,0,0.0
1755361106,render/train/1755361106.png,train,,0,0.0,0.35225181,1,-0.5052618162240322,,0,0.0,,0,0.0,,0,0.0
1755371243,render/train/1755371243.png,train,,0,0.0,0.36152186,1,-0.192177309742256,,0,0.0,,0,0.0,,0,0.0
1755519343,render/train/1755519343.png,train,,0,0.0,0.36111327,1,-0.20597693309956097,,0,0.0,,0,0.0,,0,0.0
1755789541,render/train/1755789541.png,train,,0,0.0,0.33616703,1,-1.048505424205431,,0,0.0,,0,0.0,,0,0.0
1755924093,render/train/1755924093.png,train,,0,0.0,0.38085413,1,0.4607462680294364,,0,0.0,,0,0.0,,0,0.0
1756335423,render/train/1756335423.png,train,,0,0.0,0.36293464,1,-0.14446240754999967,,0,0.0,,0,0.0,,0,0.0
1756666691,render/train/1756666691.png,train,,0,0.0,0.34276192,1,-0.8257711475886259,,0,0.0,,0,0.0,,0,0.0
1756941114,render/train/1756941114.png,train,,0,0.0,0.33124109,1,-1.2148729728010517,,0,0.0,,0,0.0,,0,0.0
1757174370,render/train/1757174370.png,train,,0,0.0,,0,0.0,0.302,1,0.5100179164080162,1.004989804,1,0.1334259411882194,16.962466,1,0.11775258650551051
1757237275,render/train/1757237275.png,train,,0,0.0,0.42976694,1,2.1127161041669895,,0,0.0,,0,0.0,,0,0.0
1757460664,render/train/1757460664.png,train,,0,0.0,0.34005308,1,-0.9172588779178145,,0,0.0,,0,0.0,,0,0.0
1757862881,render/train/1757862881.png,train,,0,0.0,0.3498874,1,-0.5851168480707399,,0,0.0,,0,0.0,,0,0.0
1758001941,render/train/1758001941.png,train,,0,0.0,0.34157753,1,-0.865772459192333,,0,0.0,,0,0.0,,0,0.0
1758192044,render/train/1758192044.png,train,,0,0.0,0.3708493,1,0.1228454732134339,,0,0.0,,0,0.0,,0,0.0
1758920260,render/train/1758920260.png,train,,0,0.0,0.34511671,1,-0.7462410193780745,,0,0.0,,0,0.0,,0,0.0
1759081904,render/train/1759081904.png,train,,0,0.0,0.34413754,1,-0.7793112785688828,,0,0.0,,0,0.0,,0,0.0
1759526318,render/train/1759526318.png,train,,0,0.0,0.37919414,1,0.40468215295835425,,0,0.0,,0,0.0,,0,0.0
1760524706,render/train/1760524706.png,train,,0,0.0,0.38480348,1,0.5941306937524686,,0,0.0,,0,0.0,,0,0.0
1761132878,render/train/1761132878.png,train,,0,0.0,0.36970834,1,0.08431095629977771,,0,0.0,,0,0.0,,0,0.0
1761703329,render/train/1761703329.png,train,,0,0.0,0.40651799,1,1.3275114896320614,,0,0.0,,0,0.0,,0,0.0
1762139545,render/train/1762139545.png,train,,0,0.0,0.3453129649999999,1,-0.7396127487841125,,0,0.0,,0,0.0,,0,0.0
1762883597,render/train/1762883597.png,train,,0,0.0,0.39205535,1,0.8390536596501736,,0,0.0,,0,0.0,,0,0.0
1763751155,render/train/1763751155.png,train,,0,0.0,0.34081676,1,-0.8914665277244498,,0,0.0,,0,0.0,,0,0.0
1763893927,render/train/1763893927.png,train,,0,0.0,0.33700736,1,-1.0201243147905052,,0,0.0,,0,0.0,,0,0.0
1764253172,render/train/1764253172.png,train,,0,0.0,0.34590052,1,-0.7197688032599866,,0,0.0,,0,0.0,,0,0.0
1764580479,render/train/1764580479.png,train,,0,0.0,0.39742745,1,1.020489712019983,,0,0.0,,0,0.0,,0,0.0
1764654755,render/train/1764654755.png,train,,0,0.0,0.40001561,1,1.1079016241775095,,0,0.0,,0,0.0,,0,0.0
1765162399,render/train/1765162399.png,train,,0,0.0,0.38190375,1,0.49619588908794143,,0,0.0,,0,0.0,,0,0.0
1765350912,render/train/1765350912.png,train,,0,0.0,0.32806661,1,-1.3220871198807633,,0,0.0,,0,0.0,,0,0.0
1765460904,render/train/1765460904.png,train,,0,0.0,0.35837048,1,-0.29861128280998883,,0,0.0,,0,0.0,,0,0.0
1765837976,render/train/1765837976.png,train,,0,0.0,0.3631463,1,-0.13731385207921648,,0,0.0,,0,0.0,,0,0.0
1765927815,render/train/1765927815.png,train,,0,0.0,0.3967853,1,0.9988018877000198,,0,0.0,,0,0.0,,0,0.0
1766008027,render/train/1766008027.png,train,235.370823,1,1.248949551589633,,0,0.0,,0,0.0,,0,0.0,,0,0.0
1766205762,render/train/1766205762.png,train,,0,0.0,0.33483978,1,-1.0933316561273665,,0,0.0,,0,0.0,,0,0.0
1766427036,render/train/1766427036.png,train,,0,0.0,0.39240961,1,0.8510183542598286,,0,0.0,,0,0.0,,0,0.0
1768246998,render/train/1768246998.png,train,,0,0.0,0.3804246,1,0.4462394219963383,,0,0.0,,0,0.0,,0,0.0
1768426283,render/train/1768426283.png,train,,0,0.0,0.38899686,1,0.7357569317760566,,0,0.0,,0,0.0,,0,0.0
1769198640,render/train/1769198640.png,train,,0,0.0,0.38969165,1,0.7592226071778586,,0,0.0,,0,0.0,,0,0.0
1769217359,render/train/1769217359.png,train,,0,0.0,0.40095438,1,1.1396074231915267,,0,0.0,,0,0.0,,0,0.0
1769343674,render/train/1769343674.png,train,,0,0.0,0.37169398,1,0.15137349851373144,,0,0.0,,0,0.0,,0,0.0
1769579666,render/train/1769579666.png,train,,0,0.0,0.35976749,1,-0.2514289929194146,,0,0.0,,0,0.0,,0,0.0
1769889494,render/train/1769889494.png,train,,0,0.0,0.36266864,1,-0.15344622950610012,,0,0.0,,0,0.0,,0,0.0
1770296397,render/train/1770296397.png,train,,0,0.0,0.36112201,1,-0.205681750378146,,0,0.0,,0,0.0,,0,0.0
1770973625,render/train/1770973625.png,train,,0,0.0,0.36219263,1,-0.1695228802178419,,0,0.0,,0,0.0,,0,0.0
1771399222,render/train/1771399222.png,train,,0,0.0,0.3413806,1,-0.8724235270788567,,0,0.0,,0,0.0,,0,0.0
1771648139,render/train/1771648139.png,train,,0,0.0,0.35713258,1,-0.34041982867261056,,0,0.0,,0,0.0,,0,0.0
1772221241,render/train/1772221241.png,train,,0,0.0,0.37902457,1,0.39895513533017346,,0,0.0,,0,0.0,,0,0.0
1773311444,render/train/1773311444.png,train,,0,0.0,0.35215357,1,-0.5085797510697732,,0,0.0,,0,0.0,,0,0.0
1773383580,render/train/1773383580.png,train,,0,0.0,0.36384128,1,-0.11384175966173124,,0,0.0,,0,0.0,,0,0.0
1773451274,render/train/1773451274.png,train,,0,0.0,0.38467794,1,0.5898907350743907,,0,0.0,,0,0.0,,0,0.0
1773543795,render/train/1773543795.png,train,,0,0.0,0.34841899,1,-0.6347105849074255,,0,0.0,,0,0.0,,0,0.0
1773625763,render/train/1773625763.png,train,,0,0.0,0.39894601,1,1.0717772032592934,,0,0.0,,0,0.0,,0,0.0
1773759171,render/train/1773759171.png,train,,0,0.0,0.39294141,1,0.8689792434186789,,0,0.0,,0,0.0,,0,0.0
1773982795,render/train/1773982795.png,train,,0,0.0,0.35157663,1,-0.5280651880598223,,0,0.0,,0,0.0,,0,0.0
1774773315,render/train/1774773315.png,train,,0,0.0,,0,0.0,0.2784999999999999,1,0.24755907789725076,0.939550686,1,-0.31420725352746115,18.92440401,1,0.5434612496218797
1775591199,render/train/1775591199.png,train,,0,0.0,0.39987425,1,1.103127364509409,,0,0.0,,0,0.0,,0,0.0
1775887847,render/train/1775887847.png,train,,0,0.0,0.33930504,1,-0.9425230063991743,,0,0.0,,0,0.0,,0,0.0
1776137292,render/train/1776137292.png,train,,0,0.0,0.38383553,1,0.5614393762246198,,0,0.0,,0,0.0,,0,0.0
1776297302,render/train/1776297302.png,train,,0,0.0,,0,0.0,0.304,1,0.5323548388344643,,0,0.0,,0,0.0
1776629260,render/train/1776629260.png,train,,0,0.0,0.36733579,1,0.0041810059917050234,,0,0.0,,0,0.0,,0,0.0
1777009355,render/train/1777009355.png,train,,0,0.0,0.36490438,1,-0.07793686822740542,,0,0.0,,0,0.0,,0,0.0
1777047790,render/train/1777047790.png,train,,0,0.0,0.31058634,1,-1.91246168162727,,0,0.0,,0,0.0,,0,0.0
1777341480,render/train/1777341480.png,train,,0,0.0,0.37314442,1,0.20036032076187768,,0,0.0,,0,0.0,,0,0.0
1777517337,render/train/1777517337.png,train,,0,0.0,0.37091967,1,0.1252221331797899,,0,0.0,,0,0.0,,0,0.0
1777622609,render/train/1777622609.png,train,11.47675289,1,-0.7639744269666175,,0,0.0,0.207,1,-0.5509858988482662,0.905312834,1,-0.5484096624132698,11.11375504,1,-1.151322639645827
1777831717,render/train/1777831717.png,train,,0,0.0,0.38178031,1,0.4920268553200435,,0,0.0,,0,0.0,,0,0.0
1777861386,render/train/1777861386.png,train,,0,0.0,0.3626091,1,-0.1554571195785286,,0,0.0,,0,0.0,,0,0.0
1778072997,render/train/1778072997.png,train,,0,0.0,0.38660473,1,0.6549656911149759,,0,0.0,,0,0.0,,0,0.0
1778095789,render/train/1778095789.png,train,,0,0.0,0.34800981,1,-0.6485301347871151,,0,0.0,,0,0.0,,0,0.0
1778794604,render/train/1778794604.png,train,,0,0.0,0.397984,1,1.0392865019059523,,0,0.0,,0,0.0,,0,0.0
1778806349,render/train/1778806349.png,train,,0,0.0,0.37673739,1,0.3217084514897421,,0,0.0,,0,0.0,,0,0.0
1779122339,render/train/1779122339.png,train,315.1120806,1,1.9658648741991607,,0,0.0,,0,0.0,,0,0.0,,0,0.0
1779443972,render/train/1779443972.png,train,,0,0.0,0.35173384,1,-0.522755614188699,,0,0.0,,0,0.0,,0,0.0
1779551878,render/train/1779551878.png,train,,0,0.0,,0,0.0,0.33,1,0.8227348303782892,,0,0.0,,0,0.0
1780220643,render/train/1780220643.png,train,,0,0.0,,0,0.0,0.3349999999999999,1,0.8785771364444082,0.94573393,1,-0.27191106510043306,19.75537697,1,0.7237688771230423
1780262446,render/train/1780262446.png,train,,0,0.0,0.3884914,1,0.7186856436334594,,0,0.0,,0,0.0,,0,0.0
1780443736,render/train/1780443736.png,train,,0,0.0,0.3658892,1,-0.04467578725444408,,0,0.0,,0,0.0,,0,0.0
1781035787,render/train/1781035787.png,train,,0,0.0,0.38422628,1,0.5746364755830649,,0,0.0,,0,0.0,,0,0.0
1781608309,render/train/1781608309.png,train,,0,0.0,0.35216726,1,-0.5081173882029363,,0,0.0,,0,0.0,,0,0.0
1781915086,render/train/1781915086.png,train,,0,0.0,0.33053408,1,-1.2387513636325664,,0,0.0,,0,0.0,,0,0.0
1781926636,render/train/1781926636.png,train,,0,0.0,0.36660231,1,-0.020591376445742084,,0,0.0,,0,0.0,,0,0.0
1782813918,render/train/1782813918.png,train,,0,0.0,0.39392951,1,0.9023511023465857,,0,0.0,,0,0.0,,0,0.0
1782970907,render/train/1782970907.png,train,,0,0.0,0.37853273,1,0.3823438458907418,,0,0.0,,0,0.0,,0,0.0
1783140001,render/train/1783140001.png,train,,0,0.0,0.38684815,1,0.6631869014178106,,0,0.0,,0,0.0,,0,0.0
1783164838,render/train/1783164838.png,train,,0,0.0,0.40843427,1,1.3922314833840799,,0,0.0,,0,0.0,,0,0.0
1783173657,render/train/1783173657.png,train,,0,0.0,0.39313368,1,0.8754729255521356,,0,0.0,,0,0.0,,0,0.0
1783262113,render/train/1783262113.png,train,,0,0.0,0.39532424,1,0.9494563880489639,,0,0.0,,0,0.0,,0,0.0
1783614985,render/train/1783614985.png,train,,0,0.0,0.34893966,1,-0.6171255977725268,,0,0.0,,0,0.0,,0,0.0
1784004493,render/train/1784004493.png,train,,0,0.0,0.38553918,1,0.6189780539521057,,0,0.0,,0,0.0,,0,0.0
1784137084,render/train/1784137084.png,train,,0,0.0,0.33912475,1,-0.94861207880694,,0,0.0,,0,0.0,,0,0.0
1784177503,render/train/1784177503.png,train,-104.3379932,1,-1.8052091472985536,,0,0.0,,0,0.0,,0,0.0,,0,0.0
1784231547,render/train/1784231547.png,train,,0,0.0,0.37958544,1,0.4178978278885126,,0,0.0,,0,0.0,,0,0.0
1784319633,render/train/1784319633.png,train,,0,0.0,0.37551115,1,0.28029370774745255,0.1635,1,-1.0368139616235112,0.949969923,1,-0.24293495513233557,9.767195327,1,-1.4435042133274498
1785002432,render/train/1785002432.png,train,,0,0.0,0.38972953,1,0.7605019574624338,,0,0.0,,0,0.0,,0,0.0
1785099361,render/train/1785099361.png,train,,0,0.0,0.36964109,1,0.08203967048568768,,0,0.0,,0,0.0,,0,0.0
1785446728,render/train/1785446728.png,train,,0,0.0,0.36309112,1,-0.13917748852860573,,0,0.0,,0,0.0,,0,0.0
1785988282,render/train/1785988282.png,train,,0,0.0,0.40147903,1,1.1573268299180999,,0,0.0,0.950245541,1,-0.24104960322613878,20.47027569,1,0.8788902809612826
1786011241,render/train/1786011241.png,train,,0,0.0,0.32366656,1,-1.4706933822790396,,0,0.0,,0,0.0,,0,0.0
1786063717,render/train/1786063717.png,train,,0,0.0,0.3913188,1,0.8141775917487973,,0,0.0,,0,0.0,,0,0.0
1786072112,render/train/1786072112.png,train,,0,0.0,0.38132966,1,0.4768067073331381,,0,0.0,,0,0.0,,0,0.0
1786149230,render/train/1786149230.png,train,,0,0.0,0.38579865,1,0.6277413332113156,,0,0.0,,0,0.0,,0,0.0
1786272690,render/train/1786272690.png,train,,0,0.0,0.36728029,1,0.0023065619369551267,,0,0.0,,0,0.0,,0,0.0
1787334599,render/train/1787334599.png,train,,0,0.0,0.32710546,1,-1.354548775794696,,0,0.0,,0,0.0,,0,0.0
1787342270,render/train/1787342270.png,train,,0,0.0,0.37661047,1,0.3174218850135444,,0,0.0,,0,0.0,,0,0.0
1787772171,render/train/1787772171.png,train,,0,0.0,0.40318632,1,1.214988444156563,0.3409999999999999,1,0.9455879037237523,0.795879987,1,-1.296979881673289,11.75279889,1,-1.0126605098182706
1788116403,render/train/1788116403.png,train,,0,0.0,0.3630012,1,-0.14221442563496767,,0,0.0,,0,0.0,,0,0.0
1788310964,render/train/1788310964.png,train,,0,0.0,0.36594345,1,-0.04284356040813478,,0,0.0,,0,0.0,,0,0.0
1788326945,render/train/1788326945.png,train,,0,0.0,0.3435113,1,-0.8004617622598175,,0,0.0,,0,0.0,,0,0.0
1788446474,render/train/1788446474.png,train,,0,0.0,0.35989808,1,-0.24701847671923763,,0,0.0,,0,0.0,,0,0.0
1788777860,render/train/1788777860.png,train,,0,0.0,0.35224446,1,-0.5055100534096619,,0,0.0,,0,0.0,,0,0.0
1788955118,render/train/1788955118.png,train,,0,0.0,0.34613414,1,-0.7118785758713242,,0,0.0,,0,0.0,,0,0.0
1789314864,render/train/1789314864.png,train,,0,0.0,0.36320309,1,-0.13539583986535472,,0,0.0,,0,0.0,,0,0.0
1789414981,render/train/1789414981.png,train,,0,0.0,0.33175789,1,-1.1974186901434847,,0,0.0,,0,0.0,,0,0.0
1789644215,render/train/1789644215.png,train,,0,0.0,0.37086553,1,0.12339362144782327,,0,0.0,,0,0.0,,0,0.0
1789925675,render/train/1789925675.png,train,,0,0.0,0.35770288,1,-0.3211586494937965,,0,0.0,,0,0.0,,0,0.0
1790048084,render/train/1790048084.png,train,,0,0.0,,0,0.0,0.36175,1,1.177333473898152,0.880404561,1,-0.7187935269671948,21.78044662,1,1.1631760801156754
1790316910,render/train/1790316910.png,train,,0,0.0,0.33227989,1,-1.1797887838988048,,0,0.0,,0,0.0,,0,0.0
1790362530,render/train/1790362530.png,train,,0,0.0,0.32153252,1,-1.5427679514790302,,0,0.0,,0,0.0,,0,0.0
1790709868,render/train/1790709868.png,train,,0,0.0,0.36308628,1,-0.13934095355968684,,0,0.0,,0,0.0,,0,0.0
1791119608,render/train/1791119608.png,train,,0,0.0,,0,0.0,0.408,1,1.6938748050097627,0.861970531,1,-0.8448906381841383,12.57201307,1,-0.8349043464755904
1791310539,render/train/1791310539.png,train,,0,0.0,0.35237938,1,-0.5009532967994459,,0,0.0,,0,0.0,,0,0.0
1791321384,render/train/1791321384.png,train,,0,0.0,0.35212894,1,-0.5094115989448822,,0,0.0,,0,0.0,,0,0.0
1791454945,render/train/1791454945.png,train,,0,0.0,0.39947909,1,1.0897813228395863,,0,0.0,,0,0.0,,0,0.0
1791486137,render/train/1791486137.png,train,,0,0.0,0.35211181,1,-0.5099901435693476,,0,0.0,,0,0.0,,0,0.0
1791802492,render/train/1791802492.png,train,,0,0.0,0.34317631,1,-0.8117756363841578,,0,0.0,,0,0.0,,0,0.0
1792328384,render/train/1792328384.png,train,,0,0.0,0.40365353,1,1.2307678857208857,,0,0.0,,0,0.0,,0,0.0
1792336093,render/train/1792336093.png,train,,0,0.0,0.46291081,1,3.2321094388141796,,0,0.0,,0,0.0,,0,0.0
1792419504,render/train/1792419504.png,train,,0,0.0,0.335675645,1,-1.0651013465809882,,0,0.0,,0,0.0,,0,0.0
1792717166,render/train/1792717166.png,train,,0,0.0,0.38823486,1,0.7100213215108359,,0,0.0,,0,0.0,,0,0.0
1792997917,render/train/1792997917.png,train,,0,0.0,0.34337601,1,-0.8050310151637309,,0,0.0,,0,0.0,,0,0.0
1793024081,render/train/1793024081.png,train,,0,0.0,0.34091912,1,-0.8880094449596878,,0,0.0,,0,0.0,,0,0.0
1793643312,render/train/1793643312.png,train,,0,0.0,0.32181742,1,-1.5331458053313105,,0,0.0,,0,0.0,,0,0.0
1793714873,render/train/1793714873.png,train,,0,0.0,0.39640664,1,0.9860131131816084,,0,0.0,,0,0.0,,0,0.0
1794681107,render/train/1794681107.png,train,,0,0.0,0.34460081,1,-0.7636649056455652,,0,0.0,,0,0.0,,0,0.0
1794683515,render/train/1794683515.png,train,,0,0.0,0.37594298,1,0.2948782334440794,,0,0.0,,0,0.0,,0,0.0
1795125893,render/train/1795125893.png,train,,0,0.0,0.34164586,1,-0.8634646977101511,,0,0.0,,0,0.0,,0,0.0
1795185770,render/train/1795185770.png,train,,0,0.0,0.3785304,1,0.38226515301420916,,0,0.0,,0,0.0,,0,0.0
1795208457,render/train/1795208457.png,train,,0,0.0,,0,0.0,0.21,1,-0.5174805152085942,,0,0.0,,0,0.0
1795274975,render/train/1795274975.png,train,,0,0.0,0.37750321,1,0.34757307754395605,,0,0.0,,0,0.0,,0,0.0
1795499344,render/train/1795499344.png,train,,0,0.0,0.42706611,1,2.0214989017094864,,0,0.0,,0,0.0,,0,0.0
1795625722,render/train/1795625722.png,train,,0,0.0,0.38254246,1,0.5177675316502762,,0,0.0,,0,0.0,,0,0.0
1795760270,render/train/1795760270.png,train,,0,0.0,,0,0.0,0.2463333333333333,1,-0.11169309112812156,,0,0.0,12.33123131,1,-0.8871500752549655
1796091822,render/train/1796091822.png,train,,0,0.0,0.35671803,1,-0.354420743679758,,0,0.0,,0,0.0,,0,0.0
1796177259,render/train/1796177259.png,train,,0,0.0,0.43011281,1,2.124397436873594,,0,0.0,,0,0.0,,0,0.0
1796439360,render/train/1796439360.png,train,,0,0.0,0.36845813,1,0.04208665536843519,,0,0.0,,0,0.0,,0,0.0
1796856353,render/train/1796856353.png,train,,0,0.0,,0,0.0,0.1139999999999999,1,-1.5896527916781018,1.11386163,1,0.87815852280568,13.75326334,1,-0.578592235346478
1796975944,render/train/1796975944.png,train,,0,0.0,0.34355176,1,-0.7990952756570223,,0,0.0,,0,0.0,,0,0.0
1797111879,render/train/1797111879.png,train,,0,0.0,0.40660507,1,1.3304525092408488,,0,0.0,,0,0.0,,0,0.0
1797127681,render/train/1797127681.png,train,,0,0.0,0.37549174,1,0.2796381589347913,,0,0.0,,0,0.0,,0,0.0
1797412842,render/train/1797412842.png,train,,0,0.0,0.35920026,1,-0.2705864866342994,,0,0.0,,0,0.0,,0,0.0
1797791168,render/train/1797791168.png,train,,0,0.0,0.32886329,1,-1.295180235384574,,0,0.0,,0,0.0,,0,0.0
1797950227,render/train/1797950227.png,train,,0,0.0,0.38103363,1,0.46680865916146685,,0,0.0,,0,0.0,,0,0.0
1798703824,render/train/1798703824.png,train,,0,0.0,0.34885907,1,-0.6198474256350911,,0,0.0,,0,0.0,,0,0.0
1798783963,render/train/1798783963.png,train,,0,0.0,0.37947284,1,0.41409490175220764,,0,0.0,,0,0.0,,0,0.0
1798943055,render/train/1798943055.png,train,,0,0.0,,0,0.0,,0,0.0,0.81139035,1,-1.190881976428143,13.05800565,1,-0.7294518548771047
1799071483,render/train/1799071483.png,train,,0,0.0,0.41859746,1,1.735480691902969,,0,0.0,,0,0.0,,0,0.0
1799254140,render/train/1799254140.png,train,,0,0.0,0.39110607,1,0.8069928983475876,,0,0.0,,0,0.0,,0,0.0
1799502171,render/train/1799502171.png,train,5.219913288,1,-0.8202266647264581,,0,0.0,,0,0.0,,0,0.0,,0,0.0
1799759378,render/train/1799759378.png,train,,0,0.0,0.37402313,1,0.2300376673447552,,0,0.0,,0,0.0,,0,0.0
1800029719,render/train/1800029719.png,train,,0,0.0,0.37700036,1,0.3305899389325827,,0,0.0,,0,0.0,,0,0.0
1800644931,render/train/1800644931.png,train,,0,0.0,0.36806189,1,0.028704138030520417,,0,0.0,,0,0.0,,0,0.0
1801218015,render/train/1801218015.png,train,,0,0.0,0.33440308,1,-1.1080806600680766,,0,0.0,,0,0.0,,0,0.0
1801224003,render/train/1801224003.png,train,,0,0.0,0.33451946,1,-1.1041500690934496,,0,0.0,,0,0.0,,0,0.0
1801465428,render/train/1801465428.png,train,,0,0.0,0.34442932,1,-0.76945676890591,,0,0.0,,0,0.0,,0,0.0
1801821900,render/train/1801821900.png,train,,0,0.0,0.37650468,1,0.3138489582288231,,0,0.0,,0,0.0,,0,0.0
1801990211,render/train/1801990211.png,train,,0,0.0,0.36588438,1,-0.044838576810190524,,0,0.0,,0,0.0,,0,0.0
1802780820,render/train/1802780820.png,train,,0,0.0,0.37532506,1,0.2740087474925238,,0,0.0,,0,0.0,,0,0.0
1802973320,render/train/1802973320.png,train,,0,0.0,0.36388882,1,-0.11223615479032843,,0,0.0,,0,0.0,,0,0.0
1803088964,render/train/1803088964.png,train,,0,0.0,0.38509104,1,0.6038426781197489,,0,0.0,,0,0.0,,0,0.0
1804539920,render/train/1804539920.png,train,,0,0.0,0.38009761,1,0.4351957380060163,,0,0.0,,0,0.0,,0,0.0
1804622774,render/train/1804622774.png,train,,0,0.0,0.38578028,1,0.6271209091160751,,0,0.0,,0,0.0,,0,0.0
1804735174,render/train/1804735174.png,train,63.90036252,1,-0.29265894811157384,,0,0.0,,0,0.0,,0,0.0,,0,0.0
1804758935,render/train/1804758935.png,train,,0,0.0,0.32001904,1,-1.5938838719832393,,0,0.0,,0,0.0,,0,0.0
1804814245,render/train/1804814245.png,train,,0,0.0,,0,0.0,0.219,1,-0.41696436428957784,,0,0.0,,0,0.0
1804819295,render/train/1804819295.png,train,,0,0.0,0.34588936,1,-0.7201457184969422,,0,0.0,,0,0.0,,0,0.0
1804829075,render/train/1804829075.png,train,,0,0.0,0.34124833,1,-0.8768907832071777,,0,0.0,,0,0.0,,0,0.0
1804836030,render/train/1804836030.png,train,,0,0.0,0.37607232,1,0.29924653243581767,,0,0.0,,0,0.0,,0,0.0
1805818890,render/train/1805818890.png,train,,0,0.0,0.34499015,1,-0.7505154272982403,,0,0.0,,0,0.0,,0,0.0
1805828893,render/train/1805828893.png,train,,0,0.0,,0,0.0,0.3329999999999999,1,0.8562402140179601,0.88205721,1,-0.7074886595694756,15.92222857,1,-0.10796203005819388
1806252045,render/train/1806252045.png,train,,0,0.0,0.33358286,1,-1.1357825790336156,,0,0.0,,0,0.0,,0,0.0
1806255411,render/train/1806255411.png,train,,0,0.0,0.36012749,1,-0.23927043688860242,,0,0.0,,0,0.0,,0,0.0
1806416444,render/train/1806416444.png,train,,0,0.0,0.36296603,1,-0.14340224901164558,,0,0.0,,0,0.0,,0,0.0
1806691588,render/train/1806691588.png,train,,0,0.0,0.34174753,1,-0.8600309188444489,,0,0.0,,0,0.0,,0,0.0
1806857427,render/train/1806857427.png,train,65.25488595,1,-0.2804810789503956,,0,0.0,,0,0.0,,0,0.0,,0,0.0
1806961099,render/train/1806961099.png,train,,0,0.0,0.41433043,1,1.5913670159580797,,0,0.0,,0,0.0,,0,0.0
1807042238,render/train/1807042238.png,train,60.41501019,1,-0.3239940758142729,,0,0.0,,0,0.0,,0,0.0,,0,0.0
1807156052,render/train/1807156052.png,train,,0,0.0,0.37926161,1,0.40696086900112965,,0,0.0,,0,0.0,,0,0.0
1807233855,render/train/1807233855.png,train,,0,0.0,0.36806216,1,0.02871325694754435,,0,0.0,,0,0.0,,0,0.0
1807732967,render/train/1807732967.png,train,,0,0.0,0.33700629,1,-1.0201604527209298,,0,0.0,,0,0.0,,0,0.0
1808141855,render/train/1808141855.png,train,,0,0.0,0.35396317,1,-0.4474627427548867,,0,0.0,,0,0.0,,0,0.0
1808438148,render/train/1808438148.png,train,,0,0.0,0.38104788,1,0.4672899353376863,,0,0.0,,0,0.0,,0,0.0
1808604040,render/train/1808604040.png,train,,0,0.0,0.34287767,1,-0.821861834087051,,0,0.0,,0,0.0,,0,0.0
1808750963,render/train/1808750963.png,train,,0,0.0,0.3991644,1,1.0791530561803178,,0,0.0,,0,0.0,,0,0.0
1808991863,render/train/1808991863.png,train,,0,0.0,0.35349732,1,-0.4631962519964261,,0,0.0,,0,0.0,,0,0.0
1809093717,render/train/1809093717.png,train,-27.34500252,1,-1.1130021717212768,,0,0.0,,0,0.0,,0,0.0,,0,0.0
1809334970,render/train/1809334970.png,train,,0,0.0,0.34226697,1,-0.8424874734426563,,0,0.0,,0,0.0,,0,0.0
1809372811,render/train/1809372811.png,train,,0,0.0,0.43791406,1,2.3878750347496527,,0,0.0,,0,0.0,,0,0.0
1809467126,render/train/1809467126.png,train,187.4626146,1,0.8182298750450472,,0,0.0,,0,0.0,,0,0.0,,0,0.0
1809480718,render/train/1809480718.png,train,157.1009863,1,0.545263067111922,,0,0.0,,0,0.0,,0,0.0,,0,0.0
1809618585,render/train/1809618585.png,train,,0,0.0,,0,0.0,0.251,1,-0.059573605466408976,0.902248035,1,-0.5693742751626566,20.35612021,1,0.8541203970350276
1809672801,render/train/1809672801.png,train,,0,0.0,,0,0.0,0.348,1,1.0237671322163213,,0,0.0,,0,0.0
1809695642,render/train/1809695642.png,train,,0,0.0,0.35607146,1,-0.37625784804876644,,0,0.0,,0,0.0,,0,0.0
1809858457,render/train/1809858457.png,train,,0,0.0,0.34205564,1,-0.8496248835704114,,0,0.0,,0,0.0,,0,0.0
1809876113,render/train/1809876113.png,train,,0,0.0,0.3561514,1,-0.3735579731345909,,0,0.0,,0,0.0,,0,0.0
1810490415,render/train/1810490415.png,train,,0,0.0,0.33698176,1,-1.0209889232193616,,0,0.0,,0,0.0,,0,0.0
1810774375,render/train/1810774375.png,train,,0,0.0,0.37953942,1,0.4163435591425743,,0,0.0,,0,0.0,,0,0.0
1810979250,render/train/1810979250.png,train,,0,0.0,0.37691892,1,0.32783940336827916,,0,0.0,,0,0.0,,0,0.0
1811086141,render/train/1811086141.png,train,,0,0.0,0.32095446,1,-1.5622912150878405,,0,0.0,,0,0.0,,0,0.0
1811300122,render/train/1811300122.png,train,,0,0.0,0.34359034,1,-0.7977922837357198,,0,0.0,,0,0.0,,0,0.0
1811542913,render/train/1811542913.png,train,,0,0.0,0.3772016,1,0.3373865717538089,,0,0.0,,0,0.0,,0,0.0
1812532838,render/train/1812532838.png,train,,0,0.0,0.33554608,1,-1.0694772446702445,,0,0.0,,0,0.0,,0,0.0
1812564153,render/train/1812564153.png,train,,0,0.0,0.35226185,1,-0.5049227276058399,,0,0.0,,0,0.0,,0,0.0
1812700910,render/train/1812700910.png,train,,0,0.0,0.39339807,1,0.8844023717437655,,0,0.0,,0,0.0,,0,0.0
1813031373,render/train/1813031373.png,train,,0,0.0,0.34611534,1,-0.7125135226862662,,0,0.0,,0,0.0,,0,0.0
1813310957,render/train/1813310957.png,train,,0,0.0,0.36363712,1,-0.1207370118818727,,0,0.0,,0,0.0,,0,0.0
1813912008,render/train/1813912008.png,train,,0,0.0,0.35000272,1,-0.5812220572888703,,0,0.0,,0,0.0,,0,0.0
1813959998,render/train/1813959998.png,train,,0,0.0,0.37421708,1,0.23658808940635576,,0,0.0,,0,0.0,,0,0.0
1814261052,render/train/1814261052.png,train,,0,0.0,0.28900346,1,-2.641396836589263,,0,0.0,,0,0.0,,0,0.0
1814313694,render/train/1814313694.png,train,,0,0.0,0.33911271,1,-0.9490187149586369,,0,0.0,,0,0.0,,0,0.0
1814513311,render/train/1814513311.png,train,,0,0.0,0.34737998,1,-0.6698018663006902,0.1755,1,-0.9027924270648231,1.051885651,1,0.4542147667880354,12.3992761,1,-0.872385461676306
1814521184,render/train/1814521184.png,train,,0,0.0,0.49559463,1,4.335965152066991,,0,0.0,,0,0.0,,0,0.0
1814522046,render/train/1814522046.png,train,,0,0.0,0.39067771,1,0.7925255676215913,,0,0.0,,0,0.0,,0,0.0
1814526307,render/train/1814526307.png,train,,0,0.0,0.36618707,1,-0.03461559535194948,,0,0.0,,0,0.0,,0,0.0
1814705967,render/train/1814705967.png,train,,0,0.0,0.34856982,1,-0.6296164876681826,,0,0.0,,0,0.0,,0,0.0
1814831585,render/train/1814831585.png,train,,0,0.0,0.36099506,1,-0.20996933006734575,,0,0.0,,0,0.0,,0,0.0
1814888987,render/train/1814888987.png,train,,0,0.0,0.34543558,1,-0.7354715783737807,,0,0.0,,0,0.0,,0,0.0
1815199784,render/train/1815199784.png,train,,0,0.0,0.36261779,1,-0.1551636255454522,,0,0.0,,0,0.0,,0,0.0
1815220094,render/train/1815220094.png,train,196.3053138,1,0.897730333659673,,0,0.0,,0,0.0,,0,0.0,,0,0.0
1815368241,render/train/1815368241.png,train,,0,0.0,0.34373829,1,-0.7927954549447228,,0,0.0,,0,0.0,,0,0.0
1815372590,render/train/1815372590.png,train,,0,0.0,0.36845122,1,0.041853278640178064,,0,0.0,,0,0.0,,0,0.0
1815391317,render/train/1815391317.png,train,,0,0.0,0.46820776,1,3.411007392612556,,0,0.0,,0,0.0,,0,0.0
1815514979,render/train/1815514979.png,train,,0,0.0,0.38779866,1,0.6952892044535007,,0,0.0,,0,0.0,,0,0.0
1815907027,render/train/1815907027.png,train,,0,0.0,0.35305401,1,-0.478168500535371,,0,0.0,,0,0.0,,0,0.0
1816427508,render/train/1816427508.png,train,,0,0.0,0.39567001,1,0.9611343433788933,,0,0.0,,0,0.0,,0,0.0
1816536666,render/train/1816536666.png,train,,0,0.0,0.37763456,1,0.35200926180686626,,0,0.0,,0,0.0,,0,0.0
1816744100,render/train/1816744100.png,train,,0,0.0,0.3795624,1,0.41711968030254143,,0,0.0,,0,0.0,,0,0.0
1817213256,render/train/1817213256.png,train,,0,0.0,0.34461865,1,-0.7630623816467034,,0,0.0,,0,0.0,,0,0.0
1817586753,render/train/1817586753.png,train,,0,0.0,0.34919746,1,-0.6084187207037934,,0,0.0,,0,0.0,,0,0.0
1817646491,render/train/1817646491.png,train,,0,0.0,0.38242794,1,0.5138997598818092,,0,0.0,,0,0.0,,0,0.0
1817835124,render/train/1817835124.png,train,,0,0.0,0.30466987,1,-2.112283159404007,,0,0.0,,0,0.0,,0,0.0
1818051082,render/train/1818051082.png,train,,0,0.0,0.35357307,1,-0.460637889164943,,0,0.0,,0,0.0,,0,0.0
1818615314,render/train/1818615314.png,train,,0,0.0,0.33681395,1,-1.0266564990180598,,0,0.0,,0,0.0,,0,0.0
1818810158,render/train/1818810158.png,train,,0,0.0,0.34707685,1,-0.6800397082163019,,0,0.0,,0,0.0,,0,0.0
1819092687,render/train/1819092687.png,train,122.4088725,1,0.23336294532435892,,0,0.0,,0,0.0,,0,0.0,,0,0.0
1819263382,render/train/1819263382.png,train,,0,0.0,0.37066817,1,0.11672803084159815,,0,0.0,,0,0.0,,0,0.0
1819602456,render/train/1819602456.png,train,,0,0.0,0.38440001,1,0.5805039920809361,,0,0.0,,0,0.0,,0,0.0
1820587217,render/train/1820587217.png,train,,0,0.0,0.37134443,1,0.13956787834548018,,0,0.0,,0,0.0,,0,0.0
1820695762,render/train/1820695762.png,train,,0,0.0,0.35443636,1,-0.4314813340653849,,0,0.0,,0,0.0,,0,0.0
1820800881,render/train/1820800881.png,train,,0,0.0,0.39538255,1,0.9514257363882884,,0,0.0,,0,0.0,,0,0.0
1820965288,render/train/1820965288.png,train,,0,0.0,0.34218345,1,-0.845308258441805,,0,0.0,,0,0.0,,0,0.0
1821594642,render/train/1821594642.png,train,,0,0.0,0.36408469,1,-0.10562088709656393,,0,0.0,,0,0.0,,0,0.0
1821776890,render/train/1821776890.png,train,,0,0.0,0.35996186,1,-0.2448643858757781,,0,0.0,,0,0.0,,0,0.0
1822483719,render/train/1822483719.png,train,,0,0.0,,0,0.0,0.3545,1,1.0963621301022775,0.943380242,1,-0.2880113566539335,21.69094086,1,1.143754784826731
1822664278,render/train/1822664278.png,train,,0,0.0,0.34066185,1,-0.8966984219320425,,0,0.0,1.031531368,1,0.31498225565551824,14.62592281,1,-0.38923931265676504
1823153942,render/train/1823153942.png,train,,0,0.0,0.33714284,1,-1.0155486448709086,,0,0.0,,0,0.0,,0,0.0
1823366229,render/train/1823366229.png,train,194.1629808,1,0.8784696472840418,,0,0.0,,0,0.0,,0,0.0,,0,0.0
1823476334,render/train/1823476334.png,train,,0,0.0,0.37139047,1,0.14112282256675315,,0,0.0,,0,0.0,,0,0.0
1823522189,render/train/1823522189.png,train,,0,0.0,0.40482375,1,1.270290623049714,,0,0.0,,0,0.0,,0,0.0
1823535687,render/train/1823535687.png,train,,0,0.0,0.34954591,1,-0.5966502516789689,,0,0.0,,0,0.0,,0,0.0
1824329781,render/train/1824329781.png,train,,0,0.0,0.37378543,1,0.22200964298774303,,0,0.0,,0,0.0,,0,0.0
1824700293,render/train/1824700293.png,train,,0,0.0,0.40921422,1,1.4185733327625052,0.3795,1,1.3755736604328783,0.864259855,1,-0.8292306255314724,13.46584828,1,-0.6409566323500874
1824932578,render/train/1824932578.png,train,,0,0.0,0.35015139,1,-0.5762009113858114,,0,0.0,,0,0.0,,0,0.0
1825472814,render/train/1825472814.png,train,,0,0.0,0.36202552,1,-0.17516681437981274,,0,0.0,,0,0.0,,0,0.0
1826128756,render/train/1826128756.png,train,,0,0.0,,0,0.0,0.305,1,0.5435233000476883,0.856119988,1,-0.8849110011406112,12.48057398,1,-0.8547451429544135
1826423349,render/train/1826423349.png,train,,0,0.0,,0,0.0,0.236,1,-0.22710052366476952,0.989585625,1,0.02805438257793674,22.38019563,1,1.293311868275703
1826581063,render/train/1826581063.png,train,,0,0.0,0.352832805,1,-0.48563942660980264,,0,0.0,,0,0.0,,0,0.0
1826810455,render/train/1826810455.png,train,,0,0.0,0.33227337,1,-1.1800089888580299,,0,0.0,,0,0.0,,0,0.0
1827057509,render/train/1827057509.png,train,,0,0.0,0.3420761,1,-0.8489338723026602,,0,0.0,,0,0.0,,0,0.0
1827233180,render/train/1827233180.png,train,,0,0.0,0.38088319,1,0.461727733691256,,0,0.0,,0,0.0,,0,0.0
1827383703,render/train/1827383703.png,train,,0,0.0,0.36225344,1,-0.16746909746163816,,0,0.0,,0,0.0,,0,0.0
1827805083,render/train/1827805083.png,train,,0,0.0,0.35708671,1,-0.3419690313535368,,0,0.0,,0,0.0,,0,0.0
1828252932,render/train/1828252932.png,train,,0,0.0,0.39224938,1,0.8456067836131129,,0,0.0,,0,0.0,,0,0.0
1828453397,render/train/1828453397.png,train,145.3751112,1,0.4398413596645149,,0,0.0,,0,0.0,,0,0.0,,0,0.0
1828496288,render/train/1828496288.png,train,,0,0.0,0.34187681,1,-0.8556646462787185,,0,0.0,,0,0.0,,0,0.0
1828551601,render/train/1828551601.png,train,,0,0.0,0.29046872,1,-2.5919094871178476,,0,0.0,,0,0.0,,0,0.0
1828668618,render/train/1828668618.png,train,,0,0.0,0.40418065,1,1.248570713651336,,0,0.0,,0,0.0,,0,0.0
1828961126,render/train/1828961126.png,train,,0,0.0,0.37671926,1,0.3210961330985235,,0,0.0,,0,0.0,,0,0.0
1828973221,render/train/1828973221.png,train,,0,0.0,0.35364817,1,-0.4581014792818486,,0,0.0,,0,0.0,,0,0.0
1828977072,render/train/1828977072.png,train,,0,0.0,0.38487639,1,0.5965931390863771,,0,0.0,,0,0.0,,0,0.0
1829411915,render/train/1829411915.png,train,,0,0.0,0.37589479,1,0.2932506756242879,,0,0.0,,0,0.0,,0,0.0
1829654817,render/train/1829654817.png,train,,0,0.0,0.3678457,1,0.02140258739634941,,0,0.0,,0,0.0,,0,0.0
1830100599,render/train/1830100599.png,train,,0,0.0,0.36630147,1,-0.030751876435490582,,0,0.0,,0,0.0,,0,0.0
1830469159,render/train/1830469159.png,train,,0,0.0,0.34269166,1,-0.8281440924406392,,0,0.0,,0,0.0,,0,0.0
1830893860,render/train/1830893860.png,train,,0,0.0,,0,0.0,0.346,1,1.0014302097898733,0.906553684,1,-0.539921686617768,23.16076788,1,1.462683360809882
1831743927,render/train/1831743927.png,train,,0,0.0,0.35854864,1,-0.292594148525407,,0,0.0,,0,0.0,,0,0.0
1832371636,render/train/1832371636.png,train,,0,0.0,0.37013826,1,0.09883097410190791,,0,0.0,,0,0.0,,0,0.0
1832963659,render/train/1832963659.png,train,,0,0.0,0.36015628,1,-0.23829809014380487,,0,0.0,,0,0.0,,0,0.0
1832968600,render/train/1832968600.png,train,,0,0.0,0.37909157,1,0.4012179777025743,,0,0.0,,0,0.0,,0,0.0
1833216472,render/train/1833216472.png,train,165.0428244,1,0.6166643165395977,,0,0.0,,0,0.0,,0,0.0,,0,0.0
1834039585,render/train/1834039585.png,train,,0,0.0,0.33870557,1,-0.9627693663541507,,0,0.0,,0,0.0,,0,0.0
1834169078,render/train/1834169078.png,train,,0,0.0,0.37365813,1,0.2177102424801806,,0,0.0,,0,0.0,,0,0.0
1834440826,render/train/1834440826.png,train,,0,0.0,0.34216811,1,-0.8458263480237838,,0,0.0,,0,0.0,,0,0.0
1834775911,render/train/1834775911.png,train,,0,0.0,0.38083739,1,0.4601808951740031,,0,0.0,,0,0.0,,0,0.0
1835012454,render/train/1835012454.png,train,,0,0.0,0.38929213,1,0.7457293118849966,,0,0.0,,0,0.0,,0,0.0
1835122928,render/train/1835122928.png,train,,0,0.0,0.34589389,1,-0.7199927233335544,,0,0.0,,0,0.0,,0,0.0
1835485471,render/train/1835485471.png,train,,0,0.0,0.43114374,1,2.1592158262314998,,0,0.0,,0,0.0,,0,0.0
1835490672,render/train/1835490672.png,train,,0,0.0,0.35896412,1,-0.2785618239151777,,0,0.0,,0,0.0,,0,0.0
1835545898,render/train/1835545898.png,train,70.93028064,1,-0.22945633294591627,,0,0.0,,0,0.0,,0,0.0,,0,0.0
1835793920,render/train/1835793920.png,train,,0,0.0,0.35981052,1,-0.24997570773606498,,0,0.0,,0,0.0,,0,0.0
1836092833,render/train/1836092833.png,train,,0,0.0,0.36142782,1,-0.19535339476763713,,0,0.0,,0,0.0,,0,0.0
1836401630,render/train/1836401630.png,train,,0,0.0,0.39257783,1,0.8566997773028936,,0,0.0,,0,0.0,,0,0.0
1836411379,render/train/1836411379.png,train,,0,0.0,0.43728421,1,2.366602627760743,,0,0.0,,0,0.0,,0,0.0
1836445960,render/train/1836445960.png,train,,0,0.0,0.37468924,1,0.25253471111610226,,0,0.0,,0,0.0,,0,0.0
1837157915,render/train/1837157915.png,train,,0,0.0,0.34799982,1,-0.6488675347169688,,0,0.0,,0,0.0,,0,0.0
1837160865,render/train/1837160865.png,train,-68.69432556,1,-1.484754062262155,,0,0.0,,0,0.0,,0,0.0,,0,0.0
1837451686,render/train/1837451686.png,train,,0,0.0,0.35635169,1,-0.3667934253917812,,0,0.0,,0,0.0,,0,0.0
1837536238,render/train/1837536238.png,train,,0,0.0,0.3554716,1,-0.39651737977277673,,0,0.0,,0,0.0,,0,0.0
1837695049,render/train/1837695049.png,train,,0,0.0,0.3735679,1,0.21466283550612533,,0,0.0,,0,0.0,,0,0.0
1837695884,render/train/1837695884.png,train,,0,0.0,0.35965572,1,-0.255203886829315,,0,0.0,,0,0.0,,0,0.0
1837801743,render/train/1837801743.png,train,81.15934241,1,-0.1374917547645919,,0,0.0,,0,0.0,,0,0.0,,0,0.0
1838148916,render/train/1838148916.png,train,30.09586697,1,-0.5965789208118863,,0,0.0,,0,0.0,,0,0.0,,0,0.0
1838224579,render/train/1838224579.png,train,,0,0.0,0.38948294,1,0.7521736843189946,,0,0.0,,0,0.0,,0,0.0
1838851947,render/train/1838851947.png,train,,0,0.0,0.2862332,1,-2.7349589516723745,,0,0.0,,0,0.0,,0,0.0
1839284190,render/train/1839284190.png,train,,0,0.0,0.34004989,1,-0.9173666162337537,,0,0.0,,0,0.0,,0,0.0
1839465675,render/train/1839465675.png,train,,0,0.0,0.36097818,1,-0.21053943125012378,,0,0.0,,0,0.0,,0,0.0
1839521966,render/train/1839521966.png,train,,0,0.0,0.34888968,1,-0.6188136106348049,,0,0.0,,0,0.0,,0,0.0
1840288311,render/train/1840288311.png,train,,0,0.0,,0,0.0,0.308,1,0.5770286836873605,0.925658948,1,-0.40923303093927177,17.48157569,1,0.23039095276085053
1840821848,render/train/1840821848.png,train,,0,0.0,0.35405781,1,-0.4442663934694536,,0,0.0,,0,0.0,,0,0.0
1841717328,render/train/1841717328.png,train,,0,0.0,0.37944453,1,0.413138766415452,,0,0.0,,0,0.0,,0,0.0
1841939316,render/train/1841939316.png,train,,0,0.0,0.28753507,1,-2.690989897950612,,0,0.0,,0,0.0,,0,0.0
1841990330,render/train/1841990330.png,train,,0,0.0,0.3503374,1,-0.5699186530322233,,0,0.0,,0,0.0,,0,0.0
1842093316,render/train/1842093316.png,train,,0,0.0,0.3604747,1,-0.22754384733455107,,0,0.0,,0,0.0,,0,0.0
1842577004,render/train/1842577004.png,train,,0,0.0,0.36654721,1,-0.022452310993790688,,0,0.0,,0,0.0,,0,0.0
1842579493,render/train/1842579493.png,train,,0,0.0,0.35788134,1,-0.3151313830791887,,0,0.0,,0,0.0,,0,0.0
1842592587,render/train/1842592587.png,train,,0,0.0,0.36679143,1,-0.014204081677555326,,0,0.0,,0,0.0,,0,0.0
1842699132,render/train/1842699132.png,train,,0,0.0,0.36261641,1,-0.15521023334357015,,0,0.0,,0,0.0,,0,0.0
1843486758,render/train/1843486758.png,train,,0,0.0,0.31968743,1,-1.605083590775955,,0,0.0,,0,0.0,,0,0.0
1844365452,render/train/1844365452.png,train,,0,0.0,0.33080425,1,-1.229626705069108,,0,0.0,,0,0.0,,0,0.0
1844848960,render/train/1844848960.png,train,,0,0.0,0.39236421,1,0.8494850252492752,,0,0.0,,0,0.0,,0,0.0
1844857669,render/train/1844857669.png,train,187.3941077,1,0.8176139624322711,,0,0.0,,0,0.0,,0,0.0,,0,0.0
1845417873,render/train/1845417873.png,train,,0,0.0,0.37581743,1,0.2906379370283341,,0,0.0,,0,0.0,,0,0.0
1845492886,render/train/1845492886.png,train,,0,0.0,0.36331592,1,-0.1315851457626971,,0,0.0,,0,0.0,,0,0.0
1845526826,render/train/1845526826.png,train,65.42132156,1,-0.27898473637155896,,0,0.0,,0,0.0,,0,0.0,,0,0.0
1845530087,render/train/1845530087.png,train,,0,0.0,0.33700601,1,-1.0201699093756194,,0,0.0,,0,0.0,,0,0.0
1846095810,render/train/1846095810.png,train,,0,0.0,0.34387832,1,-0.7880661143864036,,0,0.0,,0,0.0,,0,0.0
1846410609,render/train/1846410609.png,train,,0,0.0,0.36348377,1,-0.12591621901333147,,0,0.0,,0,0.0,,0,0.0
1846941939,render/train/1846941939.png,train,,0,0.0,0.3644213,1,-0.09425229947008558,,0,0.0,,0,0.0,,0,0.0
1847001719,render/train/1847001719.png,train,,0,0.0,0.36338101,1,-0.1293868112847929,,0,0.0,,0,0.0,,0,0.0
1847105802,render/train/1847105802.png,train,,0,0.0,0.34963263,1,-0.5937213906262135,0.154,1,-1.1429143431491395,1.099880838,1,0.7825235757146237,11.69552442,1,-1.0250881389941784
1847970143,render/train/1847970143.png,train,,0,0.0,0.30707299,1,-2.0311207450463193,,0,0.0,,0,0.0,,0,0.0
1848016305,render/train/1848016305.png,train,,0,0.0,0.42121884,1,1.8240145685920055,,0,0.0,,0,0.0,,0,0.0
1848203526,render/train/1848203526.png,train,,0,0.0,0.36805739,1,0.02855215608013463,,0,0.0,,0,0.0,,0,0.0
1848234898,render/train/1848234898.png,train,,0,0.0,,0,0.0,0.3,1,0.48768099398156817,1.040782353,1,0.3782631814439256,13.64379867,1,-0.6023442897369091
1848433590,render/train/1848433590.png,train,,0,0.0,0.41861838,1,1.7361872391034274,,0,0.0,,0,0.0,,0,0.0
1848774287,render/train/1848774287.png,train,,0,0.0,0.39811867,1,1.0438348150744792,,0,0.0,,0,0.0,,0,0.0
1849021129,render/train/1849021129.png,train,,0,0.0,0.38280626,1,0.5266770513195234,,0,0.0,,0,0.0,,0,0.0
1849183324,render/train/1849183324.png,train,,0,0.0,0.37018602,1,0.10044400920199606,,0,0.0,,0,0.0,,0,0.0
1849374402,render/train/1849374402.png,train,,0,0.0,0.446758,1,2.6865682014806245,,0,0.0,,0,0.0,,0,0.0
1849381724,render/train/1849381724.png,train,-17.16506937,1,-1.0214792853506498,,0,0.0,,0,0.0,,0,0.0,,0,0.0
1849606830,render/train/1849606830.png,train,,0,0.0,0.3564602,1,-0.3631286339614934,,0,0.0,,0,0.0,,0,0.0
1849651127,render/train/1849651127.png,train,,0,0.0,0.37393533,1,0.22707233062390786,,0,0.0,,0,0.0,,0,0.0
1849868582,render/train/1849868582.png,train,,0,0.0,0.35879786,1,-0.28417705037540736,,0,0.0,,0,0.0,,0,0.0
1850000817,render/train/1850000817.png,train,,0,0.0,0.38330248,1,0.543436269857329,,0,0.0,,0,0.0,,0,0.0
1850128396,render/train/1850128396.png,train,,0,0.0,0.37161152,1,0.14858851370733997,,0,0.0,,0,0.0,,0,0.0
1851184285,render/train/1851184285.png,train,,0,0.0,0.31199652,1,-1.86483459122857,,0,0.0,,0,0.0,,0,0.0
1851228821,render/train/1851228821.png,train,,0,0.0,0.41077909,1,1.4714248871401123,,0,0.0,,0,0.0,,0,0.0
1851430426,render/train/1851430426.png,train,,0,0.0,0.36210831,1,-0.17237068423039326,,0,0.0,,0,0.0,,0,0.0
1851457758,render/train/1851457758.png,train,,0,0.0,0.33983259,1,-0.9247056557490205,,0,0.0,,0,0.0,,0,0.0
1851478305,render/train/1851478305.png,train,,0,0.0,0.35065916,1,-0.5590516058420164,,0,0.0,,0,0.0,,0,0.0
1851842760,render/train/1851842760.png,train,,0,0.0,0.35037859,1,-0.5685275115796988,,0,0.0,,0,0.0,,0,0.0
1852114421,render/train/1852114421.png,train,,0,0.0,0.37545125,1,0.27827065911899224,,0,0.0,,0,0.0,,0,0.0
1852303181,render/train/1852303181.png,train,,0,0.0,0.38572378,1,0.6252126912945738,,0,0.0,,0,0.0,,0,0.0
1852392195,render/train/1852392195.png,train,,0,0.0,0.3722926,1,0.17159115076696843,,0,0.0,,0,0.0,,0,0.0
1852502200,render/train/1852502200.png,train,,0,0.0,0.36663762,1,-0.019398824741719466,,0,0.0,,0,0.0,,0,0.0
1852654693,render/train/1852654693.png,train,,0,0.0,0.36383465,1,-0.11406567973529896,,0,0.0,,0,0.0,,0,0.0
1852734307,render/train/1852734307.png,train,,0,0.0,0.33922468,1,-0.9452370662953858,,0,0.0,,0,0.0,,0,0.0
1853131327,render/train/1853131327.png,train,,0,0.0,0.35948061,1,-0.2611180111253042,,0,0.0,,0,0.0,,0,0.0
1853159363,render/train/1853159363.png,train,,0,0.0,0.34867284,1,-0.6261371142173645,,0,0.0,,0,0.0,,0,0.0
1853589021,render/train/1853589021.png,train,,0,0.0,0.3829945,1,0.5330346251729687,,0,0.0,,0,0.0,,0,0.0
1853676235,render/train/1853676235.png,train,,0,0.0,0.30939912,1,-1.9525585729908863,,0,0.0,,0,0.0,,0,0.0
1854475288,render/train/1854475288.png,train,,0,0.0,0.3465212,1,-0.6988061017121951,,0,0.0,,0,0.0,,0,0.0
1854554359,render/train/1854554359.png,train,,0,0.0,0.37745339,1,0.3458904684843592,,0,0.0,,0,0.0,,0,0.0
1854822078,render/train/1854822078.png,train,,0,0.0,0.36040488,1,-0.22990193172919374,,0,0.0,,0,0.0,,0,0.0
1854968322,render/train/1854968322.png,train,,0,0.0,0.38089404,1,0.4620941790605183,,0,0.0,,0,0.0,,0,0.0
1855068918,render/train/1855068918.png,train,,0,0.0,0.33879068,1,-0.9598948810658658,,0,0.0,,0,0.0,,0,0.0
1855109187,render/train/1855109187.png,train,,0,0.0,0.39611075,1,0.9760197933372837,,0,0.0,,0,0.0,,0,0.0
1855247636,render/train/1855247636.png,train,,0,0.0,0.37532958,1,0.27416140491824426,,0,0.0,,0,0.0,,0,0.0
1855385483,render/train/1855385483.png,train,,0,0.0,0.40224563,1,1.1832177995103816,,0,0.0,,0,0.0,,0,0.0
1855457163,render/train/1855457163.png,train,,0,0.0,0.37596721,1,0.2956965718124871,,0,0.0,,0,0.0,,0,0.0
1856131378,render/train/1856131378.png,train,,0,0.0,0.3467735,1,-0.6902849803605989,,0,0.0,,0,0.0,,0,0.0
1856962369,render/train/1856962369.png,train,,0,0.0,0.35645832,1,-0.363192128642988,,0,0.0,,0,0.0,,0,0.0
1857016044,render/train/1857016044.png,train,,0,0.0,0.41449337,1,1.5968701135126926,,0,0.0,,0,0.0,,0,0.0
1857030958,render/train/1857030958.png,train,,0,0.0,0.37497844,1,0.26230208446085707,,0,0.0,,0,0.0,,0,0.0
1857184942,render/train/1857184942.png,train,,0,0.0,0.372622,1,0.1827162295351637,,0,0.0,,0,0.0,,0,0.0
1857351068,render/train/1857351068.png,train,,0,0.0,0.39151592,1,0.8208350766510024,,0,0.0,,0,0.0,,0,0.0
1857599978,render/train/1857599978.png,train,,0,0.0,0.43815792,1,2.396111105509858,,0,0.0,,0,0.0,,0,0.0
1858324553,render/train/1858324553.png,train,,0,0.0,0.366300765,1,-0.030775686941052455,,0,0.0,,0,0.0,,0,0.0
1859484070,render/train/1859484070.png,train,,0,0.0,0.34745359,1,-0.6673157793300563,,0,0.0,,0,0.0,,0,0.0
1860210048,render/train/1860210048.png,train,,0,0.0,0.36437785,1,-0.09571976963547124,,0,0.0,,0,0.0,,0,0.0
1860317687,render/train/1860317687.png,train,,0,0.0,0.34362682,1,-0.7965602167245972,,0,0.0,,0,0.0,,0,0.0
1860476282,render/train/1860476282.png,train,,0,0.0,0.37280796,1,0.18899679920041323,,0,0.0,,0,0.0,,0,0.0
1860497514,render/train/1860497514.png,train,,0,0.0,0.36269909,1,-0.15241781830849335,,0,0.0,,0,0.0,,0,0.0
1860569431,render/train/1860569431.png,train,,0,0.0,,0,0.0,0.1956666666666666,1,-0.6775617925981392,,0,0.0,,0,0.0
1860871285,render/train/1860871285.png,train,,0,0.0,0.38583152,1,0.6288514769244611,,0,0.0,,0,0.0,,0,0.0
1861224717,render/train/1861224717.png,train,,0,0.0,0.35889601,1,-0.28086215516867435,,0,0.0,,0,0.0,,0,0.0
1861437880,render/train/1861437880.png,train,,0,0.0,0.39688711,1,1.0022403948930665,,0,0.0,1.014775026,1,0.20036128993271352,13.70570836,1,-0.5889108931517397
1861488768,render/train/1861488768.png,train,,0,0.0,0.3394136,1,-0.9388565262805498,,0,0.0,,0,0.0,,0,0.0
1861741928,render/train/1861741928.png,train,,0,0.0,,0,0.0,,0,0.0,0.900037683,1,-0.5844940835807068,11.54976157,1,-1.0567163085333027
1861909022,render/train/1861909022.png,train,,0,0.0,0.36496974,1,-0.07572941483247729,,0,0.0,,0,0.0,,0,0.0
1862037558,render/train/1862037558.png,train,,0,0.0,,0,0.0,0.1775,1,-0.880455504638375,1.036978669,1,0.3522442607639601,11.67331343,1,-1.0299075628552772
1862323787,render/train/1862323787.png,train,,0,0.0,0.35607597,1,-0.3761055283607133,,0,0.0,,0,0.0,,0,0.0
1862970059,render/train/1862970059.png,train,,0,0.0,0.34911211,1,-0.6113013116961001,,0,0.0,,0,0.0,,0,0.0
1863175243,render/train/1863175243.png,train,,0,0.0,0.31506853,1,-1.761081242027963,,0,0.0,,0,0.0,,0,0.0
1863577619,render/train/1863577619.png,train,,0,0.0,0.33721798,1,-1.0130108840371446,,0,0.0,,0,0.0,,0,0.0
1863578660,render/train/1863578660.png,train,,0,0.0,0.35852428,1,-0.29341687748349204,,0,0.0,,0,0.0,,0,0.0
1863583230,render/train/1863583230.png,train,,0,0.0,,0,0.0,0.069,1,-2.0922335462731816,1.322806827,1,2.307438270335395,14.48982121,1,-0.4187711479587371
1863818535,render/train/1863818535.png,train,,0,0.0,0.35424563,1,-0.4379230045980442,,0,0.0,,0,0.0,,0,0.0
1863923314,render/train/1863923314.png,train,,0,0.0,0.34086664,1,-0.8897818922388471,,0,0.0,,0,0.0,,0,0.0
1864041202,render/train/1864041202.png,train,,0,0.0,0.37158832,1,0.14780496231868942,,0,0.0,,0,0.0,,0,0.0
1864197716,render/train/1864197716.png,train,,0,0.0,0.39431974,1,0.9155306393463193,,0,0.0,,0,0.0,,0,0.0
1864288375,render/train/1864288375.png,train,,0,0.0,0.36146384,1,-0.19413686368922178,,0,0.0,,0,0.0,,0,0.0
1864402555,render/train/1864402555.png,train,,0,0.0,0.35817189,1,-0.3053184151493199,,0,0.0,,0,0.0,,0,0.0
1864430039,render/train/1864430039.png,train,,0,0.0,0.34359188,1,-0.7977402721349206,,0,0.0,,0,0.0,,0,0.0
1864529364,render/train/1864529364.png,train,,0,0.0,0.40187734,1,1.1707792589531925,,0,0.0,,0,0.0,,0,0.0
1864581969,render/train/1864581969.png,train,,0,0.0,0.34373514,1,-0.7929018423099927,0.2125,1,-0.48955936217553403,0.999160184,1,0.0935487010246453,14.4722603,1,-0.42258158003207613
1864702589,render/train/1864702589.png,train,,0,0.0,0.34103383,1,-0.8841352561755375,,0,0.0,,0,0.0,,0,0.0
1864783652,render/train/1864783652.png,train,,0,0.0,0.3855566,1,0.6195663929689316,,0,0.0,,0,0.0,,0,0.0
1864971169,render/train/1864971169.png,train,,0,0.0,0.3828364,1,0.5276949926494369,,0,0.0,,0,0.0,,0,0.0
1865123528,render/train/1865123528.png,train,,0,0.0,0.39963061,1,1.0948987239778891,,0,0.0,,0,0.0,,0,0.0
1865362645,render/train/1865362645.png,train,37.87494117,1,-0.5266410033830992,,0,0.0,0.278,1,0.24197484729064,,0,0.0,,0,0.0
1865534172,render/train/1865534172.png,train,,0,0.0,0.36193603,1,-0.17818922876647136,,0,0.0,,0,0.0,,0,0.0
1865789709,render/train/1865789709.png,train,,0,0.0,0.3718604,1,0.15699412877664237,,0,0.0,,0,0.0,,0,0.0
1865790148,render/train/1865790148.png,train,,0,0.0,0.39910552,1,1.0771644567939451,,0,0.0,,0,0.0,,0,0.0
1865960070,render/train/1865960070.png,train,,0,0.0,0.38874361,1,0.7272037253460477,,0,0.0,,0,0.0,,0,0.0
1866518598,render/train/1866518598.png,train,,0,0.0,0.34652373,1,-0.6987206540823119,,0,0.0,,0,0.0,,0,0.0
1866896884,render/train/1866896884.png,train,,0,0.0,0.33995573,1,-0.9205467541111467,,0,0.0,,0,0.0,,0,0.0
1867066449,render/train/1867066449.png,train,,0,0.0,0.33503651,1,-1.0866873429941935,,0,0.0,,0,0.0,,0,0.0
1867844121,render/train/1867844121.png,train,,0,0.0,0.35467906,1,-0.4232844408746122,,0,0.0,,0,0.0,,0,0.0
1867867984,render/train/1867867984.png,train,,0,0.0,0.38678504,1,0.6610554389980763,,0,0.0,,0,0.0,,0,0.0
1868095680,render/train/1868095680.png,train,,0,0.0,0.35542759,1,-0.39800376324754305,,0,0.0,,0,0.0,,0,0.0
1868650247,render/train/1868650247.png,train,146.7365026,1,0.4520809754431459,,0,0.0,,0,0.0,,0,0.0,,0,0.0
1868729394,render/train/1868729394.png,train,,0,0.0,0.348619,1,-0.6279554938193052,,0,0.0,,0,0.0,,0,0.0
1869058141,render/train/1869058141.png,train,,0,0.0,0.36154236,1,-0.19148494752383352,,0,0.0,,0,0.0,,0,0.0
1869058674,render/train/1869058674.png,train,,0,0.0,0.35508856,1,-0.40945408338956196,,0,0.0,,0,0.0,,0,0.0
1869415100,render/train/1869415100.png,train,133.9866306,1,0.3374530040113263,,0,0.0,,0,0.0,,0,0.0,,0,0.0
1869493071,render/train/1869493071.png,train,,0,0.0,0.3887442,1,0.7272236518684304,,0,0.0,,0,0.0,,0,0.0
1869593647,render/train/1869593647.png,train,,0,0.0,0.37772289,1,0.35499249862409227,,0,0.0,,0,0.0,,0,0.0
1869660806,render/train/1869660806.png,train,,0,0.0,0.36173822,1,-0.18487001756773638,,0,0.0,,0,0.0,,0,0.0
1870206037,render/train/1870206037.png,train,,0,0.0,0.32302544,1,-1.4923464196192475,,0,0.0,,0,0.0,,0,0.0
1870504474,render/train/1870504474.png,train,,0,0.0,0.35566412,1,-0.3900152541976327,,0,0.0,,0,0.0,,0,0.0
1870599069,render/train/1870599069.png,train,,0,0.0,0.38692751,1,0.6658671875472689,,0,0.0,,0,0.0,,0,0.0
1870681436,render/train/1870681436.png,train,,0,0.0,0.38263341,1,0.5208392557363953,,0,0.0,,0,0.0,,0,0.0
1870773223,render/train/1870773223.png,train,,0,0.0,0.39477416,1,0.9308781144338811,,0,0.0,,0,0.0,,0,0.0
1870860682,render/train/1870860682.png,train,,0,0.0,,0,0.0,0.319,1,0.6998817570328248,0.858717726,1,-0.8671412970933423,12.0896889,1,-0.939560852722397
1871148344,render/train/1871148344.png,train,,0,0.0,0.41450621,1,1.5973037686777902,,0,0.0,,0,0.0,,0,0.0
1871161866,render/train/1871161866.png,train,,0,0.0,0.36844586,1,0.04167225125038562,,0,0.0,,0,0.0,,0,0.0
1871349402,render/train/1871349402.png,train,,0,0.0,0.37217659,1,0.1676730560860389,,0,0.0,,0,0.0,,0,0.0
1871484696,render/train/1871484696.png,train,,0,0.0,0.39595329,1,0.970701776024473,,0,0.0,,0,0.0,,0,0.0
1871505743,render/train/1871505743.png,train,,0,0.0,0.36727055,1,0.0019776054487869155,,0,0.0,,0,0.0,,0,0.0
1871588823,render/train/1871588823.png,train,,0,0.0,0.37110373,1,0.13143853268821207,,0,0.0,,0,0.0,,0,0.0
1871708716,render/train/1871708716.png,train,,0,0.0,0.35501942,1,-0.41178920162281396,,0,0.0,,0,0.0,,0,0.0
1872303483,render/train/1872303483.png,train,,0,0.0,0.39062915,1,0.7908855135081005,,0,0.0,,0,0.0,,0,0.0
1872457449,render/train/1872457449.png,train,,0,0.0,0.34349195,1,-0.8011152846464746,,0,0.0,,0,0.0,,0,0.0
1872607825,render/train/1872607825.png,train,,0,0.0,0.39364264,1,0.8926624218783653,,0,0.0,,0,0.0,,0,0.0
1872649544,render/train/1872649544.png,train,,0,0.0,0.33852716,1,-0.9687949440804218,,0,0.0,,0,0.0,,0,0.0
1872652115,render/train/1872652115.png,train,,0,0.0,0.36369292,1,-0.11885243569709683,,0,0.0,,0,0.0,,0,0.0
1873242473,render/train/1873242473.png,train,,0,0.0,0.35605621,1,-0.3767728979917392,,0,0.0,,0,0.0,,0,0.0
1873390978,render/train/1873390978.png,train,,0,0.0,0.32300959,1,-1.4928817338222704,,0,0.0,,0,0.0,,0,0.0
1873610912,render/train/1873610912.png,train,,0,0.0,0.37485249,1,0.2580482785384086,,0,0.0,,0,0.0,,0,0.0
1873714666,render/train/1873714666.png,train,,0,0.0,0.33162046,1,-1.2020602189082474,,0,0.0,,0,0.0,,0,0.0
1873866400,render/train/1873866400.png,train,164.0140939,1,0.6074154950326021,,0,0.0,,0,0.0,,0,0.0,,0,0.0
1874165813,render/train/1874165813.png,train,,0,0.0,0.36740099,1,0.006383055583951878,,0,0.0,,0,0.0,,0,0.0
1874299815,render/train/1874299815.png,train,,0,0.0,0.35451477,1,-0.42883313301434123,,0,0.0,,0,0.0,,0,0.0
1874313702,render/train/1874313702.png,train,,0,0.0,0.3260029,1,-1.3917863800650674,,0,0.0,,0,0.0,,0,0.0
1876018160,render/train/1876018160.png,train,,0,0.0,0.38502718,1,0.6016858853749506,,0,0.0,,0,0.0,,0,0.0
1876711098,render/train/1876711098.png,train,,0,0.0,0.37206623,1,0.16394578318726044,,0,0.0,,0,0.0,,0,0.0
1876833893,render/train/1876833893.png,train,,0,0.0,0.40253381,1,1.1929507236130468,0.3399999999999999,1,0.9344194425105283,0.848186437,1,-0.9391800819000706,12.56559059,1,-0.8362979202586337
1877102749,render/train/1877102749.png,train,,0,0.0,0.30099588,1,-2.236367640714139,,0,0.0,,0,0.0,,0,0.0
1877161213,render/train/1877161213.png,train,12.40187977,1,-0.7556570558140719,,0,0.0,,0,0.0,,0,0.0,,0,0.0
1877302307,render/train/1877302307.png,train,,0,0.0,0.31265064,1,-1.8427424949205833,,0,0.0,,0,0.0,,0,0.0
1877327739,render/train/1877327739.png,train,,0,0.0,,0,0.0,0.2415,1,-0.1656739869920373,0.891484349,1,-0.6430027606672509,11.61104884,1,-1.043417966972678
1877647340,render/train/1877647340.png,train,,0,0.0,0.35715169,1,-0.3397744119899734,,0,0.0,,0,0.0,,0,0.0
1877844504,render/train/1877844504.png,train,,0,0.0,0.36932958,1,0.07151880440469102,,0,0.0,,0,0.0,,0,0.0
1877921112,render/train/1877921112.png,train,,0,0.0,0.3535211,1,-0.4623931118230583,,0,0.0,,0,0.0,,0,0.0
1877965717,render/train/1877965717.png,train,,0,0.0,0.37375522,1,0.22098933749415814,,0,0.0,,0,0.0,,0,0.0
1878179811,render/train/1878179811.png,train,,0,0.0,0.3454687,1,-0.734352991218946,,0,0.0,,0,0.0,,0,0.0
1878617864,render/train/1878617864.png,train,,0,0.0,0.46119303,1,3.174093537762484,,0,0.0,,0,0.0,,0,0.0
1878660713,render/train/1878660713.png,train,,0,0.0,0.38343995,1,0.548079149572761,,0,0.0,,0,0.0,,0,0.0
1878904563,render/train/1878904563.png,train,,0,0.0,0.3255813199999999,1,-1.4060247246524877,,0,0.0,,0,0.0,,0,0.0
1879018576,render/train/1879018576.png,train,,0,0.0,0.29477936,1,-2.4463229372048914,,0,0.0,,0,0.0,,0,0.0
1879180798,render/train/1879180798.png,train,,0,0.0,0.33242571,1,-1.1748638932309916,,0,0.0,,0,0.0,,0,0.0
1879773381,render/train/1879773381.png,train,,0,0.0,0.36680398,1,-0.013780220904814476,,0,0.0,,0,0.0,,0,0.0
1880766912,render/train/1880766912.png,train,,0,0.0,0.33925962,1,-0.9440570108850626,,0,0.0,,0,0.0,,0,0.0
1881186822,render/train/1881186822.png,train,,0,0.0,0.37924418,1,0.4063721922466364,,0,0.0,,0,0.0,,0,0.0
1881349845,render/train/1881349845.png,train,,0,0.0,0.35753445,1,-0.3268471650278794,,0,0.0,,0,0.0,,0,0.0
1881434698,render/train/1881434698.png,train,,0,0.0,0.39299822,1,0.8708979311078754,,0,0.0,,0,0.0,,0,0.0
1881628793,render/train/1881628793.png,train,,0,0.0,0.33186429,1,-1.1938251613610442,,0,0.0,,0,0.0,,0,0.0
1881927203,render/train/1881927203.png,train,,0,0.0,0.34444131,1,-0.7690518214425498,,0,0.0,,0,0.0,,0,0.0
1881954049,render/train/1881954049.png,train,355.5073659,1,2.3290394699400916,,0,0.0,,0,0.0,,0,0.0,,0,0.0
1882117628,render/train/1882117628.png,train,,0,0.0,0.3414528,1,-0.8699850611193429,,0,0.0,,0,0.0,,0,0.0
1882780589,render/train/1882780589.png,train,,0,0.0,0.36217869,1,-0.16999368652636804,,0,0.0,,0,0.0,,0,0.0
1882791294,render/train/1882791294.png,train,,0,0.0,0.37333341,1,0.20674322494038708,,0,0.0,,0,0.0,,0,0.0
1882863686,render/train/1882863686.png,train,,0,0.0,0.40600876,1,1.3103128743888097,,0,0.0,,0,0.0,,0,0.0
1883003333,render/train/1883003333.png,train,,0,0.0,0.3935561,1,0.8897396401036259,,0,0.0,,0,0.0,,0,0.0
1883635741,render/train/1883635741.png,train,,0,0.0,0.36731588,1,0.0035085702956671495,,0,0.0,,0,0.0,,0,0.0
1883833244,render/train/1883833244.png,train,,0,0.0,0.38241447,1,0.5134448272436558,,0,0.0,,0,0.0,,0,0.0
1883909955,render/train/1883909955.png,train,,0,0.0,0.44805866,1,2.730496388944618,,0,0.0,,0,0.0,,0,0.0
1884578116,render/train/1884578116.png,train,,0,0.0,0.32730151,1,-1.3479274288229155,,0,0.0,,0,0.0,,0,0.0
1885691849,render/train/1885691849.png,train,,0,0.0,0.33959116,1,-0.932859656256018,,0,0.0,,0,0.0,,0,0.0
1885797446,render/train/1885797446.png,train,,0,0.0,,0,0.0,0.2305,1,-0.2885270603375014,1.001646084,1,0.11055338251720113,14.48303439,1,-0.4202437776005939
1885836114,render/train/1885836114.png,train,,0,0.0,0.35394467,1,-0.4480875574398027,,0,0.0,,0,0.0,,0,0.0
1885883959,render/train/1885883959.png,train,,0,0.0,0.36380664,1,-0.11501168294202863,,0,0.0,,0,0.0,,0,0.0
1886025191,render/train/1886025191.png,train,,0,0.0,0.44809167,1,2.73161126098511,,0,0.0,,0,0.0,,0,0.0
1886122212,render/train/1886122212.png,train,,0,0.0,0.40285213,1,1.203701589045625,,0,0.0,,0,0.0,,0,0.0
1886386616,render/train/1886386616.png,train,,0,0.0,0.32496558,1,-1.4268205837925207,,0,0.0,,0,0.0,,0,0.0
1887035673,render/train/1887035673.png,train,,0,0.0,0.39461572,1,0.9255269988296538,,0,0.0,,0,0.0,,0,0.0
1887357028,render/train/1887357028.png,train,,0,0.0,0.38283188,1,0.5275423352237164,,0,0.0,,0,0.0,,0,0.0
1887528434,render/train/1887528434.png,train,,0,0.0,0.3550744,1,-0.4099323199267735,,0,0.0,,0,0.0,,0,0.0
1887598982,render/train/1887598982.png,train,,0,0.0,0.35389835,1,-0.4496519583157688,,0,0.0,,0,0.0,,0,0.0
1887729559,render/train/1887729559.png,train,,0,0.0,0.3404303,1,-0.904518737623527,,0,0.0,,0,0.0,,0,0.0
1887902393,render/train/1887902393.png,train,,0,0.0,0.33864713,1,-0.9647431052831524,,0,0.0,,0,0.0,,0,0.0
1887990999,render/train/1887990999.png,train,,0,0.0,0.35506882,1,-0.4101207775452512,,0,0.0,,0,0.0,,0,0.0
1888278720,render/train/1888278720.png,train,,0,0.0,0.33989797,1,-0.9224975268787577,,0,0.0,,0,0.0,,0,0.0
1888293192,render/train/1888293192.png,train,,0,0.0,0.36825917,1,0.03536702673540678,,0,0.0,,0,0.0,,0,0.0
1888415409,render/train/1888415409.png,train,,0,0.0,0.36326196,1,-0.13340757821664964,,0,0.0,,0,0.0,,0,0.0
1888603184,render/train/1888603184.png,train,,0,0.0,0.35450759,1,-0.4290756286596223,,0,0.0,,0,0.0,,0,0.0
1888669156,render/train/1888669156.png,train,,0,0.0,0.36094997,1,-0.2114921892102041,,0,0.0,,0,0.0,,0,0.0
1888885498,render/train/1888885498.png,train,,0,0.0,0.36094292,1,-0.2117302942658078,,0,0.0,,0,0.0,,0,0.0
1889214322,render/train/1889214322.png,train,,0,0.0,0.41639141,1,1.6609740737591496,,0,0.0,,0,0.0,,0,0.0
1889222328,render/train/1889222328.png,train,214.7483216,1,1.0635425528894213,,0,0.0,,0,0.0,,0,0.0,,0,0.0
1889579812,render/train/1889579812.png,train,,0,0.0,0.31304057,1,-1.8295730900508735,,0,0.0,,0,0.0,,0,0.0
1890198796,render/train/1890198796.png,train,,0,0.0,0.32992256,1,-1.2594046974769089,,0,0.0,,0,0.0,,0,0.0
1890222826,render/train/1890222826.png,train,,0,0.0,0.35693176,1,-0.34720227651179886,,0,0.0,,0,0.0,,0,0.0
1890528933,render/train/1890528933.png,train,,0,0.0,0.41164319,1,1.5006087989907384,,0,0.0,,0,0.0,,0,0.0
1890730007,render/train/1890730007.png,train,,0,0.0,0.37306628,1,0.19772123862785604,,0,0.0,,0,0.0,,0,0.0
1891219046,render/train/1891219046.png,train,,0,0.0,0.35958468,1,-0.2576031752193962,,0,0.0,,0,0.0,,0,0.0
1891267124,render/train/1891267124.png,train,,0,0.0,0.35442774,1,-0.4317724639347899,,0,0.0,,0,0.0,,0,0.0
1891268046,render/train/1891268046.png,train,,0,0.0,0.35535197,1,-0.4005577354893488,,0,0.0,,0,0.0,,0,0.0
1891270134,render/train/1891270134.png,train,,0,0.0,0.37180888,1,0.15525410431356698,,0,0.0,,0,0.0,,0,0.0
1891991846,render/train/1891991846.png,train,,0,0.0,0.39311004,1,0.8746745137061125,,0,0.0,,0,0.0,,0,0.0
1892436354,render/train/1892436354.png,train,,0,0.0,0.3602855,1,-0.23393384400407846,,0,0.0,,0,0.0,,0,0.0
1892438799,render/train/1892438799.png,train,,0,0.0,0.38934069,1,0.7473693659984855,,0,0.0,,0,0.0,,0,0.0
1892522189,render/train/1892522189.png,train,,0,0.0,0.34589131,1,-0.7200798596517743,,0,0.0,,0,0.0,,0,0.0
1892682102,render/train/1892682102.png,train,,0,0.0,0.35822552,1,-0.30350712803839536,,0,0.0,,0,0.0,,0,0.0
1893126159,render/train/1893126159.png,train,,0,0.0,0.39256327,1,0.8562080312589808,,0,0.0,,0,0.0,,0,0.0
1893396253,render/train/1893396253.png,train,,0,0.0,0.3618429,1,-0.18133457966410912,,0,0.0,,0,0.0,,0,0.0
1893806393,render/train/1893806393.png,train,,0,0.0,0.37860625,1,0.3848268932223676,,0,0.0,,0,0.0,,0,0.0
1893896764,render/train/1893896764.png,train,,0,0.0,0.33011168,1,-1.2530174027087202,,0,0.0,,0,0.0,,0,0.0
1894105114,render/train/1894105114.png,train,,0,0.0,0.37120514,1,0.13486353037455756,,0,0.0,,0,0.0,,0,0.0
1894241731,render/train/1894241731.png,train,357.2965065,1,2.3451247731952387,,0,0.0,,0,0.0,,0,0.0,,0,0.0
1894260096,render/train/1894260096.png,train,,0,0.0,0.35870068,1,-0.2874591850283929,,0,0.0,,0,0.0,,0,0.0
1894298006,render/train/1894298006.png,train,,0,0.0,0.33188575,1,-1.1931003763265415,,0,0.0,,0,0.0,,0,0.0
1894369854,render/train/1894369854.png,train,,0,0.0,0.37730051,1,0.3407271350232732,,0,0.0,,0,0.0,,0,0.0
1894651804,render/train/1894651804.png,train,,0,0.0,0.37572557,1,0.28753547881447167,,0,0.0,,0,0.0,,0,0.0
1894705136,render/train/1894705136.png,train,,0,0.0,0.35304556,1,-0.47845388886442736,,0,0.0,,0,0.0,,0,0.0
1895063835,render/train/1895063835.png,train,,0,0.0,0.34298576,1,-0.8182112276388012,,0,0.0,,0,0.0,,0,0.0
1895073862,render/train/1895073862.png,train,,0,0.0,0.33967082,1,-0.9301692379965337,,0,0.0,,0,0.0,,0,0.0
1895904608,render/train/1895904608.png,train,,0,0.0,0.34149841,1,-0.8684446396177733,,0,0.0,,0,0.0,,0,0.0
1895946693,render/train/1895946693.png,train,,0,0.0,0.352691375,1,-0.4904160504415764,,0,0.0,,0,0.0,,0,0.0
1896402362,render/train/1896402362.png,train,,0,0.0,0.36736588,1,0.005197258633279906,,0,0.0,,0,0.0,,0,0.0
1896761463,render/train/1896761463.png,train,,0,0.0,0.36380773,1,-0.1149748695362693,,0,0.0,,0,0.0,,0,0.0
1896795195,render/train/1896795195.png,train,,0,0.0,0.35729851,1,-0.334815747555407,,0,0.0,,0,0.0,,0,0.0
1896863943,render/train/1896863943.png,train,-84.72234668,1,-1.6288542969195667,,0,0.0,0.252,1,-0.04840514425318494,0.938352718,1,-0.32240189702811434,11.69729541,1,-1.0247038629459801
1897620577,render/train/1897620577.png,train,,0,0.0,0.37422275,1,0.2367795866638415,,0,0.0,,0,0.0,,0,0.0
1897678696,render/train/1897678696.png,train,,0,0.0,0.3665509,1,-0.02232768579447483,,0,0.0,,0,0.0,,0,0.0
1898005321,render/train/1898005321.png,train,,0,0.0,0.35740991,1,-0.33105334993920593,,0,0.0,,0,0.0,,0,0.0
1898276477,render/train/1898276477.png,train,,0,0.0,0.358234115,1,-0.30321684251315967,,0,0.0,,0,0.0,,0,0.0
1898882612,render/train/1898882612.png,train,,0,0.0,0.38778693,1,0.6948930381694952,,0,0.0,,0,0.0,,0,0.0
1899186076,render/train/1899186076.png,train,,0,0.0,0.34496113,1,-0.7514955420093905,,0,0.0,,0,0.0,,0,0.0
1899283335,render/train/1899283335.png,train,,0,0.0,0.35979083,1,-0.2506407132034175,,0,0.0,,0,0.0,,0,0.0
1899317427,render/train/1899317427.png,train,,0,0.0,0.35324332,1,-0.4717747887514991,,0,0.0,,0,0.0,,0,0.0
1899542074,render/train/1899542074.png,train,,0,0.0,0.34207479,1,-0.8489781159371049,,0,0.0,,0,0.0,,0,0.0
1899805345,render/train/1899805345.png,train,,0,0.0,0.37206613,1,0.1639424058105851,,0,0.0,,0,0.0,,0,0.0
1899839615,render/train/1899839615.png,train,,0,0.0,0.31809801,1,-1.6587642911273308,,0,0.0,,0,0.0,,0,0.0
1900067504,render/train/1900067504.png,train,,0,0.0,0.35909112,1,-0.27427255553764124,,0,0.0,,0,0.0,,0,0.0
1900387245,render/train/1900387245.png,train,,0,0.0,0.37983546,1,0.4263419450519129,,0,0.0,,0,0.0,,0,0.0
1901476786,render/train/1901476786.png,train,,0,0.0,0.36485895,1,-0.0794712104509591,,0,0.0,,0,0.0,,0,0.0
1901480658,render/train/1901480658.png,train,-34.25655466,1,-1.175140615248667,,0,0.0,,0,0.0,,0,0.0,,0,0.0
1901756978,render/train/1901756978.png,train,,0,0.0,0.36549109,1,-0.05812146153618609,,0,0.0,,0,0.0,,0,0.0
1901878899,render/train/1901878899.png,train,,0,0.0,0.35235981,1,-0.5016142494147884,,0,0.0,,0,0.0,,0,0.0
1902063591,render/train/1902063591.png,train,,0,0.0,0.34037941,1,-0.9062374846135502,,0,0.0,,0,0.0,,0,0.0
1902122155,render/train/1902122155.png,train,,0,0.0,0.36906396,1,0.06254781647995716,,0,0.0,,0,0.0,,0,0.0
1902160651,render/train/1902160651.png,train,,0,0.0,0.353423605,1,-0.46568588521256987,,0,0.0,,0,0.0,,0,0.0
1903144609,render/train/1903144609.png,train,,0,0.0,0.37194181,1,0.15974365112794392,,0,0.0,,0,0.0,,0,0.0
1903600886,render/train/1903600886.png,train,,0,0.0,0.35278804,1,-0.48715130927846756,,0,0.0,,0,0.0,,0,0.0
1903713432,render/train/1903713432.png,train,,0,0.0,0.34746292,1,-0.6670006700862567,,0,0.0,,0,0.0,,0,0.0
1904729380,render/train/1904729380.png,train,,0,0.0,0.3506461,1,-0.5594926912358011,,0,0.0,,0,0.0,,0,0.0
1905028152,render/train/1905028152.png,train,,0,0.0,0.35309577,1,-0.4767581080357966,,0,0.0,,0,0.0,,0,0.0
1905216047,render/train/1905216047.png,train,203.5999878,1,0.963313241698,,0,0.0,,0,0.0,,0,0.0,,0,0.0
1905277968,render/train/1905277968.png,train,,0,0.0,0.36364595,1,-0.12043878952144974,,0,0.0,,0,0.0,,0,0.0
1905422493,render/train/1905422493.png,train,,0,0.0,0.41103531,1,1.4800784016573751,,0,0.0,,0,0.0,,0,0.0
1905713032,render/train/1905713032.png,train,,0,0.0,0.37513122,1,0.2674620405452659,,0,0.0,,0,0.0,,0,0.0
1906030698,render/train/1906030698.png,train,,0,0.0,0.37507763,1,0.26565210438501263,,0,0.0,,0,0.0,,0,0.0
1906044444,render/train/1906044444.png,train,,0,0.0,0.41682374,1,1.6755754863391532,,0,0.0,,0,0.0,,0,0.0
1906060970,render/train/1906060970.png,train,,0,0.0,0.36229869,1,-0.16594083451609856,,0,0.0,,0,0.0,,0,0.0
1906506911,render/train/1906506911.png,train,,0,0.0,0.3474253,1,-0.6682712391914772,,0,0.0,,0,0.0,,0,0.0
1906633153,render/train/1906633153.png,train,,0,0.0,0.3281237,1,-1.3201589755368757,,0,0.0,,0,0.0,,0,0.0
1906906209,render/train/1906906209.png,train,,0,0.0,0.36326244,1,-0.13339136680860772,,0,0.0,,0,0.0,,0,0.0
1907401274,render/train/1907401274.png,train,,0,0.0,0.36262044,1,-0.15507412506355894,,0,0.0,,0,0.0,,0,0.0
1907558248,render/train/1907558248.png,train,,0,0.0,,0,0.0,0.216,1,-0.45046974792924993,,0,0.0,,0,0.0
1907646642,render/train/1907646642.png,train,,0,0.0,0.3708683,1,0.12348717478172654,,0,0.0,,0,0.0,,0,0.0
1907952467,render/train/1907952467.png,train,,0,0.0,0.36305702,1,-0.1403291739748571,,0,0.0,,0,0.0,,0,0.0
1908228365,render/train/1908228365.png,train,,0,0.0,0.36267887,1,-0.15310072387222454,,0,0.0,,0,0.0,,0,0.0
1908364684,render/train/1908364684.png,train,,0,0.0,0.35996757,1,-0.24467153766762298,,0,0.0,,0,0.0,,0,0.0
1908775119,render/train/1908775119.png,train,,0,0.0,0.38500868,1,0.6010610706900327,,0,0.0,,0,0.0,,0,0.0
1908941468,render/train/1908941468.png,train,,0,0.0,0.34855736,1,-0.6300373088019154,,0,0.0,,0,0.0,,0,0.0
1910103715,render/train/1910103715.png,train,,0,0.0,0.3795304,1,0.41603891976646806,,0,0.0,,0,0.0,,0,0.0
1911086845,render/train/1911086845.png,train,,0,0.0,0.45875481,1,3.0917456641917918,,0,0.0,,0,0.0,,0,0.0
1911532586,render/train/1911532586.png,train,,0,0.0,0.3508676,1,-0.5520118019001763,,0,0.0,,0,0.0,,0,0.0
1911905200,render/train/1911905200.png,train,,0,0.0,0.39476009,1,0.9304029175356776,,0,0.0,,0,0.0,,0,0.0
1911926467,render/train/1911926467.png,train,,0,0.0,0.41981356,1,1.7765529696503908,,0,0.0,,0,0.0,,0,0.0
1911963342,render/train/1911963342.png,train,48.67425788,1,-0.42954953710664917,,0,0.0,,0,0.0,,0,0.0,,0,0.0
1912017685,render/train/1912017685.png,train,,0,0.0,0.36754872,1,0.011372454146263502,,0,0.0,,0,0.0,,0,0.0
1912083932,render/train/1912083932.png,train,,0,0.0,0.37677964,1,0.32313539313502576,,0,0.0,,0,0.0,,0,0.0
1912147729,render/train/1912147729.png,train,,0,0.0,0.42214994,1,1.8554613228150343,,0,0.0,,0,0.0,,0,0.0
1912251377,render/train/1912251377.png,train,,0,0.0,,0,0.0,0.3915714285714285,1,1.510392942221082,0.876856201,1,-0.7430659158890831,21.89554378,1,1.1881502932979213
1912518216,render/train/1912518216.png,train,,0,0.0,0.361536,1,-0.1916997486803773,,0,0.0,,0,0.0,,0,0.0
1912601583,render/train/1912601583.png,train,,0,0.0,0.34801487,1,-0.6483592395273485,,0,0.0,,0,0.0,,0,0.0
1913033936,render/train/1913033936.png,train,,0,0.0,0.37234991,1,0.1735267253395415,,0,0.0,,0,0.0,,0,0.0
1913604664,render/train/1913604664.png,train,,0,0.0,0.33299939,1,-1.1554885587205552,,0,0.0,,0,0.0,,0,0.0
1914456185,render/train/1914456185.png,train,,0,0.0,0.28358,1,-2.8245675096194685,,0,0.0,,0,0.0,,0,0.0
1914838661,render/train/1914838661.png,train,,0,0.0,,0,0.0,0.147,1,-1.2210935716417077,1.05806832,1,0.4965070219547323,11.82300548,1,-0.9974268207727847
1914886557,render/train/1914886557.png,train,,0,0.0,0.35681485,1,-0.3511507675828044,,0,0.0,,0,0.0,,0,0.0
1914920451,render/train/1914920451.png,train,,0,0.0,0.37286152,1,0.1908057221476645,0.1895,1,-0.7464339700796866,0.917921435,1,-0.46216112302242185,11.58525278,1,-1.0490152927598826
1914954895,render/train/1914954895.png,train,,0,0.0,0.35277036,1,-0.4877484294746482,,0,0.0,,0,0.0,,0,0.0
1914982152,render/train/1914982152.png,train,,0,0.0,0.39567095,1,0.9611660907196405,,0,0.0,,0,0.0,,0,0.0
1915263871,render/train/1915263871.png,train,,0,0.0,0.36495902,1,-0.0760914696120603,,0,0.0,,0,0.0,,0,0.0
1915755051,render/train/1915755051.png,train,,0,0.0,0.37998545,1,0.4314076723270839,,0,0.0,,0,0.0,,0,0.0
1916198200,render/train/1916198200.png,train,,0,0.0,0.37734655,1,0.342282079244548,,0,0.0,,0,0.0,,0,0.0
1916680069,render/train/1916680069.png,train,,0,0.0,0.37815393,1,0.3695503430449876,,0,0.0,,0,0.0,,0,0.0
1916735639,render/train/1916735639.png,train,,0,0.0,0.35583172,1,-0.3843547708899526,,0,0.0,,0,0.0,,0,0.0
1916892964,render/train/1916892964.png,train,,0,0.0,0.35785256,1,-0.31610339208631894,,0,0.0,,0,0.0,,0,0.0
1916979239,render/train/1916979239.png,train,,0,0.0,0.39171687,1,0.827621915079868,,0,0.0,,0,0.0,,0,0.0
1917029887,render/train/1917029887.png,train,,0,0.0,0.32250215,1,-1.5100198940230374,,0,0.0,,0,0.0,,0,0.0
1917189140,render/train/1917189140.png,train,,0,0.0,0.43988277,1,2.4543657870924918,,0,0.0,,0,0.0,,0,0.0
1917298650,render/train/1917298650.png,train,,0,0.0,0.31541925,1,-1.7492361065526116,,0,0.0,,0,0.0,,0,0.0
1917339697,render/train/1917339697.png,train,,0,0.0,0.3542055,1,-0.4392783458578114,,0,0.0,,0,0.0,,0,0.0
1917735870,render/train/1917735870.png,train,,0,0.0,0.44831423,1,2.7391279505134922,,0,0.0,,0,0.0,,0,0.0
1917756223,render/train/1917756223.png,train,,0,0.0,0.37285172,1,0.19047473923349223,,0,0.0,,0,0.0,,0,0.0
1917841461,render/train/1917841461.png,train,-43.71593166,1,-1.260185327581372,,0,0.0,,0,0.0,,0,0.0,,0,0.0
1917866361,render/train/1917866361.png,train,,0,0.0,0.39098411,1,0.8028738497544828,,0,0.0,,0,0.0,,0,0.0
1918165220,render/train/1918165220.png,train,,0,0.0,0.29794304,1,-2.3394735468061048,,0,0.0,,0,0.0,,0,0.0
1918242337,render/train/1918242337.png,train,,0,0.0,0.36308192,1,-0.13948820718272606,,0,0.0,,0,0.0,,0,0.0
1918548284,render/train/1918548284.png,train,,0,0.0,0.37420991,1,0.23634593149874203,,0,0.0,,0,0.0,,0,0.0
1919323099,render/train/1919323099.png,train,,0,0.0,0.35601929,1,-0.37801982546023244,,0,0.0,,0,0.0,,0,0.0
1919352729,render/train/1919352729.png,train,,0,0.0,0.33957884,1,-0.9332757490624062,,0,0.0,,0,0.0,,0,0.0
1919555775,render/train/1919555775.png,train,,0,0.0,0.40491209,1,1.2732741976046091,,0,0.0,,0,0.0,,0,0.0
1919636162,render/train/1919636162.png,train,,0,0.0,0.34461787,1,-0.7630887251847713,,0,0.0,,0,0.0,,0,0.0
1919652718,render/train/1919652718.png,train,,0,0.0,0.34909001,1,-0.612047711941324,,0,0.0,,0,0.0,,0,0.0
1919727869,render/train/1919727869.png,train,,0,0.0,0.35823661,1,-0.3031325769651131,,0,0.0,,0,0.0,,0,0.0
1919732272,render/train/1919732272.png,train,83.99780359,1,-0.11197251448897419,,0,0.0,,0,0.0,,0,0.0,,0,0.0
1919768814,render/train/1919768814.png,train,,0,0.0,0.3538727,1,-0.45051825543296387,,0,0.0,,0,0.0,,0,0.0
1920006010,render/train/1920006010.png,train,,0,0.0,0.30298041,1,-2.1693425873812795,,0,0.0,,0,0.0,,0,0.0
1920455411,render/train/1920455411.png,train,,0,0.0,0.40104761,1,1.1427561514658398,,0,0.0,,0,0.0,,0,0.0
1920671231,render/train/1920671231.png,train,,0,0.0,0.33896532,1,-0.9539966304402513,,0,0.0,,0,0.0,,0,0.0
1920918510,render/train/1920918510.png,train,,0,0.0,0.34676418,1,-0.6905997518667312,,0,0.0,,0,0.0,,0,0.0
1921035085,render/train/1921035085.png,train,,0,0.0,0.33804418,1,-0.9851069979464265,,0,0.0,,0,0.0,,0,0.0
1921102507,render/train/1921102507.png,train,,0,0.0,0.35568458,1,-0.3893242429298815,,0,0.0,,0,0.0,,0,0.0
1921819978,render/train/1921819978.png,train,,0,0.0,0.39170288,1,0.8271494200830033,,0,0.0,,0,0.0,,0,0.0
1921941311,render/train/1921941311.png,train,,0,0.0,0.34433228,1,-0.772734175231549,,0,0.0,,0,0.0,,0,0.0
1922704516,render/train/1922704516.png,train,165.6801535,1,0.622394236170749,,0,0.0,,0,0.0,,0,0.0,,0,0.0
1922733245,render/train/1922733245.png,train,,0,0.0,0.36970865,1,0.08432142616747103,,0,0.0,,0,0.0,,0,0.0
1922843556,render/train/1922843556.png,train,,0,0.0,0.36802626,1,0.02750077872113714,,0,0.0,,0,0.0,,0,0.0
1923557092,render/train/1923557092.png,train,,0,0.0,0.38148615,1,0.48209196409219945,,0,0.0,,0,0.0,,0,0.0
1924314985,render/train/1924314985.png,train,,0,0.0,0.33727257,1,-1.0111671741101382,,0,0.0,,0,0.0,,0,0.0
1924725049,render/train/1924725049.png,train,,0,0.0,0.33698334,1,-1.0209355606678931,,0,0.0,,0,0.0,,0,0.0
1924892938,render/train/1924892938.png,train,,0,0.0,0.37041679,1,0.10823798135541453,,0,0.0,,0,0.0,,0,0.0
1925016072,render/train/1925016072.png,train,,0,0.0,0.35881945,1,-0.28344787475122746,,0,0.0,,0,0.0,,0,0.0
1925322729,render/train/1925322729.png,train,,0,0.0,,0,0.0,0.1159999999999999,1,-1.5673158692516538,1.297944961,1,2.137371850672264,14.62361719,1,-0.3897395947262556
1926054747,render/train/1926054747.png,train,,0,0.0,0.35183326,1,-0.5193978262981908,,0,0.0,,0,0.0,,0,0.0
1926476264,render/train/1926476264.png,train,432.43,1,3.0206139033206876,,0,0.0,,0,0.0,,0,0.0,,0,0.0
1926928868,render/train/1926928868.png,train,,0,0.0,,0,0.0,0.203,1,-0.595659743701162,0.906003571,1,-0.5436847086017236,12.81294077,1,-0.7826269510880054
1926938420,render/train/1926938420.png,train,,0,0.0,0.36123033,1,-0.2020233759635415,,0,0.0,,0,0.0,,0,0.0
1927037390,render/train/1927037390.png,train,,0,0.0,0.33804671,1,-0.9850215503165451,,0,0.0,,0,0.0,,0,0.0
1927081299,render/train/1927081299.png,train,,0,0.0,0.44700214,1,2.694813728895521,,0,0.0,,0,0.0,,0,0.0
1927128897,render/train/1927128897.png,train,,0,0.0,0.35809659,1,-0.307861579785765,,0,0.0,,0,0.0,,0,0.0
1927758769,render/train/1927758769.png,train,,0,0.0,0.39746768,1,1.0218484306564255,,0,0.0,,0,0.0,,0,0.0
1927827518,render/train/1927827518.png,train,,0,0.0,,0,0.0,0.186,1,-0.7855235843259707,,0,0.0,,0,0.0
1927972099,render/train/1927972099.png,train,,0,0.0,,0,0.0,0.1635,1,-1.0368139616235112,1.059872607,1,0.5088491619266361,11.34414762,1,-1.1013311940834205
1928141683,render/train/1928141683.png,train,,0,0.0,,0,0.0,0.355,1,1.1019463607088895,,0,0.0,,0,0.0
1928552042,render/train/1928552042.png,train,,0,0.0,0.40648391,1,1.3263604796611448,,0,0.0,,0,0.0,,0,0.0
1928832708,render/train/1928832708.png,train,,0,0.0,0.36372258,1,-0.1178507057752234,,0,0.0,,0,0.0,,0,0.0
1928965066,render/train/1928965066.png,train,,0,0.0,0.35328159,1,-0.4704822666978918,,0,0.0,,0,0.0,,0,0.0
1929156646,render/train/1929156646.png,train,,0,0.0,0.34122931,1,-0.877533160250805,,0,0.0,,0,0.0,,0,0.0
1929935400,render/train/1929935400.png,train,,0,0.0,0.32965374,1,-1.268483761455251,,0,0.0,,0,0.0,,0,0.0
1930036664,render/train/1930036664.png,train,,0,0.0,0.36629417,1,-0.030998424932783538,,0,0.0,,0,0.0,,0,0.0
1930079807,render/train/1930079807.png,train,-4.076963699,1,-0.9038104175414652,,0,0.0,,0,0.0,,0,0.0,,0,0.0
1930443303,render/train/1930443303.png,train,,0,0.0,0.40009241,1,1.1104954494640826,,0,0.0,,0,0.0,,0,0.0
1930470217,render/train/1930470217.png,train,,0,0.0,0.33893458,1,-0.9550348360302167,,0,0.0,,0,0.0,,0,0.0
1930894863,render/train/1930894863.png,train,,0,0.0,0.32269623,1,-1.5034650813717596,,0,0.0,,0,0.0,,0,0.0
1930955815,render/train/1930955815.png,train,,0,0.0,0.37867352,1,0.3870988545117924,,0,0.0,,0,0.0,,0,0.0
1931091921,render/train/1931091921.png,train,,0,0.0,0.39374699,1,0.8961867144389646,,0,0.0,,0,0.0,,0,0.0
1931410833,render/train/1931410833.png,train,,0,0.0,0.38550865,1,0.6179469408531602,,0,0.0,,0,0.0,,0,0.0
1931637723,render/train/1931637723.png,train,,0,0.0,0.34360821,1,-0.7971887465238559,,0,0.0,,0,0.0,,0,0.0
1931802720,render/train/1931802720.png,train,,0,0.0,0.351413,1,-0.5335915895134953,,0,0.0,,0,0.0,,0,0.0
1931909120,render/train/1931909120.png,train,,0,0.0,0.34576723,1,-0.7242705086303954,,0,0.0,,0,0.0,,0,0.0
1932242031,render/train/1932242031.png,train,,0,0.0,0.36829952,1,0.0367297982238593,,0,0.0,,0,0.0,,0,0.0
1932390500,render/train/1932390500.png,train,,0,0.0,,0,0.0,0.217,1,-0.43930128671602586,,0,0.0,,0,0.0
1932564704,render/train/1932564704.png,train,172.0633872,1,0.6797828225193986,,0,0.0,,0,0.0,,0,0.0,,0,0.0
1932637388,render/train/1932637388.png,train,,0,0.0,0.37963807,1,0.4196753412326839,,0,0.0,,0,0.0,,0,0.0
1932737205,render/train/1932737205.png,train,,0,0.0,0.3580544,1,-0.3092864950050427,,0,0.0,,0,0.0,,0,0.0
1932802703,render/train/1932802703.png,train,,0,0.0,0.35070734,1,-0.5574243857598941,,0,0.0,,0,0.0,,0,0.0
1933004653,render/train/1933004653.png,train,,0,0.0,0.36404714,1,-0.10688909203811116,,0,0.0,,0,0.0,,0,0.0
1933066795,render/train/1933066795.png,train,,0,0.0,0.36677031,1,-0.014917383631362547,,0,0.0,,0,0.0,,0,0.0
1933529441,render/train/1933529441.png,train,95.6213855,1,-0.007470475949693392,,0,0.0,,0,0.0,,0,0.0,,0,0.0
1933712132,render/train/1933712132.png,train,60.04219897,1,-0.3273458423163697,,0,0.0,,0,0.0,,0,0.0,,0,0.0
1933820661,render/train/1933820661.png,train,9.904824538,1,-0.7781068792944467,,0,0.0,0.361,1,1.1689571279882338,0.944002177,1,-0.2837570396725298,22.95997032,1,1.4191135536146844
1933889140,render/train/1933889140.png,train,77.98044592,1,-0.1660716852956931,,0,0.0,,0,0.0,,0,0.0,,0,0.0
1933958092,render/train/1933958092.png,train,,0,0.0,,0,0.0,0.468,1,2.363982477803205,0.869388674,1,-0.7941471814959269,22.5555845,1,1.3313684026782298
1934083726,render/train/1934083726.png,train,,0,0.0,,0,0.0,0.182,1,-0.8301974291788669,0.898018787,1,-0.5983042462769503,12.66511883,1,-0.8147019096931798
1934582540,render/train/1934582540.png,train,,0,0.0,0.36056705,1,-0.22442483997497933,,0,0.0,,0,0.0,,0,0.0
1934851190,render/train/1934851190.png,train,,0,0.0,0.34964607,1,-0.5932674712010639,,0,0.0,,0,0.0,,0,0.0
1935091006,render/train/1935091006.png,train,,0,0.0,0.35906953,1,-0.27500173116182114,,0,0.0,,0,0.0,,0,0.0
1936130559,render/train/1936130559.png,train,,0,0.0,0.34630699,1,-0.7060407802881962,,0,0.0,,0,0.0,,0,0.0
1936588352,render/train/1936588352.png,train,,0,0.0,0.35070087,1,-0.5576429020307806,,0,0.0,,0,0.0,,0,0.0
1937333990,render/train/1937333990.png,train,,0,0.0,0.35047005,1,-0.5654385628725377,,0,0.0,,0,0.0,,0,0.0
1938625249,render/train/1938625249.png,train,,0,0.0,0.3558969,1,-0.38215339677304044,,0,0.0,,0,0.0,,0,0.0
1938664551,render/train/1938664551.png,train,,0,0.0,0.35005317,1,-0.5795181707562177,,0,0.0,,0,0.0,,0,0.0
1939398685,render/train/1939398685.png,train,,0,0.0,0.38557882,1,0.6203168460661654,,0,0.0,,0,0.0,,0,0.0
1939581854,render/train/1939581854.png,train,,0,0.0,0.36158829,1,-0.18993371841690324,,0,0.0,,0,0.0,,0,0.0
1939700854,render/train/1939700854.png,train,,0,0.0,0.36956425,1,0.07944449424844335,,0,0.0,,0,0.0,,0,0.0
1939922135,render/train/1939922135.png,train,,0,0.0,0.37286204,1,0.1908232845063758,,0,0.0,,0,0.0,,0,0.0
1940131067,render/train/1940131067.png,train,,0,0.0,,0,0.0,0.282,1,0.2866486921435355,,0,0.0,,0,0.0
1941096449,render/train/1941096449.png,train,,0,0.0,0.34432404,1,-0.7730124710695874,,0,0.0,,0,0.0,,0,0.0
1941265933,render/train/1941265933.png,train,,0,0.0,,0,0.0,0.1363333333333333,1,-1.3402238245827642,,0,0.0,,0,0.0
1941356734,render/train/1941356734.png,train,,0,0.0,0.40364332,1,1.2304230555623465,,0,0.0,,0,0.0,,0,0.0
1941491710,render/train/1941491710.png,train,,0,0.0,0.42901003,1,2.0871524023745374,,0,0.0,,0,0.0,,0,0.0
1941500497,render/train/1941500497.png,train,,0,0.0,0.36729671,1,0.00286112718702779,,0,0.0,,0,0.0,,0,0.0
1941951841,render/train/1941951841.png,train,,0,0.0,,0,0.0,0.381,1,1.3923263522527145,,0,0.0,,0,0.0
1942089131,render/train/1942089131.png,train,,0,0.0,0.42782111,1,2.0469980956074423,,0,0.0,,0,0.0,,0,0.0
1942247562,render/train/1942247562.png,train,,0,0.0,0.41266288,1,1.5350475712103497,,0,0.0,,0,0.0,,0,0.0
1942353441,render/train/1942353441.png,train,,0,0.0,0.41039262,1,1.4583723395033659,,0,0.0,,0,0.0,,0,0.0
1942367812,render/train/1942367812.png,train,,0,0.0,0.35066661,1,-0.5587999912797132,,0,0.0,,0,0.0,,0,0.0
1942693246,render/train/1942693246.png,train,,0,0.0,0.32686636,1,-1.3626240834251606,,0,0.0,,0,0.0,,0,0.0
1942916315,render/train/1942916315.png,train,,0,0.0,0.34349824,1,-0.8009028476536023,,0,0.0,,0,0.0,,0,0.0
1943060109,render/train/1943060109.png,train,,0,0.0,0.38603279,1,0.6356491229586892,,0,0.0,,0,0.0,,0,0.0
1944234117,render/train/1944234117.png,train,,0,0.0,0.37567368,1,0.285782958057697,,0,0.0,,0,0.0,,0,0.0
1944443208,render/train/1944443208.png,train,,0,0.0,0.3847423,1,0.5920644147025657,,0,0.0,,0,0.0,,0,0.0
1944562220,render/train/1944562220.png,train,,0,0.0,0.41900126,1,1.7491185389175314,,0,0.0,,0,0.0,,0,0.0
1944776345,render/train/1944776345.png,train,,0,0.0,0.36288651,1,-0.1460879389437852,,0,0.0,,0,0.0,,0,0.0
1945309092,render/train/1945309092.png,train,,0,0.0,0.3500213,1,-0.5805945407026137,,0,0.0,,0,0.0,,0,0.0
1945809152,render/train/1945809152.png,train,,0,0.0,0.33180155,1,-1.195944127487081,,0,0.0,,0,0.0,,0,0.0
1946473006,render/train/1946473006.png,train,,0,0.0,0.39552121,1,0.9561088068861571,,0,0.0,,0,0.0,,0,0.0
1947203303,render/train/1947203303.png,train,,0,0.0,0.37486017,1,0.2583076610670663,,0,0.0,,0,0.0,,0,0.0
1947367944,render/train/1947367944.png,train,,0,0.0,0.35714893,1,-0.33986762758621114,,0,0.0,,0,0.0,,0,0.0
1947454451,render/train/1947454451.png,train,,0,0.0,0.36448737,1,-0.09202086670076473,,0,0.0,,0,0.0,,0,0.0
1947568782,render/train/1947568782.png,train,,0,0.0,0.46091949,1,3.1648550616050706,,0,0.0,,0,0.0,,0,0.0
1947579859,render/train/1947579859.png,train,,0,0.0,0.3461508,1,-0.7113159049172315,,0,0.0,,0,0.0,,0,0.0
1947586452,render/train/1947586452.png,train,,0,0.0,0.34635755,1,-0.7043331786412009,,0,0.0,,0,0.0,,0,0.0
1948010634,render/train/1948010634.png,train,,0,0.0,0.35595045,1,-0.3803448115634584,,0,0.0,,0,0.0,,0,0.0
1948589234,render/train/1948589234.png,train,,0,0.0,0.36225678,1,-0.167356293080685,,0,0.0,,0,0.0,,0,0.0
1948698672,render/train/1948698672.png,train,,0,0.0,0.35736369,1,-0.3326143734384948,,0,0.0,,0,0.0,,0,0.0
1949061676,render/train/1949061676.png,train,,0,0.0,0.38283226,1,0.5275551692550811,,0,0.0,,0,0.0,,0,0.0
1949190696,render/train/1949190696.png,train,,0,0.0,0.34312529,1,-0.8134987739638566,,0,0.0,,0,0.0,,0,0.0
1949212177,render/train/1949212177.png,train,,0,0.0,0.38350821,1,0.5503845468912717,,0,0.0,,0,0.0,,0,0.0
1949333335,render/train/1949333335.png,train,,0,0.0,0.35202663,1,-0.5128669930213056,,0,0.0,,0,0.0,,0,0.0
1949514946,render/train/1949514946.png,train,149.7687276,1,0.4793422530994903,,0,0.0,,0,0.0,,0,0.0,,0,0.0
1949780423,render/train/1949780423.png,train,,0,0.0,0.42239943,1,1.863887539882056,,0,0.0,,0,0.0,,0,0.0
1949823161,render/train/1949823161.png,train,-41.85748469,1,-1.2434769240629122,,0,0.0,,0,0.0,,0,0.0,,0,0.0
1949953064,render/train/1949953064.png,train,,0,0.0,0.36874604,1,0.05181046055407812,,0,0.0,0.992499014,1,0.04798328237636452,20.5902314,1,0.9049187205332723
1950021660,render/train/1950021660.png,train,,0,0.0,0.36433591,1,-0.09713624141306158,,0,0.0,,0,0.0,,0,0.0
1950339356,render/train/1950339356.png,train,,0,0.0,0.31978583,1,-1.601760252127533,,0,0.0,,0,0.0,,0,0.0
1950809751,render/train/1950809751.png,train,,0,0.0,0.2981499,1,-2.3324871054157317,,0,0.0,,0,0.0,,0,0.0
1950874064,render/train/1950874064.png,train,56.77009786,1,-0.35676373079078777,,0,0.0,,0,0.0,,0,0.0,,0,0.0
1951077384,render/train/1951077384.png,train,,0,0.0,0.37694175,1,0.3286104584632342,,0,0.0,,0,0.0,,0,0.0
1951160334,render/train/1951160334.png,train,,0,0.0,0.40870638,1,1.4014216630550367,,0,0.0,,0,0.0,,0,0.0
1951638627,render/train/1951638627.png,train,,0,0.0,0.38378545,1,0.5597479859856664,,0,0.0,,0,0.0,,0,0.0
1951901460,render/train/1951901460.png,train,,0,0.0,0.38039745,1,0.4453224642290153,,0,0.0,,0,0.0,,0,0.0
1952301542,render/train/1952301542.png,train,,0,0.0,0.33066892,1,-1.2341973089236928,,0,0.0,,0,0.0,,0,0.0
1952404953,render/train/1952404953.png,train,246.6584182,1,1.350430895097987,,0,0.0,,0,0.0,,0,0.0,,0,0.0
1952508895,render/train/1952508895.png,train,,0,0.0,0.39410093,1,0.908140601443259,,0,0.0,,0,0.0,,0,0.0
1952671139,render/train/1952671139.png,train,,0,0.0,,0,0.0,0.2565,1,0.001852931206323221,0.915149553,1,-0.48112205087348014,11.92379481,1,-0.9755571741723325
1953033868,render/train/1953033868.png,train,,0,0.0,0.34334157,1,-0.8061941836906795,,0,0.0,,0,0.0,,0,0.0
1953349565,render/train/1953349565.png,train,,0,0.0,,0,0.0,0.291,1,0.38716484306255183,,0,0.0,,0,0.0
1953482672,render/train/1953482672.png,train,,0,0.0,0.35336102,1,-0.46779961640475826,,0,0.0,,0,0.0,,0,0.0
1953803634,render/train/1953803634.png,train,,0,0.0,0.34861514,1,-0.6280858605589696,,0,0.0,,0,0.0,,0,0.0
1954306622,render/train/1954306622.png,train,,0,0.0,0.37629547,1,0.3067831484865844,,0,0.0,,0,0.0,,0,0.0
1954721166,render/train/1954721166.png,train,,0,0.0,0.42097644,1,1.8158278075312588,,0,0.0,,0,0.0,,0,0.0
1954861096,render/train/1954861096.png,train,,0,0.0,0.36235076,1,-0.16418223448130792,,0,0.0,,0,0.0,,0,0.0
1955776885,render/train/1955776885.png,train,,0,0.0,0.357501605,1,-0.32795646439685744,,0,0.0,,0,0.0,,0,0.0
1956029718,render/train/1956029718.png,train,,0,0.0,0.37669905,1,0.3204135652724596,,0,0.0,,0,0.0,,0,0.0
1956150521,render/train/1956150521.png,train,,0,0.0,0.36516646,1,-0.06908543943697162,0.2005,1,-0.6235808967342221,0.981910387,1,-0.02444772031017374,12.3457196,1,-0.8840063517859744
1956367813,render/train/1956367813.png,train,,0,0.0,0.37662267,1,0.31783392496792257,,0,0.0,,0,0.0,,0,0.0
1956396424,render/train/1956396424.png,train,,0,0.0,0.36422964,1,-0.10072537960582291,,0,0.0,,0,0.0,,0,0.0
1956587899,render/train/1956587899.png,train,,0,0.0,0.36616331,1,-0.03541806004998261,,0,0.0,,0,0.0,,0,0.0
1956666408,render/train/1956666408.png,train,,0,0.0,0.36492797,1,-0.07714014506971903,,0,0.0,,0,0.0,,0,0.0
1956893558,render/train/1956893558.png,train,,0,0.0,0.40011627,1,1.111301291538791,,0,0.0,,0,0.0,,0,0.0
1957426818,render/train/1957426818.png,train,,0,0.0,0.3862315,1,0.6423603081500303,,0,0.0,,0,0.0,,0,0.0
1957470383,render/train/1957470383.png,train,,0,0.0,0.33466722,1,-1.099159657318136,,0,0.0,,0,0.0,,0,0.0
1958192948,render/train/1958192948.png,train,,0,0.0,0.39133561,1,0.8147453287679021,,0,0.0,,0,0.0,,0,0.0
1958473963,render/train/1958473963.png,train,,0,0.0,0.35386288,1,-0.4508499138224708,,0,0.0,,0,0.0,,0,0.0
1958487458,render/train/1958487458.png,train,,0,0.0,0.34928658,1,-0.6054088026108322,,0,0.0,,0,0.0,,0,0.0
1958554605,render/train/1958554605.png,train,,0,0.0,0.37751563,1,0.34799254772701954,,0,0.0,,0,0.0,,0,0.0
1958618966,render/train/1958618966.png,train,,0,0.0,0.39662664,1,0.9934433418671053,0.1995,1,-0.6347493579474462,0.861163598,1,-0.8504104252434858,13.695157,1,-0.5912003667929885
1958858448,render/train/1958858448.png,train,,0,0.0,0.41756193,1,1.700506943218004,,0,0.0,,0,0.0,,0,0.0
1959224488,render/train/1959224488.png,train,,0,0.0,0.41325752,1,1.5551308038719123,,0,0.0,,0,0.0,,0,0.0
1959489258,render/train/1959489258.png,train,,0,0.0,0.36039896,1,-0.23010187242836685,,0,0.0,,0,0.0,,0,0.0
1960180963,render/train/1960180963.png,train,154.6342574,1,0.5230858931074109,,0,0.0,,0,0.0,,0,0.0,,0,0.0
1960232404,render/train/1960232404.png,train,,0,0.0,0.36434601,1,-0.09679512636886334,,0,0.0,,0,0.0,,0,0.0
1960719660,render/train/1960719660.png,train,,0,0.0,0.3389375,1,-0.9549362166312996,,0,0.0,,0,0.0,,0,0.0
1960875010,render/train/1960875010.png,train,,0,0.0,0.49831615,1,4.4278811337586,,0,0.0,,0,0.0,,0,0.0
1960968082,render/train/1960968082.png,train,,0,0.0,0.35964696,1,-0.25549974502606465,,0,0.0,,0,0.0,,0,0.0
1961009790,render/train/1961009790.png,train,,0,0.0,0.36784102,1,0.021244526167949543,,0,0.0,,0,0.0,,0,0.0
1961333233,render/train/1961333233.png,train,,0,0.0,0.34593177,1,-0.7187133730489772,,0,0.0,,0,0.0,,0,0.0
1961335797,render/train/1961335797.png,train,,0,0.0,0.41100116,1,1.4789250275227852,,0,0.0,,0,0.0,,0,0.0
1962617217,render/train/1962617217.png,train,,0,0.0,0.36087708,1,-0.21395395906877596,,0,0.0,,0,0.0,,0,0.0
1962650861,render/train/1962650861.png,train,,0,0.0,0.33967136,1,-0.9301510001624876,,0,0.0,,0,0.0,,0,0.0
1962833245,render/train/1962833245.png,train,,0,0.0,0.37673487,1,0.3216233415975262,,0,0.0,,0,0.0,,0,0.0
1963304401,render/train/1963304401.png,train,,0,0.0,0.3650855,1,-0.07181976359323512,,0,0.0,,0,0.0,,0,0.0
1963751846,render/train/1963751846.png,train,,0,0.0,0.39319144,1,0.8774236983197466,,0,0.0,,0,0.0,,0,0.0
1964367064,render/train/1964367064.png,train,,0,0.0,0.37041365,1,0.10813193172781202,,0,0.0,,0,0.0,,0,0.0
1964385683,render/train/1964385683.png,train,,0,0.0,0.38153591,1,0.4837725467257903,,0,0.0,,0,0.0,,0,0.0
1964501919,render/train/1964501919.png,train,,0,0.0,0.38547657,1,0.616863478415748,,0,0.0,,0,0.0,,0,0.0
1964666760,render/train/1964666760.png,train,,0,0.0,0.33568423,1,-1.0648113987934216,,0,0.0,,0,0.0,,0,0.0
1964792280,render/train/1964792280.png,train,,0,0.0,0.38278631,1,0.5260032646728161,,0,0.0,,0,0.0,,0,0.0
1964948297,render/train/1964948297.png,train,,0,0.0,0.37124661,1,0.13626412848177333,,0,0.0,,0,0.0,,0,0.0
1965550017,render/train/1965550017.png,train,,0,0.0,0.38690329,1,0.6650491869165305,0.181,1,-0.8413658903920909,1.110954584,1,0.8582730119990482,15.7280871,1,-0.15008757389693456
1965690727,render/train/1965690727.png,train,45.09440244,1,-0.46173429685218736,,0,0.0,,0,0.0,,0,0.0,,0,0.0
1965799831,render/train/1965799831.png,train,,0,0.0,,0,0.0,0.354,1,1.0907778994956654,,0,0.0,,0,0.0
1965906081,render/train/1965906081.png,train,,0,0.0,0.3616266,1,-0.1886398454126228,,0,0.0,,0,0.0,,0,0.0
1965969714,render/train/1965969714.png,train,,0,0.0,0.3483824,1,-0.6359463670328906,,0,0.0,,0,0.0,,0,0.0
1966018498,render/train/1966018498.png,train,,0,0.0,0.39301912,1,0.8716038028329973,,0,0.0,,0,0.0,,0,0.0
1966201897,render/train/1966201897.png,train,,0,0.0,0.35487318,1,-0.41672827727266304,,0,0.0,,0,0.0,,0,0.0
1966629557,render/train/1966629557.png,train,,0,0.0,0.35116404,1,-0.5419999064841364,,0,0.0,,0,0.0,,0,0.0
1966848887,render/train/1966848887.png,train,,0,0.0,0.37735264,1,0.34248776148406973,0.3725,1,1.2973944319403101,0.901851851,1,-0.5720843530951742,21.13049646,1,1.022147458265452
1967479741,render/train/1967479741.png,train,,0,0.0,0.41274823,1,1.5379301622026547,,0,0.0,,0,0.0,,0,0.0
1967596895,render/train/1967596895.png,train,,0,0.0,0.39180486,1,0.8305936688163987,,0,0.0,,0,0.0,,0,0.0
1967679061,render/train/1967679061.png,train,,0,0.0,0.33696178,1,-1.0216637230790728,,0,0.0,,0,0.0,,0,0.0
1967860241,render/train/1967860241.png,train,,0,0.0,0.35583828,1,-0.38413321498005815,,0,0.0,,0,0.0,,0,0.0
1968301845,render/train/1968301845.png,train,,0,0.0,0.35963141,1,-0.2560249270990633,,0,0.0,,0,0.0,,0,0.0
1968819662,render/train/1968819662.png,train,,0,0.0,0.37593554,1,0.2946269566194436,,0,0.0,,0,0.0,,0,0.0
1968997516,render/train/1968997516.png,train,,0,0.0,0.3851805,1,0.6068640792934055,,0,0.0,,0,0.0,,0,0.0
1969004591,render/train/1969004591.png,train,,0,0.0,0.37700388,1,0.3307088225915518,,0,0.0,,0,0.0,,0,0.0
1969083594,render/train/1969083594.png,train,5.896093021,1,-0.8141474577260193,,0,0.0,,0,0.0,,0,0.0,,0,0.0
1969287325,render/train/1969287325.png,train,86.85824281,1,-0.0862556802185897,,0,0.0,,0,0.0,,0,0.0,,0,0.0
1969520077,render/train/1969520077.png,train,,0,0.0,0.36901705,1,0.06096348908160833,,0,0.0,,0,0.0,,0,0.0
1969822510,render/train/1969822510.png,train,,0,0.0,0.39722229,1,1.0135606860330884,,0,0.0,,0,0.0,,0,0.0
1969835968,render/train/1969835968.png,train,,0,0.0,0.38391661,1,0.5641777532328933,,0,0.0,,0,0.0,,0,0.0
1970056455,render/train/1970056455.png,train,,0,0.0,0.38290568,1,0.5300348392100335,,0,0.0,,0,0.0,,0,0.0
1970556387,render/train/1970556387.png,train,,0,0.0,0.35216883,1,-0.508064363389135,,0,0.0,,0,0.0,,0,0.0
1970744006,render/train/1970744006.png,train,,0,0.0,0.37460046,1,0.24953627610383824,,0,0.0,,0,0.0,,0,0.0
1971561670,render/train/1971561670.png,train,,0,0.0,0.33903345,1,-0.9516956237114199,,0,0.0,,0,0.0,,0,0.0
1971686624,render/train/1971686624.png,train,,0,0.0,0.37362004,1,0.21642379970458736,,0,0.0,,0,0.0,,0,0.0
1971749373,render/train/1971749373.png,train,85.05865655,1,-0.10243489538250469,,0,0.0,,0,0.0,,0,0.0,,0,0.0
1971998855,render/train/1971998855.png,train,,0,0.0,0.34243796,1,-0.8367124970656881,,0,0.0,,0,0.0,,0,0.0
1972024406,render/train/1972024406.png,train,,0,0.0,0.3517257,1,-0.5230305326500639,,0,0.0,,0,0.0,,0,0.0
1972032416,render/train/1972032416.png,train,,0,0.0,0.3617754,1,-0.18361430891988653,,0,0.0,,0,0.0,,0,0.0
1972109782,render/train/1972109782.png,train,,0,0.0,0.33390562,1,-1.1248817580766555,,0,0.0,,0,0.0,,0,0.0
1972780662,render/train/1972780662.png,train,,0,0.0,0.35976017,1,-0.2516762168920423,,0,0.0,,0,0.0,,0,0.0
1973157365,render/train/1973157365.png,train,,0,0.0,0.37041921,1,0.1083197138709551,,0,0.0,,0,0.0,,0,0.0
1973279343,render/train/1973279343.png,train,,0,0.0,0.35672203,1,-0.35428564861274886,,0,0.0,,0,0.0,,0,0.0
1973417069,render/train/1973417069.png,train,,0,0.0,0.37471023,1,0.25324362248023213,,0,0.0,,0,0.0,,0,0.0
1973609313,render/train/1973609313.png,train,,0,0.0,0.37482883,1,0.25724919121705087,,0,0.0,,0,0.0,,0,0.0
1974222133,render/train/1974222133.png,train,,0,0.0,0.41770931,1,1.7054845209619511,,0,0.0,,0,0.0,,0,0.0
1974242688,render/train/1974242688.png,train,,0,0.0,0.39299942,1,0.8709384596279774,,0,0.0,,0,0.0,,0,0.0
1974258183,render/train/1974258183.png,train,,0,0.0,0.34408624,1,-0.7810438728032748,,0,0.0,,0,0.0,,0,0.0
1974383215,render/train/1974383215.png,train,,0,0.0,0.35929701,1,-0.26731887470101723,,0,0.0,,0,0.0,,0,0.0
1974978740,render/train/1974978740.png,train,,0,0.0,0.44377353,1,2.585771407821512,,0,0.0,,0,0.0,,0,0.0
1975082239,render/train/1975082239.png,train,,0,0.0,0.41510699,1,1.6175943722672133,0.185,1,-0.7966920455391947,1.133996819,1,1.0158923317832715,15.96371163,1,-0.09896088021321152
1975447756,render/train/1975447756.png,train,14.08686284,1,-0.7405081828519701,,0,0.0,,0,0.0,,0,0.0,,0,0.0
1975514366,render/train/1975514366.png,train,,0,0.0,0.34563212,1,-0.728833682256293,,0,0.0,,0,0.0,,0,0.0
1975880565,render/train/1975880565.png,train,,0,0.0,0.36793579,1,0.024445266043059972,,0,0.0,,0,0.0,,0,0.0
1976024514,render/train/1976024514.png,train,,0,0.0,0.36335791,1,-0.13016698529677,,0,0.0,,0,0.0,,0,0.0
1976774043,render/train/1976774043.png,train,,0,0.0,0.37512174,1,0.2671418652364543,,0,0.0,,0,0.0,,0,0.0
1977447931,render/train/1977447931.png,train,,0,0.0,0.36514594,1,-0.06977847713072878,,0,0.0,,0,0.0,,0,0.0
1978316297,render/train/1978316297.png,train,,0,0.0,0.34498231,1,-0.7507802136295774,,0,0.0,,0,0.0,,0,0.0
1978540220,render/train/1978540220.png,train,,0,0.0,0.34266185,1,-0.8291508884275247,,0,0.0,,0,0.0,,0,0.0
1978620404,render/train/1978620404.png,train,,0,0.0,0.40805705,1,1.3794913430897924,0.381,1,1.3923263522527145,,0,0.0,,0,0.0
1978702733,render/train/1978702733.png,train,,0,0.0,0.37975399,1,0.4235903962746055,,0,0.0,,0,0.0,,0,0.0
1978759933,render/train/1978759933.png,train,,0,0.0,0.38602412,1,0.6353563044009476,,0,0.0,,0,0.0,,0,0.0
1978914025,render/train/1978914025.png,train,,0,0.0,0.40149442,1,1.1578466081884173,,0,0.0,,0,0.0,,0,0.0
1978930507,render/train/1978930507.png,train,,0,0.0,0.45051401,1,2.8134228071397773,,0,0.0,,0,0.0,,0,0.0
1979011181,render/train/1979011181.png,train,,0,0.0,0.41817078,1,1.7210701011051166,,0,0.0,,0,0.0,,0,0.0
1979505726,render/train/1979505726.png,train,,0,0.0,0.34906326,1,-0.6129511602019476,,0,0.0,,0,0.0,,0,0.0
1979525193,render/train/1979525193.png,train,,0,0.0,0.33792482,1,-0.9891382347459766,,0,0.0,,0,0.0,,0,0.0
1979934753,render/train/1979934753.png,train,,0,0.0,0.38836559,1,0.7144365660383576,,0,0.0,,0,0.0,,0,0.0
1979939370,render/train/1979939370.png,train,,0,0.0,0.39588749,1,0.9684794621721743,,0,0.0,,0,0.0,,0,0.0
1980536603,render/train/1980536603.png,train,17.91289325,1,-0.7061101822653952,,0,0.0,,0,0.0,,0,0.0,,0,0.0
1981136743,render/train/1981136743.png,train,,0,0.0,0.33674194,1,-1.0290885479618885,,0,0.0,,0,0.0,,0,0.0
1981457097,render/train/1981457097.png,train,,0,0.0,0.35415935,1,-0.4408370051934289,,0,0.0,,0,0.0,,0,0.0
1981691204,render/train/1981691204.png,train,,0,0.0,0.3641488,1,-0.10345565091007641,,0,0.0,,0,0.0,,0,0.0
1981721677,render/train/1981721677.png,train,,0,0.0,0.33486234,1,-1.0925697199494355,,0,0.0,,0,0.0,,0,0.0
1981870695,render/train/1981870695.png,train,,0,0.0,0.30575132,1,-2.0757585193497774,,0,0.0,,0,0.0,,0,0.0
1981886524,render/train/1981886524.png,train,,0,0.0,0.38751411,1,0.6856788791241456,,0,0.0,,0,0.0,,0,0.0
1982249582,render/train/1982249582.png,train,40.70123878,1,-0.5012311199194142,,0,0.0,,0,0.0,,0,0.0,,0,0.0
1982444634,render/train/1982444634.png,train,,0,0.0,0.38583407,1,0.628937600029679,,0,0.0,,0,0.0,,0,0.0
1982948729,render/train/1982948729.png,train,,0,0.0,0.35883,1,-0.28309156151199116,,0,0.0,,0,0.0,,0,0.0
1983222428,render/train/1983222428.png,train,,0,0.0,0.35057029,1,-0.5620530804932903,,0,0.0,,0,0.0,,0,0.0
1984190839,render/train/1984190839.png,train,,0,0.0,0.39969952,1,1.0972260742447864,,0,0.0,,0,0.0,,0,0.0
1984350149,render/train/1984350149.png,train,,0,0.0,0.35034244,1,-0.5697484332477935,,0,0.0,,0,0.0,,0,0.0
1984402033,render/train/1984402033.png,train,,0,0.0,0.37093746,1,0.1258229684903132,,0,0.0,,0,0.0,,0,0.0
1984563739,render/train/1984563739.png,train,,0,0.0,0.3657163,1,-0.05051527152591069,,0,0.0,,0,0.0,,0,0.0
1984715605,render/train/1984715605.png,train,,0,0.0,0.38045208,1,0.4471675251066912,,0,0.0,,0,0.0,,0,0.0
1985260994,render/train/1985260994.png,train,,0,0.0,,0,0.0,0.356,1,1.1131148219221136,0.832338804,1,-1.0475850666443882,11.74161872,1,-1.0150864250102156
1985598557,render/train/1985598557.png,train,,0,0.0,,0,0.0,0.318,1,0.6887132958196008,,0,0.0,,0,0.0
1985922935,render/train/1985922935.png,train,,0,0.0,0.42654959,1,2.004054075706609,,0,0.0,,0,0.0,,0,0.0
1986596083,render/train/1986596083.png,train,,0,0.0,0.37091034,1,0.12490702393599219,,0,0.0,,0,0.0,,0,0.0
1986643136,render/train/1986643136.png,train,,0,0.0,0.4176963,1,1.7050451242565048,,0,0.0,,0,0.0,,0,0.0
1986951321,render/train/1986951321.png,train,,0,0.0,0.35696671,1,-0.34602188336380624,,0,0.0,,0,0.0,,0,0.0
1987297108,render/train/1987297108.png,train,,0,0.0,0.33216316,1,-1.1837311956917964,,0,0.0,,0,0.0,,0,0.0
1987380350,render/train/1987380350.png,train,,0,0.0,0.37680906,1,0.3241290173528754,0.3835,1,1.4202475052857746,0.900220523,1,-0.5832433751997989,22.20373128,1,1.2550219721916778
1987420560,render/train/1987420560.png,train,,0,0.0,0.36037958,1,-0.23075640802802608,,0,0.0,,0,0.0,,0,0.0
1987532740,render/train/1987532740.png,train,,0,0.0,0.3388047,1,-0.9594213728559992,,0,0.0,,0,0.0,,0,0.0
1987791441,render/train/1987791441.png,train,,0,0.0,0.36643423,1,-0.026268071161460377,,0,0.0,,0,0.0,,0,0.0
1987932881,render/train/1987932881.png,train,,0,0.0,0.35167826,1,-0.5246327601447895,,0,0.0,,0,0.0,,0,0.0
1988065987,render/train/1988065987.png,train,,0,0.0,0.36135767,1,-0.19772262450530778,,0,0.0,,0,0.0,,0,0.0
1988157490,render/train/1988157490.png,train,,0,0.0,0.38151091,1,0.48292820255698393,,0,0.0,,0,0.0,,0,0.0
1988158741,render/train/1988158741.png,train,,0,0.0,0.35485105,1,-0.41747569073089086,,0,0.0,,0,0.0,,0,0.0
1988515420,render/train/1988515420.png,train,,0,0.0,0.3587615,1,-0.2854050645345199,,0,0.0,,0,0.0,,0,0.0
1988563349,render/train/1988563349.png,train,,0,0.0,0.36086299,1,-0.21442983144231603,,0,0.0,,0,0.0,,0,0.0
1988613729,render/train/1988613729.png,train,,0,0.0,0.38606656,1,0.6367896630619126,,0,0.0,,0,0.0,,0,0.0
1988695621,render/train/1988695621.png,train,,0,0.0,0.38141349,1,0.47963796219998023,,0,0.0,,0,0.0,,0,0.0
1989009104,render/train/1989009104.png,train,,0,0.0,0.35067325,1,-0.5585757334684781,,0,0.0,,0,0.0,,0,0.0
1989599237,render/train/1989599237.png,train,,0,0.0,0.39735492,1,1.018040100717441,,0,0.0,,0,0.0,,0,0.0
1991040777,render/train/1991040777.png,train,,0,0.0,0.31744193,1,-1.6809225840181528,,0,0.0,,0,0.0,,0,0.0
1991510657,render/train/1991510657.png,train,,0,0.0,0.38863246,1,0.723449771171534,,0,0.0,,0,0.0,,0,0.0
1991701752,render/train/1991701752.png,train,,0,0.0,0.35924036,1,-0.2692321585875343,,0,0.0,,0,0.0,,0,0.0
1991992647,render/train/1991992647.png,train,,0,0.0,0.3383421,1,-0.9750451173555952,,0,0.0,,0,0.0,,0,0.0
1992818207,render/train/1992818207.png,train,,0,0.0,0.35273302,1,-0.4890095419251774,,0,0.0,,0,0.0,,0,0.0
1992987283,render/train/1992987283.png,train,226.7602549,1,1.1715360721305028,,0,0.0,,0,0.0,,0,0.0,,0,0.0
1993503133,render/train/1993503133.png,train,,0,0.0,0.35590759,1,-0.3817923552064595,,0,0.0,,0,0.0,,0,0.0
1994005610,render/train/1994005610.png,train,,0,0.0,0.35942273,1,-0.2630728367449234,,0,0.0,,0,0.0,,0,0.0
1995309810,render/train/1995309810.png,train,,0,0.0,0.3556635,1,-0.39003619393301747,,0,0.0,,0,0.0,,0,0.0
1995487445,render/train/1995487445.png,train,,0,0.0,0.40711704,1,1.3477436646050018,,0,0.0,,0,0.0,,0,0.0
1995567642,render/train/1995567642.png,train,,0,0.0,0.35976341,1,-0.25156678988776443,,0,0.0,,0,0.0,,0,0.0
1995858685,render/train/1995858685.png,train,55.35434565,1,-0.36949207848576193,,0,0.0,,0,0.0,,0,0.0,,0,0.0
1995899423,render/train/1995899423.png,train,,0,0.0,0.33327297,1,-1.1462487316124723,,0,0.0,,0,0.0,,0,0.0
1997329694,render/train/1997329694.png,train,,0,0.0,0.37864549,1,0.3861521758297261,0.315,1,0.6552079121799287,,0,0.0,,0,0.0
1997475828,render/train/1997475828.png,train,,0,0.0,0.40777595,1,1.3699975372557331,0.238,1,-0.20476360123832144,,0,0.0,,0,0.0
1997665708,render/train/1997665708.png,train,,0,0.0,0.377512415,1,0.347883965066911,,0,0.0,,0,0.0,,0,0.0
1997781379,render/train/1997781379.png,train,,0,0.0,0.3661802,1,-0.03484762112953724,,0,0.0,,0,0.0,,0,0.0
1998038943,render/train/1998038943.png,train,,0,0.0,0.38067827,1,0.45480681340838325,,0,0.0,,0,0.0,,0,0.0
1998309406,render/train/1998309406.png,train,,0,0.0,0.41300079,1,1.5464600647336055,,0,0.0,,0,0.0,,0,0.0
1998608102,render/train/1998608102.png,train,,0,0.0,0.38135827,1,0.47777297479991976,,0,0.0,,0,0.0,,0,0.0
1999110043,render/train/1999110043.png,train,,0,0.0,0.37373522,1,0.22031386215911228,,0,0.0,,0,0.0,,0,0.0
1999630530,render/train/1999630530.png,train,,0,0.0,0.37454618,1,0.24770303604452504,,0,0.0,,0,0.0,,0,0.0
1999832779,render/train/1999832779.png,train,300.6954413,1,1.8362517990386218,,0,0.0,,0,0.0,,0,0.0,,0,0.0
2000269306,render/train/2000269306.png,train,,0,0.0,0.37468563,1,0.25241278781812704,,0,0.0,,0,0.0,,0,0.0
2000354912,render/train/2000354912.png,train,,0,0.0,0.37566233,1,0.2853996258050582,,0,0.0,,0,0.0,,0,0.0
2000390968,render/train/2000390968.png,train,,0,0.0,0.36717327,1,-0.001307906580872061,,0,0.0,,0,0.0,,0,0.0
2000404932,render/train/2000404932.png,train,,0,0.0,0.35117887,1,-0.5414990415232016,,0,0.0,,0,0.0,,0,0.0
2001829595,render/train/2001829595.png,train,,0,0.0,0.35096863,1,-0.5485996382451955,,0,0.0,,0,0.0,,0,0.0
2001832914,render/train/2001832914.png,train,,0,0.0,,0,0.0,0.244,1,-0.13775283395897722,1.157411669,1,1.1760605068691345,16.76101041,1,0.07403999749449551
2002181530,render/train/2002181530.png,train,,0,0.0,0.35648085,1,-0.3624312056780589,,0,0.0,,0,0.0,,0,0.0
2002293555,render/train/2002293555.png,train,,0,0.0,,0,0.0,0.352,1,1.0684409770692174,,0,0.0,,0,0.0
2002425196,render/train/2002425196.png,train,,0,0.0,0.3617365,1,-0.1849281084465497,,0,0.0,,0,0.0,,0,0.0
2002464485,render/train/2002464485.png,train,,0,0.0,0.34543683,1,-0.7354293611653421,,0,0.0,,0,0.0,,0,0.0
2002874744,render/train/2002874744.png,train,,0,0.0,0.37454114,1,0.24753281626009327,,0,0.0,,0,0.0,,0,0.0
2002898366,render/train/2002898366.png,train,,0,0.0,0.35542966,1,-0.39793385155036703,,0,0.0,,0,0.0,,0,0.0
2002993449,render/train/2002993449.png,train,,0,0.0,0.36612133,1,-0.03683588277824233,,0,0.0,,0,0.0,,0,0.0
2003072511,render/train/2003072511.png,train,235.6895845,1,1.2518153830360634,,0,0.0,,0,0.0,,0,0.0,,0,0.0
2003251624,render/train/2003251624.png,train,119.4238893,1,0.20652639598691755,,0,0.0,,0,0.0,,0,0.0,,0,0.0
2003333074,render/train/2003333074.png,train,,0,0.0,0.37842036,1,0.37854868772079137,0.381,1,1.3923263522527145,,0,0.0,,0,0.0
2003821691,render/train/2003821691.png,train,,0,0.0,0.42330372,1,1.8944288194184553,,0,0.0,,0,0.0,,0,0.0
2004147185,render/train/2004147185.png,train,,0,0.0,0.38365749,1,0.555426294792048,,0,0.0,,0,0.0,,0,0.0
2004174775,render/train/2004174775.png,train,,0,0.0,0.3721787,1,0.16774431873388615,,0,0.0,,0,0.0,,0,0.0
2004281729,render/train/2004281729.png,train,,0,0.0,,0,0.0,0.173,1,-0.9307135800978832,0.907377009,1,-0.5342897708569343,13.45177375,1,-0.6440105766234292
2004522316,render/train/2004522316.png,train,,0,0.0,0.37267294,1,0.18443666521352373,,0,0.0,,0,0.0,,0,0.0
2004781454,render/train/2004781454.png,train,,0,0.0,0.37629915,1,0.3069074359482329,,0,0.0,,0,0.0,,0,0.0
2004817978,render/train/2004817978.png,train,,0,0.0,0.35766138,1,-0.3225602608140162,,0,0.0,,0,0.0,,0,0.0
2004822166,render/train/2004822166.png,train,,0,0.0,0.36224817,1,-0.1676470852124226,,0,0.0,,0,0.0,,0,0.0
2005210923,render/train/2005210923.png,train,,0,0.0,0.36312657,1,-0.1379802084972384,,0,0.0,,0,0.0,,0,0.0
2005402308,render/train/2005402308.png,train,17.01342593,1,-0.7141968606462304,,0,0.0,,0,0.0,,0,0.0,,0,0.0
2005457521,render/train/2005457521.png,train,,0,0.0,0.32557378,1,-1.4062793788537968,,0,0.0,,0,0.0,,0,0.0
2005551662,render/train/2005551662.png,train,,0,0.0,0.36435732,1,-0.09641314506689574,,0,0.0,,0,0.0,,0,0.0
2005844572,render/train/2005844572.png,train,,0,0.0,0.34384971,1,-0.789032381853187,,0,0.0,,0,0.0,,0,0.0
2006295259,render/train/2006295259.png,train,,0,0.0,0.42409378,1,1.9211121215787443,,0,0.0,,0,0.0,,0,0.0
2006448599,render/train/2006448599.png,train,,0,0.0,0.44643789,1,2.6757568810055594,,0,0.0,,0,0.0,,0,0.0
2006513781,render/train/2006513781.png,train,,0,0.0,0.37803401,1,0.36550019293605496,,0,0.0,,0,0.0,,0,0.0
2006683718,render/train/2006683718.png,train,,0,0.0,0.38303868,1,0.5345267501880837,0.1975,1,-0.6570862803738943,1.017121715,1,0.21641370515741445,11.41539018,1,-1.0858727163843276
2006821254,render/train/2006821254.png,train,105.0499992,1,0.07729765833787158,,0,0.0,,0,0.0,,0,0.0,,0,0.0
2006996474,render/train/2006996474.png,train,,0,0.0,0.34727776,1,-0.6732542207381056,,0,0.0,,0,0.0,,0,0.0
2007281733,render/train/2007281733.png,train,,0,0.0,0.41339329,1,1.5597162681838677,,0,0.0,,0,0.0,,0,0.0
2007312638,render/train/2007312638.png,train,,0,0.0,0.37573653,1,0.28790563929807655,,0,0.0,,0,0.0,,0,0.0
2007560490,render/train/2007560490.png,train,,0,0.0,0.45097253,1,2.828908754671022,,0,0.0,,0,0.0,,0,0.0
2007665966,render/train/2007665966.png,train,,0,0.0,0.34008549,1,-0.9161642701373743,,0,0.0,,0,0.0,,0,0.0
2007994317,render/train/2007994317.png,train,,0,0.0,0.35161343,1,-0.526822313443339,,0,0.0,,0,0.0,,0,0.0
2008537603,render/train/2008537603.png,train,66.12991425,1,-0.272614120052735,,0,0.0,,0,0.0,,0,0.0,,0,0.0
2008605500,render/train/2008605500.png,train,,0,0.0,0.38263098,1,0.5207571854831874,,0,0.0,,0,0.0,,0,0.0
2008709540,render/train/2008709540.png,train,,0,0.0,0.34308661,1,-0.8148051432618344,,0,0.0,,0,0.0,,0,0.0
2009603005,render/train/2009603005.png,train,,0,0.0,0.34900624,1,-0.6148769403821601,,0,0.0,,0,0.0,,0,0.0
2009816260,render/train/2009816260.png,train,,0,0.0,0.36314793,1,-0.13725880083940928,,0,0.0,,0,0.0,,0,0.0
2010311547,render/train/2010311547.png,train,,0,0.0,0.36073846,1,-0.21863567861597522,,0,0.0,,0,0.0,,0,0.0
2010970125,render/train/2010970125.png,train,,0,0.0,0.32677864,1,-1.3655867182446693,,0,0.0,,0,0.0,,0,0.0
2011509747,render/train/2011509747.png,train,47.02441211,1,-0.4443825074918004,,0,0.0,,0,0.0,,0,0.0,,0,0.0
2011999310,render/train/2011999310.png,train,,0,0.0,0.35933677,1,-0.26597602973494744,,0,0.0,,0,0.0,,0,0.0
2012503945,render/train/2012503945.png,train,,0,0.0,0.34910915,1,-0.6114012820456867,,0,0.0,,0,0.0,,0,0.0
2012816779,render/train/2012816779.png,train,,0,0.0,0.34868252,1,-0.6258101841552023,,0,0.0,,0,0.0,,0,0.0
2013254124,render/train/2013254124.png,train,,0,0.0,0.35423156,1,-0.4383982014962477,,0,0.0,,0,0.0,,0,0.0
2013412684,render/train/2013412684.png,train,69.67482713,1,-0.24074351207040154,,0,0.0,,0,0.0,,0,0.0,,0,0.0
2014114432,render/train/2014114432.png,train,,0,0.0,0.37310295,1,0.1989597226546619,,0,0.0,,0,0.0,,0,0.0
2014263245,render/train/2014263245.png,train,,0,0.0,0.3276198,1,-1.337177576603339,,0,0.0,,0,0.0,,0,0.0
2014301760,render/train/2014301760.png,train,,0,0.0,0.33785763,1,-0.9914074941340607,,0,0.0,,0,0.0,,0,0.0
2014418725,render/train/2014418725.png,train,,0,0.0,,0,0.0,0.4075,1,1.688290574403151,0.866052711,1,-0.8169666787749593,14.71408344,1,-0.37010988871701656
2014622631,render/train/2014622631.png,train,,0,0.0,,0,0.0,0.14175,1,-1.279727993011134,1.095935741,1,0.7555373260898458,14.9638119,1,-0.3159228714377552
2014653068,render/train/2014653068.png,train,,0,0.0,,0,0.0,0.24,1,-0.18242667881187338,,0,0.0,,0,0.0
2014740524,render/train/2014740524.png,train,,0,0.0,0.37318074,1,0.20158698397032088,,0,0.0,,0,0.0,,0,0.0
2015016927,render/train/2015016927.png,train,,0,0.0,0.3572516,1,-0.33640007495375585,,0,0.0,,0,0.0,,0,0.0
2015176684,render/train/2015176684.png,train,,0,0.0,0.35011454,1,-0.5774454746906333,,0,0.0,,0,0.0,,0,0.0
2015484909,render/train/2015484909.png,train,,0,0.0,0.35651223,1,-0.361371384877374,,0,0.0,,0,0.0,,0,0.0
2015550348,render/train/2015550348.png,train,62.56896406,1,-0.30462891178158163,,0,0.0,,0,0.0,,0,0.0,,0,0.0
2015619350,render/train/2015619350.png,train,,0,0.0,0.33665398,1,-1.0320592884854172,,0,0.0,,0,0.0,,0,0.0
2015647676,render/train/2015647676.png,train,-26.12929226,1,-1.102072305056525,,0,0.0,,0,0.0,,0,0.0,,0,0.0
2015742836,render/train/2015742836.png,train,,0,0.0,0.33363359,1,-1.1340692358462734,,0,0.0,,0,0.0,,0,0.0
2016514618,render/train/2016514618.png,train,,0,0.0,0.35569719,1,-0.38889835573113474,,0,0.0,,0,0.0,,0,0.0
2016694996,render/train/2016694996.png,train,,0,0.0,0.40515813,1,1.2815838951763352,,0,0.0,,0,0.0,,0,0.0
2016828093,render/train/2016828093.png,train,,0,0.0,0.36863152,1,0.04794268878560921,,0,0.0,,0,0.0,,0,0.0
2017537150,render/train/2017537150.png,train,,0,0.0,0.32427748,1,-1.450060312694749,,0,0.0,,0,0.0,,0,0.0
2017623024,render/train/2017623024.png,train,,0,0.0,0.37701196,1,0.33098171462690895,,0,0.0,,0,0.0,,0,0.0
2018770254,render/train/2018770254.png,train,,0,0.0,0.37413124,1,0.23368894926834172,,0,0.0,,0,0.0,,0,0.0
2019089439,render/train/2019089439.png,train,,0,0.0,0.35465002,1,-0.42426523106109715,,0,0.0,,0,0.0,,0,0.0
2019160480,render/train/2019160480.png,train,,0,0.0,0.37386438,1,0.2246760818728346,,0,0.0,,0,0.0,,0,0.0
2019662589,render/train/2019662589.png,train,,0,0.0,0.38938672,1,0.748923972482093,,0,0.0,,0,0.0,,0,0.0
2019749596,render/train/2019749596.png,train,,0,0.0,0.32848339,1,-1.3080108893737568,,0,0.0,,0,0.0,,0,0.0
2020299176,render/train/2020299176.png,train,,0,0.0,0.36431498,1,-0.0978431263511855,,0,0.0,,0,0.0,,0,0.0
2020359190,render/train/2020359190.png,train,,0,0.0,0.39542833,1,0.9529718994302067,,0,0.0,,0,0.0,,0,0.0
2020708371,render/train/2020708371.png,train,,0,0.0,,0,0.0,0.319,1,0.6998817570328248,,0,0.0,,0,0.0
2020818351,render/train/2020818351.png,train,,0,0.0,0.36942228,1,0.07464963258262546,,0,0.0,,0,0.0,,0,0.0
2020857359,render/train/2020857359.png,train,,0,0.0,0.3915968,1,0.8235666989059253,,0,0.0,,0,0.0,,0,0.0
2020969412,render/train/2020969412.png,train,,0,0.0,0.33946762,1,-0.9370320674005913,,0,0.0,,0,0.0,,0,0.0
2021130143,render/train/2021130143.png,train,,0,0.0,0.35556128,1,-0.3934885483704348,,0,0.0,,0,0.0,,0,0.0
2021290286,render/train/2021290286.png,train,,0,0.0,0.3742742,1,0.2385172469632455,,0,0.0,,0,0.0,,0,0.0
2021383868,render/train/2021383868.png,train,,0,0.0,0.3772372,1,0.33858891785018824,,0,0.0,,0,0.0,,0,0.0
2021473660,render/train/2021473660.png,train,,0,0.0,0.34409739,1,-0.7806672953039866,,0,0.0,,0,0.0,,0,0.0
2021478343,render/train/2021478343.png,train,,0,0.0,0.31483442,1,-1.7689880185623346,,0,0.0,,0,0.0,,0,0.0
2022011396,render/train/2022011396.png,train,,0,0.0,0.39625118,1,0.9807626434023023,,0,0.0,,0,0.0,,0,0.0
2022159696,render/train/2022159696.png,train,,0,0.0,0.33252314,1,-1.1715733151363188,,0,0.0,,0,0.0,,0,0.0
2022505233,render/train/2022505233.png,train,,0,0.0,0.32766063,1,-1.3357985937068446,,0,0.0,,0,0.0,,0,0.0
2023609610,render/train/2023609610.png,train,,0,0.0,0.33884923,1,-0.9579174270225215,,0,0.0,,0,0.0,,0,0.0
2023841912,render/train/2023841912.png,train,,0,0.0,0.3587456,1,-0.2859420674258813,,0,0.0,,0,0.0,,0,0.0
2024518785,render/train/2024518785.png,train,,0,0.0,0.33265387,1,-1.1671580706087952,,0,0.0,,0,0.0,,0,0.0
2024524302,render/train/2024524302.png,train,,0,0.0,0.32962822,1,-1.2693456679827668,,0,0.0,,0,0.0,,0,0.0
2024808471,render/train/2024808471.png,train,,0,0.0,0.33493908,1,-1.0899779210888665,,0,0.0,,0,0.0,,0,0.0
2024926859,render/train/2024926859.png,train,,0,0.0,0.34766302,1,-0.6602425393591304,,0,0.0,,0,0.0,,0,0.0
2025206311,render/train/2025206311.png,train,,0,0.0,0.36137025,1,-0.1972977505195649,,0,0.0,,0,0.0,,0,0.0
2025276311,render/train/2025276311.png,train,,0,0.0,0.36376356,1,-0.1164666568137169,,0,0.0,,0,0.0,,0,0.0
2025508516,render/train/2025508516.png,train,,0,0.0,0.34146211,1,-0.8696706273508799,,0,0.0,,0,0.0,,0,0.0
2025809998,render/train/2025809998.png,train,,0,0.0,0.35974569,1,-0.25216526103461445,,0,0.0,,0,0.0,,0,0.0
2025970688,render/train/2025970688.png,train,,0,0.0,0.36064464,1,-0.22180433341267103,,0,0.0,,0,0.0,,0,0.0
2026398041,render/train/2026398041.png,train,,0,0.0,0.35986411,1,-0.24816577157581168,,0,0.0,,0,0.0,,0,0.0
2026422493,render/train/2026422493.png,train,,0,0.0,0.37064659,1,0.1159991929550837,,0,0.0,,0,0.0,,0,0.0
2026602715,render/train/2026602715.png,train,,0,0.0,0.38673574,1,0.659390392297189,,0,0.0,,0,0.0,,0,0.0
2026869258,render/train/2026869258.png,train,,0,0.0,0.37709986,1,0.3339504287244335,,0,0.0,,0,0.0,,0,0.0
2026975698,render/train/2026975698.png,train,,0,0.0,0.35100241,1,-0.5474587604043049,,0,0.0,,0,0.0,,0,0.0
2027806037,render/train/2027806037.png,train,,0,0.0,0.36146235,1,-0.1941871866016824,,0,0.0,,0,0.0,,0,0.0
2028307602,render/train/2028307602.png,train,,0,0.0,0.36330601,1,-0.13191984379121205,,0,0.0,,0,0.0,,0,0.0
2028500149,render/train/2028500149.png,train,,0,0.0,,0,0.0,0.2176666666666666,1,-0.4318556459072107,,0,0.0,,0,0.0
2028527037,render/train/2028527037.png,train,,0,0.0,0.40158924,1,1.1610490367518664,,0,0.0,,0,0.0,,0,0.0
2028683291,render/train/2028683291.png,train,,0,0.0,0.36284889,1,-0.14735850804900572,,0,0.0,,0,0.0,,0,0.0
2029399840,render/train/2029399840.png,train,,0,0.0,0.3346262,1,-1.1005450572303137,,0,0.0,,0,0.0,,0,0.0
2030056583,render/train/2030056583.png,train,,0,0.0,,0,0.0,0.1865,1,-0.7799393537193586,0.844059103,1,-0.9674129151127469,11.58798505,1,-1.048422434574229
2030717926,render/train/2030717926.png,train,1.467345964,1,-0.8539641940139249,,0,0.0,,0,0.0,,0,0.0,,0,0.0
2030734021,render/train/2030734021.png,train,168.6168885,1,0.6487970091305736,,0,0.0,,0,0.0,,0,0.0,,0,0.0
2031010727,render/train/2031010727.png,train,,0,0.0,0.37921152,1,0.4052691410245089,,0,0.0,,0,0.0,,0,0.0
2031068763,render/train/2031068763.png,train,,0,0.0,0.38107447,1,0.46818797979562865,,0,0.0,,0,0.0,,0,0.0
2031096142,render/train/2031096142.png,train,,0,0.0,0.35436946,1,-0.4337407990611104,,0,0.0,,0,0.0,,0,0.0
2031152163,render/train/2031152163.png,train,,0,0.0,0.37049123,1,0.11075210055245298,,0,0.0,,0,0.0,,0,0.0
2031378457,render/train/2031378457.png,train,,0,0.0,,0,0.0,0.229,1,-0.30527975215733744,0.791153015,1,-1.3293145102923902,11.37248496,1,-1.0951824518366284
2031413397,render/train/2031413397.png,train,,0,0.0,0.34244923,1,-0.8363318667143899,,0,0.0,,0,0.0,,0,0.0
2031789072,render/train/2031789072.png,train,,0,0.0,0.37295814,1,0.19406894349126746,0.192,1,-0.7185128170466265,1.22830711,1,1.661017421257972,12.89532483,1,-0.7647509489585098
2032432464,render/train/2032432464.png,train,,0,0.0,0.33473342,1,-1.0969238339591358,,0,0.0,,0,0.0,,0,0.0
2032438783,render/train/2032438783.png,train,,0,0.0,0.3737942,1,0.22230583892216194,,0,0.0,,0,0.0,,0,0.0
2033020840,render/train/2033020840.png,train,,0,0.0,0.3457558,1,-0.7246565427843731,,0,0.0,,0,0.0,,0,0.0
2033581658,render/train/2033581658.png,train,,0,0.0,0.38027867,1,0.4413108162141806,,0,0.0,,0,0.0,,0,0.0
2033646210,render/train/2033646210.png,train,,0,0.0,0.3749928,1,0.2627870757514192,,0,0.0,,0,0.0,,0,0.0
2033898259,render/train/2033898259.png,train,,0,0.0,0.36245212,1,-0.16075892548329915,0.3299999999999999,1,0.822734830378288,0.962041851,1,-0.16035750204047652,19.70952259,1,0.7138192218799438
2034204725,render/train/2034204725.png,train,,0,0.0,,0,0.0,0.3873333333333333,1,1.4630599399364663,0.892460081,1,-0.6363283120240659,24.81577292,1,1.8217925576541045
2034484019,render/train/2034484019.png,train,,0,0.0,0.36220577,1,-0.16907909292271833,,0,0.0,,0,0.0,,0,0.0
2035254874,render/train/2035254874.png,train,,0,0.0,0.35574403,1,-0.38731639249645916,,0,0.0,,0,0.0,,0,0.0
2035543497,render/train/2035543497.png,train,,0,0.0,0.32480195,1,-1.4323469852461919,,0,0.0,,0,0.0,,0,0.0
2035696631,render/train/2035696631.png,train,,0,0.0,0.37402396,1,0.23006569957115983,,0,0.0,,0,0.0,,0,0.0
2035735306,render/train/2035735306.png,train,,0,0.0,0.38176997,1,0.49167763457182523,,0,0.0,,0,0.0,,0,0.0
2035749307,render/train/2035749307.png,train,,0,0.0,0.34337593,1,-0.8050337170650715,,0,0.0,,0,0.0,,0,0.0
2035906358,render/train/2035906358.png,train,,0,0.0,0.4058732,1,1.3057345025678724,,0,0.0,,0,0.0,,0,0.0
2036221295,render/train/2036221295.png,train,,0,0.0,0.35715159,1,-0.3397777893666487,,0,0.0,,0,0.0,,0,0.0
2036690814,render/train/2036690814.png,train,,0,0.0,0.40534286,1,1.2878229231084806,,0,0.0,,0,0.0,,0,0.0
2036937559,render/train/2036937559.png,train,,0,0.0,0.3670132,1,-0.006714073424906544,,0,0.0,,0,0.0,,0,0.0
2036966102,render/train/2036966102.png,train,,0,0.0,0.24565388,1,-4.105475440317648,,0,0.0,,0,0.0,,0,0.0
2037050348,render/train/2037050348.png,train,,0,0.0,0.320806375,1,-1.5672926033373495,,0,0.0,,0,0.0,,0,0.0
2037235529,render/train/2037235529.png,train,,0,0.0,0.33908484,1,-0.9499599898380219,,0,0.0,,0,0.0,,0,0.0
2037427343,render/train/2037427343.png,train,,0,0.0,0.36989415,1,0.09058645990001334,,0,0.0,,0,0.0,,0,0.0
2037755126,render/train/2037755126.png,train,,0,0.0,0.41286543,1,1.5418884476660188,,0,0.0,,0,0.0,,0,0.0
2038032102,render/train/2038032102.png,train,,0,0.0,0.34236476,1,-0.8391847367919533,,0,0.0,,0,0.0,,0,0.0
2038593828,render/train/2038593828.png,train,,0,0.0,,0,0.0,0.316,1,0.6663763733931527,,0,0.0,,0,0.0
2038600003,render/train/2038600003.png,train,,0,0.0,0.3685976,1,0.04679708261737376,,0,0.0,,0,0.0,,0,0.0
2038692066,render/train/2038692066.png,train,,0,0.0,0.44377353,1,2.585771407821512,,0,0.0,,0,0.0,,0,0.0
2038784698,render/train/2038784698.png,train,162.1855704,1,0.5909761190513834,,0,0.0,,0,0.0,,0,0.0,,0,0.0
2038813510,render/train/2038813510.png,train,,0,0.0,0.4037542,1,1.2341678908198364,,0,0.0,,0,0.0,,0,0.0
2039137441,render/train/2039137441.png,train,,0,0.0,,0,0.0,0.206,1,-0.5621543600614903,,0,0.0,,0,0.0
2039185015,render/train/2039185015.png,train,,0,0.0,0.31802359,1,-1.6612777348490326,,0,0.0,,0,0.0,,0,0.0
2039265517,render/train/2039265517.png,train,,0,0.0,0.33495644,1,-1.0893916084980464,,0,0.0,,0,0.0,,0,0.0
2039296323,render/train/2039296323.png,train,,0,0.0,0.40570846,1,1.3001706122331054,,0,0.0,,0,0.0,,0,0.0
2039689406,render/train/2039689406.png,train,,0,0.0,0.35963207,1,-0.25600263641300547,,0,0.0,,0,0.0,,0,0.0
2040418137,render/train/2040418137.png,train,,0,0.0,0.39213223,1,0.8416501868380873,,0,0.0,,0,0.0,,0,0.0
2040580299,render/train/2040580299.png,train,,0,0.0,0.37740838,1,0.3443703112428397,,0,0.0,,0,0.0,,0,0.0
2040837596,render/train/2040837596.png,train,,0,0.0,,0,0.0,0.376,1,1.3364840461865943,0.893790404,1,-0.6272283003996159,19.43446517,1,0.6541362319222552
2040930933,render/train/2040930933.png,train,,0,0.0,0.34832984,1,-0.6377215162133887,,0,0.0,,0,0.0,,0,0.0
2041026757,render/train/2041026757.png,train,,0,0.0,0.4491673,1,2.7679393377168418,,0,0.0,,0,0.0,,0,0.0
2041864294,render/train/2041864294.png,train,,0,0.0,0.37179476,1,0.15477721872702485,,0,0.0,,0,0.0,,0,0.0
2041930704,render/train/2041930704.png,train,,0,0.0,0.37294801,1,0.19372681523406718,,0,0.0,,0,0.0,,0,0.0
2042324873,render/train/2042324873.png,train,-6.104199835,1,-0.9220363233296143,,0,0.0,,0,0.0,,0,0.0,,0,0.0
2042618640,render/train/2042618640.png,train,,0,0.0,0.38669468,1,0.6580036414343419,,0,0.0,,0,0.0,,0,0.0
2042805767,render/train/2042805767.png,train,,0,0.0,0.38592112,1,0.6318776064254642,,0,0.0,,0,0.0,,0,0.0
2042962957,render/train/2042962957.png,train,,0,0.0,0.4104551,1,1.4604825244500481,0.136,1,-1.3439466449871718,,0,0.0,,0,0.0
2042985265,render/train/2042985265.png,train,,0,0.0,0.33294897,1,-1.157191432040204,,0,0.0,,0,0.0,,0,0.0
2043343589,render/train/2043343589.png,train,,0,0.0,0.38576498,1,0.6266041704847657,,0,0.0,,0,0.0,,0,0.0
2043894726,render/train/2043894726.png,train,,0,0.0,0.36628379,1,-0.03134899663167119,,0,0.0,,0,0.0,,0,0.0
2044319304,render/train/2044319304.png,train,,0,0.0,0.38414881,1,0.5720200218727685,,0,0.0,,0,0.0,,0,0.0
2044554925,render/train/2044554925.png,train,,0,0.0,0.3658294,1,-0.046695458506229116,,0,0.0,,0,0.0,,0,0.0
2044694871,render/train/2044694871.png,train,,0,0.0,0.37457172,1,0.2485656180473774,,0,0.0,,0,0.0,,0,0.0
2044966386,render/train/2044966386.png,train,,0,0.0,0.38839084,1,0.7152893536488533,,0,0.0,,0,0.0,,0,0.0
2045712230,render/train/2045712230.png,train,,0,0.0,0.3682026,1,0.033456444750230366,,0,0.0,,0,0.0,,0,0.0
2046153733,render/train/2046153733.png,train,,0,0.0,0.35616115,1,-0.3732286789087572,,0,0.0,,0,0.0,,0,0.0
2046167476,render/train/2046167476.png,train,,0,0.0,,0,0.0,0.241,1,-0.17125821759864934,,0,0.0,,0,0.0
2046736007,render/train/2046736007.png,train,,0,0.0,0.33818589,1,-0.9803209174599653,,0,0.0,,0,0.0,,0,0.0
2046892348,render/train/2046892348.png,train,,0,0.0,0.33643184,1,-1.039561793031765,,0,0.0,,0,0.0,,0,0.0
2046956333,render/train/2046956333.png,train,,0,0.0,0.34585373,1,-0.7213490778063235,,0,0.0,,0,0.0,,0,0.0
2047082921,render/train/2047082921.png,train,,0,0.0,0.3518154,1,-0.5200010257723854,,0,0.0,,0,0.0,,0,0.0
2047303918,render/train/2047303918.png,train,,0,0.0,0.3876841,1,0.6914200817343605,,0,0.0,,0,0.0,,0,0.0
2047470696,render/train/2047470696.png,train,,0,0.0,0.38546708,1,0.616542965369269,,0,0.0,,0,0.0,,0,0.0
2047526312,render/train/2047526312.png,train,,0,0.0,0.33823192,1,-0.9787663109763578,,0,0.0,,0,0.0,,0,0.0
2047662238,render/train/2047662238.png,train,,0,0.0,0.36790087,1,0.0232658861080713,,0,0.0,,0,0.0,,0,0.0
2047820714,render/train/2047820714.png,train,,0,0.0,0.37032483,1,0.10513214576487674,,0,0.0,,0,0.0,,0,0.0
2047965728,render/train/2047965728.png,train,,0,0.0,0.3428874,1,-0.8215332153365521,,0,0.0,,0,0.0,,0,0.0
2048401412,render/train/2048401412.png,train,,0,0.0,0.46187463,1,3.197113737180824,,0,0.0,,0,0.0,,0,0.0
2048601766,render/train/2048601766.png,train,,0,0.0,0.38833103,1,0.7132693446594008,,0,0.0,,0,0.0,,0,0.0
2049016668,render/train/2049016668.png,train,,0,0.0,0.39594162,1,0.9703076361664735,,0,0.0,,0,0.0,,0,0.0
2049074412,render/train/2049074412.png,train,,0,0.0,0.47403099,1,3.6076798043773124,,0,0.0,,0,0.0,,0,0.0
2049185141,render/train/2049185141.png,train,-30.79261317,1,-1.143997982118137,,0,0.0,,0,0.0,,0,0.0,,0,0.0
2049372451,render/train/2049372451.png,train,,0,0.0,0.40087335,1,1.1368707348715918,,0,0.0,0.8045306,1,-1.2378057721836253,19.33954208,1,0.633539464064756
2049646481,render/train/2049646481.png,train,,0,0.0,0.33031505,1,-1.246148831764314,,0,0.0,,0,0.0,,0,0.0
2049675087,render/train/2049675087.png,train,,0,0.0,0.35340123,1,-0.46644157324365043,,0,0.0,,0,0.0,,0,0.0
2049722638,render/train/2049722638.png,train,343.9030515,1,2.224710656323056,,0,0.0,,0,0.0,,0,0.0,,0,0.0
2049724174,render/train/2049724174.png,train,,0,0.0,0.3574156,1,-0.33086117720638547,,0,0.0,,0,0.0,,0,0.0
2050460955,render/train/2050460955.png,train,,0,0.0,0.35856938,1,-0.2918936806029645,,0,0.0,,0,0.0,,0,0.0
2050550943,render/train/2050550943.png,train,73.99227071,1,-0.20192745185060215,,0,0.0,,0,0.0,,0,0.0,,0,0.0
2051195531,render/train/2051195531.png,train,,0,0.0,0.44585296,1,2.6560015916191615,,0,0.0,,0,0.0,,0,0.0
2051477971,render/train/2051477971.png,train,,0,0.0,0.36034305,1,-0.23199016372748538,,0,0.0,,0,0.0,,0,0.0
2052142146,render/train/2052142146.png,train,,0,0.0,0.32721584,1,-1.3508208274205826,,0,0.0,,0,0.0,,0,0.0
2052261609,render/train/2052261609.png,train,,0,0.0,0.36951998,1,0.07794932959432228,,0,0.0,,0,0.0,,0,0.0
2052739724,render/train/2052739724.png,train,,0,0.0,0.36133223,1,-0.19858182913148673,,0,0.0,,0,0.0,,0,0.0
2053050930,render/train/2053050930.png,train,,0,0.0,0.31004011,1,-1.9309099262403575,,0,0.0,,0,0.0,,0,0.0
2053127764,render/train/2053127764.png,train,143.0502256,1,0.4189394305989488,,0,0.0,,0,0.0,,0,0.0,,0,0.0
2053139068,render/train/2053139068.png,train,,0,0.0,0.35708568,1,-0.34200381833329013,,0,0.0,,0,0.0,,0,0.0
2053145171,render/train/2053145171.png,train,,0,0.0,0.35378729,1,-0.45340287285127456,,0,0.0,,0,0.0,,0,0.0
2053208810,render/train/2053208810.png,train,,0,0.0,0.41165056,1,1.5008577116517028,,0,0.0,,0,0.0,,0,0.0
2053534445,render/train/2053534445.png,train,,0,0.0,0.37757511,1,0.3500014113734439,,0,0.0,,0,0.0,,0,0.0
2053664112,render/train/2053664112.png,train,,0,0.0,0.30366476,1,-2.146229510104371,,0,0.0,,0,0.0,,0,0.0
2053842039,render/train/2053842039.png,train,139.1234551,1,0.38363572427991177,,0,0.0,,0,0.0,,0,0.0,,0,0.0
2053942851,render/train/2053942851.png,train,,0,0.0,0.37997569,1,0.43107804036358094,,0,0.0,,0,0.0,,0,0.0
2054944349,render/train/2054944349.png,train,,0,0.0,0.34633358,1,-0.7051427358302539,,0,0.0,,0,0.0,,0,0.0
2055026518,render/train/2055026518.png,train,,0,0.0,0.37441268,1,0.24319423818309818,,0,0.0,,0,0.0,,0,0.0
2055219346,render/train/2055219346.png,train,135.0490958,1,0.34700511799277656,,0,0.0,,0,0.0,,0,0.0,,0,0.0
2055251139,render/train/2055251139.png,train,,0,0.0,0.33838791,1,-0.9734979411006731,,0,0.0,,0,0.0,,0,0.0
2055325406,render/train/2055325406.png,train,164.1018919,1,0.6082048446539764,,0,0.0,,0,0.0,,0,0.0,,0,0.0
2056311741,render/train/2056311741.png,train,,0,0.0,0.38469129,1,0.5903416148605342,,0,0.0,,0,0.0,,0,0.0
2057063340,render/train/2057063340.png,train,,0,0.0,0.361259,1,-0.20105508207075395,,0,0.0,,0,0.0,,0,0.0
2057209972,render/train/2057209972.png,train,,0,0.0,0.38601547,1,0.6350641613185406,,0,0.0,,0,0.0,,0,0.0
2057275568,render/train/2057275568.png,train,,0,0.0,0.35400751,1,-0.4459652139370905,0.1805,1,-0.8469501209987029,1.034280592,1,0.3337881925281549,15.74241811,1,-0.14697797763185833
2057370661,render/train/2057370661.png,train,,0,0.0,0.38886127,1,0.7311775467421172,,0,0.0,,0,0.0,,0,0.0
2057806483,render/train/2057806483.png,train,,0,0.0,0.29139366,1,-2.5606707792980137,,0,0.0,,0,0.0,,0,0.0
2058153586,render/train/2058153586.png,train,,0,0.0,0.35895204,1,-0.278969811017544,,0,0.0,,0,0.0,,0,0.0
2058169887,render/train/2058169887.png,train,,0,0.0,0.36797942,1,0.02591881548646159,,0,0.0,,0,0.0,,0,0.0
2058537463,render/train/2058537463.png,train,,0,0.0,0.38030093,1,0.44206262026208576,,0,0.0,,0,0.0,,0,0.0
2058722180,render/train/2058722180.png,train,,0,0.0,0.359086085,1,-0.27444260645323837,,0,0.0,,0,0.0,,0,0.0
2058912273,render/train/2058912273.png,train,,0,0.0,0.3935505,1,0.8895505070098134,,0,0.0,,0,0.0,,0,0.0
2059069732,render/train/2059069732.png,train,,0,0.0,0.35539719,1,-0.3990304857568131,,0,0.0,,0,0.0,,0,0.0
2059156449,render/train/2059156449.png,train,,0,0.0,0.29619414,1,-2.3985404874791305,,0,0.0,,0,0.0,,0,0.0
2059422357,render/train/2059422357.png,train,,0,0.0,,0,0.0,0.3235,1,0.750139832492333,0.89124948,1,-0.6446093709643157,13.96037752,1,-0.5336518242678207
2059649155,render/train/2059649155.png,train,,0,0.0,0.39935287,1,1.0855183980001177,0.4005,1,1.6101113459105831,0.856888696,1,-0.8796526903876533,12.96507874,1,-0.7496154841161526
2059802205,render/train/2059802205.png,train,,0,0.0,0.37114536,1,0.13284453459810722,,0,0.0,,0,0.0,,0,0.0
2060308564,render/train/2060308564.png,train,,0,0.0,0.33818344,1,-0.9804036631885078,,0,0.0,,0,0.0,,0,0.0
2061363511,render/train/2061363511.png,train,,0,0.0,0.40778557,1,1.3703224408918895,,0,0.0,,0,0.0,,0,0.0
2061931988,render/train/2061931988.png,train,,0,0.0,0.36810011,1,0.029994971395790996,,0,0.0,,0,0.0,,0,0.0
2062389305,render/train/2062389305.png,train,,0,0.0,0.42825804,1,2.0617548675145065,,0,0.0,,0,0.0,,0,0.0
2062460228,render/train/2062460228.png,train,,0,0.0,0.3535486,1,-0.46146433323737074,,0,0.0,,0,0.0,,0,0.0
2062588877,render/train/2062588877.png,train,,0,0.0,0.36746772,1,0.00863677903933061,,0,0.0,,0,0.0,,0,0.0
2062611807,render/train/2062611807.png,train,,0,0.0,,0,0.0,0.261,1,0.052111006665831384,0.878322012,1,-0.7330391050023681,11.53444859,1,-1.0600389763295839
2062868312,render/train/2062868312.png,train,,0,0.0,0.35573638,1,-0.3875747618121129,,0,0.0,,0,0.0,,0,0.0
2062933383,render/train/2062933383.png,train,,0,0.0,0.36652016,1,-0.02336589138444025,,0,0.0,,0,0.0,,0,0.0
2063026043,render/train/2063026043.png,train,210.9469969,1,1.029366669467637,,0,0.0,0.247,1,-0.10424745031930512,0.952850626,1,-0.22322964237251142,21.2582938,1,1.0498774041067216
2063396498,render/train/2063396498.png,train,,0,0.0,0.33601961,1,-1.0534843529000473,,0,0.0,,0,0.0,,0,0.0
2063473981,render/train/2063473981.png,train,,0,0.0,,0,0.0,0.383,1,1.4146632746791625,0.856385762,1,-0.8830929866512901,12.90114502,1,-0.7634880623171612
2063616676,render/train/2063616676.png,train,,0,0.0,0.41151687,1,1.4963424967745926,,0,0.0,,0,0.0,,0,0.0
2063798200,render/train/2063798200.png,train,,0,0.0,0.34830668,1,-0.6385037166513717,,0,0.0,,0,0.0,,0,0.0
2064196181,render/train/2064196181.png,train,,0,0.0,0.35498107,1,-0.41308442557776187,,0,0.0,,0,0.0,,0,0.0
2064758203,render/train/2064758203.png,train,,0,0.0,0.33764857,1,-0.9984682378112892,,0,0.0,,0,0.0,,0,0.0
2065005983,render/train/2065005983.png,train,,0,0.0,0.3160157,1,-1.729091743373226,,0,0.0,,0,0.0,,0,0.0
2065007908,render/train/2065007908.png,train,,0,0.0,0.38895508,1,0.7343458638011475,,0,0.0,,0,0.0,,0,0.0
2065090283,render/train/2065090283.png,train,,0,0.0,0.37130804,1,0.13833885097336557,0.224,1,-0.3611220582234576,,0,0.0,,0,0.0
2065153152,render/train/2065153152.png,train,168.2573371,1,0.6455644552972905,,0,0.0,,0,0.0,,0,0.0,,0,0.0
2065252291,render/train/2065252291.png,train,,0,0.0,,0,0.0,0.3215,1,0.7278029100658849,0.964171286,1,-0.1457912025376407,21.61972619,1,1.1283023588043752
2065279499,render/train/2065279499.png,train,,0,0.0,0.37249776,1,0.17852017675386314,,0,0.0,,0,0.0,,0,0.0
2065383771,render/train/2065383771.png,train,,0,0.0,0.37279646,1,0.18860840088276234,,0,0.0,,0,0.0,,0,0.0
2065621883,render/train/2065621883.png,train,,0,0.0,0.42381981,1,1.9118591227016293,,0,0.0,,0,0.0,,0,0.0
2066065208,render/train/2066065208.png,train,,0,0.0,0.36071143,1,-0.21954858353128823,,0,0.0,,0,0.0,,0,0.0
2066192425,render/train/2066192425.png,train,,0,0.0,0.37215507,1,0.1669462446255304,,0,0.0,,0,0.0,,0,0.0
2066262373,render/train/2066262373.png,train,26.18556129,1,-0.631734599847466,,0,0.0,,0,0.0,,0,0.0,,0,0.0
2066820207,render/train/2066820207.png,train,191.2304459,1,0.8521046354047056,,0,0.0,,0,0.0,,0,0.0,,0,0.0
2066955666,render/train/2066955666.png,train,,0,0.0,0.38651077,1,0.6517923079909336,,0,0.0,,0,0.0,,0,0.0
2067168064,render/train/2067168064.png,train,,0,0.0,0.37236843,1,0.1741522154997922,,0,0.0,,0,0.0,,0,0.0
2067238428,render/train/2067238428.png,train,,0,0.0,0.351598,1,-0.5273434426643258,,0,0.0,,0,0.0,,0,0.0
2067309904,render/train/2067309904.png,train,,0,0.0,0.36517902,1,-0.06866124092656342,,0,0.0,,0,0.0,,0,0.0
2067484299,render/train/2067484299.png,train,21.73577755,1,-0.6717404668417775,,0,0.0,0.3435,1,0.9735090567568138,0.870895681,1,-0.7838385713177011,11.87004823,1,-0.9872193085528561
2068061676,render/train/2068061676.png,train,,0,0.0,0.37174868,1,0.15322092355508063,,0,0.0,,0,0.0,,0,0.0
2068076576,render/train/2068076576.png,train,,0,0.0,0.36276266,1,-0.15027081995605182,,0,0.0,,0,0.0,,0,0.0
2068084714,render/train/2068084714.png,train,,0,0.0,0.33746625,1,-1.0046258709655596,,0,0.0,,0,0.0,,0,0.0
2068351519,render/train/2068351519.png,train,6.568396994,1,-0.8081030958210101,,0,0.0,,0,0.0,,0,0.0,,0,0.0
2068477355,render/train/2068477355.png,train,,0,0.0,0.35427449,1,-0.43694829368957333,,0,0.0,,0,0.0,,0,0.0
2068736249,render/train/2068736249.png,train,,0,0.0,0.35365329,1,-0.45792855759607615,,0,0.0,,0,0.0,,0,0.0
2069332669,render/train/2069332669.png,train,,0,0.0,0.38506793,1,0.6030621663701043,,0,0.0,,0,0.0,,0,0.0
2069899879,render/train/2069899879.png,train,,0,0.0,0.36685025,1,-0.012217508717186956,,0,0.0,,0,0.0,,0,0.0
2070158798,render/train/2070158798.png,train,,0,0.0,0.36519909,1,-0.06798340142784616,,0,0.0,,0,0.0,,0,0.0
2070291544,render/train/2070291544.png,train,,0,0.0,,0,0.0,0.1897499999999999,1,-0.7436418547763818,0.768938442,1,-1.481272247272199,10.88423334,1,-1.201125118401614
2070641529,render/train/2070641529.png,train,,0,0.0,0.3762598,1,0.30557843822652986,,0,0.0,,0,0.0,,0,0.0
2070649419,render/train/2070649419.png,train,,0,0.0,0.37035787,1,0.10624803101837084,,0,0.0,,0,0.0,,0,0.0
2070663964,render/train/2070663964.png,train,,0,0.0,0.32423467,1,-1.4515061676494134,,0,0.0,,0,0.0,,0,0.0
2070820503,render/train/2070820503.png,train,,0,0.0,0.37017356,1,0.10002318806826319,,0,0.0,,0,0.0,,0,0.0
2071087091,render/train/2071087091.png,train,,0,0.0,0.37735643,1,0.34261576406006095,,0,0.0,,0,0.0,,0,0.0
2071088939,render/train/2071088939.png,train,,0,0.0,0.40063451,1,1.1288042084204817,,0,0.0,,0,0.0,,0,0.0
2071134178,render/train/2071134178.png,train,,0,0.0,0.37548101,1,0.2792757664175391,,0,0.0,,0,0.0,,0,0.0
2071365385,render/train/2071365385.png,train,,0,0.0,0.37373278,1,0.22023145416823703,,0,0.0,,0,0.0,,0,0.0
2071704186,render/train/2071704186.png,train,,0,0.0,0.36566702,1,-0.052179642751461495,,0,0.0,,0,0.0,,0,0.0
2071844706,render/train/2071844706.png,train,,0,0.0,0.35941583,1,-0.26330587573551506,,0,0.0,,0,0.0,,0,0.0
2071858672,render/train/2071858672.png,train,,0,0.0,0.36539585,1,-0.0613380750816711,,0,0.0,,0,0.0,,0,0.0
2072168111,render/train/2072168111.png,train,,0,0.0,0.3809251,1,0.4631431922558444,,0,0.0,,0,0.0,,0,0.0
2072452393,render/train/2072452393.png,train,,0,0.0,0.34535563,1,-0.7381717910256237,,0,0.0,,0,0.0,,0,0.0
2072866385,render/train/2072866385.png,train,,0,0.0,0.37538316,1,0.2759710033408302,0.3955,1,1.554269039844463,0.910662796,1,-0.5118135001351121,20.51606091,1,0.8888249296083561
2072955704,render/train/2072955704.png,train,,0,0.0,0.34572991,1,-0.7255309456055901,,0,0.0,,0,0.0,,0,0.0
2073349658,render/train/2073349658.png,train,,0,0.0,0.36776086,1,0.018537221025088615,,0,0.0,,0,0.0,,0,0.0
2073433279,render/train/2073433279.png,train,,0,0.0,0.38658695,1,0.65436519354212,,0,0.0,,0,0.0,,0,0.0
2073505666,render/train/2073505666.png,train,,0,0.0,0.3799322,1,0.42960921924752593,,0,0.0,,0,0.0,,0,0.0
2074001151,render/train/2074001151.png,train,,0,0.0,0.36490013,1,-0.07808040673610196,,0,0.0,,0,0.0,,0,0.0
2074006647,render/train/2074006647.png,train,,0,0.0,0.34977204,1,-0.5890129898032809,,0,0.0,,0,0.0,,0,0.0
2074158001,render/train/2074158001.png,train,,0,0.0,0.31456225,1,-1.7781802246592975,,0,0.0,,0,0.0,,0,0.0
2074267479,render/train/2074267479.png,train,,0,0.0,0.34629979,1,-0.706283951408812,,0,0.0,,0,0.0,,0,0.0
2074410152,render/train/2074410152.png,train,,0,0.0,0.37813807,1,0.3690146911042956,0.153,1,-1.1540828043623637,0.85282857,1,-0.9074257904518713,10.922036,1,-1.1929225555434517
2074469442,render/train/2074469442.png,train,,0,0.0,0.36342293,1,-0.12797101498253913,,0,0.0,,0,0.0,,0,0.0
2074481050,render/train/2074481050.png,train,78.17880502,1,-0.16428833396102543,,0,0.0,,0,0.0,,0,0.0,,0,0.0
2074575987,render/train/2074575987.png,train,,0,0.0,0.34397494,1,-0.7848028930428006,,0,0.0,,0,0.0,,0,0.0
2075083572,render/train/2075083572.png,train,,0,0.0,,0,0.0,0.185,1,-0.7966920455391947,1.037733826,1,0.3574098765416955,22.21132757,1,1.2566702436681783
2075349566,render/train/2075349566.png,train,,0,0.0,0.37826811,1,0.3734066317327593,,0,0.0,,0,0.0,,0,0.0
2075610197,render/train/2075610197.png,train,,0,0.0,0.3659097,1,-0.04398342503602348,,0,0.0,,0,0.0,,0,0.0
2076091344,render/train/2076091344.png,train,,0,0.0,0.42654899,1,2.004033811446559,,0,0.0,,0,0.0,,0,0.0
2076186789,render/train/2076186789.png,train,,0,0.0,0.38337049,1,0.5457332237341503,,0,0.0,,0,0.0,,0,0.0
2076683779,render/train/2076683779.png,train,,0,0.0,0.35306926,1,-0.47765345059239833,,0,0.0,,0,0.0,,0,0.0
2076949860,render/train/2076949860.png,train,,0,0.0,0.2269924,1,-4.735743913089591,,0,0.0,,0,0.0,,0,0.0
2077226118,render/train/2077226118.png,train,126.2551791,1,0.2679432393902774,,0,0.0,,0,0.0,,0,0.0,,0,0.0
2077350791,render/train/2077350791.png,train,,0,0.0,0.37475847,1,0.2548728689883622,,0,0.0,,0,0.0,,0,0.0
2078434455,render/train/2078434455.png,train,,0,0.0,0.41533211,1,1.6251975226384805,,0,0.0,,0,0.0,,0,0.0
2078494815,render/train/2078494815.png,train,,0,0.0,0.34720014,1,-0.6758757405134159,,0,0.0,,0,0.0,,0,0.0
2078520197,render/train/2078520197.png,train,,0,0.0,0.34415412,1,-0.7787513095161308,,0,0.0,,0,0.0,,0,0.0
2078647419,render/train/2078647419.png,train,,0,0.0,0.33989367,1,-0.9226427540757929,,0,0.0,,0,0.0,,0,0.0
2079303447,render/train/2079303447.png,train,,0,0.0,,0,0.0,0.3735,1,1.3085628931535342,0.886561889,1,-0.6766746157136488,21.91642918,1,1.192682085672264
2079401317,render/train/2079401317.png,train,,0,0.0,0.35839079,1,-0.2979253376072497,0.158,1,-1.0982404982962435,1.211730555,1,1.5476262800138276,14.07962276,1,-0.507777545139404
2079617222,render/train/2079617222.png,train,,0,0.0,0.359460575,1,-0.2617946685421848,,0,0.0,,0,0.0,,0,0.0
2079708609,render/train/2079708609.png,train,,0,0.0,0.35480602,1,-0.41899652344774513,,0,0.0,,0,0.0,,0,0.0
2079820575,render/train/2079820575.png,train,,0,0.0,0.3681131,1,0.030433692625904393,,0,0.0,,0,0.0,,0,0.0
2080041266,render/train/2080041266.png,train,193.7356518,1,0.874627737623773,,0,0.0,,0,0.0,,0,0.0,,0,0.0
2080614685,render/train/2080614685.png,train,,0,0.0,0.37760376,1,0.3509690297908968,,0,0.0,,0,0.0,,0,0.0
2080644160,render/train/2080644160.png,train,,0,0.0,0.37311633,1,0.19941161565380738,,0,0.0,,0,0.0,,0,0.0
2081117789,render/train/2081117789.png,train,,0,0.0,0.36158847,1,-0.18992763913888727,,0,0.0,,0,0.0,,0,0.0
2081485306,render/train/2081485306.png,train,,0,0.0,0.33434555,1,-1.110023664869335,,0,0.0,,0,0.0,,0,0.0
2081569182,render/train/2081569182.png,train,,0,0.0,0.31568914,1,-1.7401209046438446,,0,0.0,,0,0.0,,0,0.0
2081754132,render/train/2081754132.png,train,,0,0.0,0.36468241,1,-0.08543363123340297,,0,0.0,,0,0.0,,0,0.0
2081766771,render/train/2081766771.png,train,,0,0.0,0.3629501,1,-0.143940265116009,,0,0.0,,0,0.0,,0,0.0
2081786405,render/train/2081786405.png,train,,0,0.0,0.39990412,1,1.1041361869222985,,0,0.0,,0,0.0,,0,0.0
2082251214,render/train/2082251214.png,train,,0,0.0,0.38491292,1,0.5978268947858364,0.4533333333333333,1,2.200178380009252,0.880970816,1,-0.7149200863949402,22.40951609,1,1.2996739315850108
2082516558,render/train/2082516558.png,train,,0,0.0,0.35134124,1,-0.5360151950156365,,0,0.0,,0,0.0,,0,0.0
2082878937,render/train/2082878937.png,train,,0,0.0,0.3185822,1,-1.6424113710035546,,0,0.0,,0,0.0,,0,0.0
2083351176,render/train/2083351176.png,train,,0,0.0,0.40558784,1,1.2960968204874472,,0,0.0,,0,0.0,,0,0.0
2083399085,render/train/2083399085.png,train,,0,0.0,0.36928432,1,0.06999020372148408,,0,0.0,,0,0.0,,0,0.0
2083473001,render/train/2083473001.png,train,,0,0.0,0.37583933,1,0.29137758252020923,,0,0.0,,0,0.0,,0,0.0
2084095989,render/train/2084095989.png,train,,0,0.0,0.35762799,1,-0.323687966885873,,0,0.0,,0,0.0,,0,0.0
2084277972,render/train/2084277972.png,train,,0,0.0,0.36155112,1,-0.19118908932708387,,0,0.0,,0,0.0,,0,0.0
2085027374,render/train/2085027374.png,train,,0,0.0,0.37055299,1,0.11283796838707323,,0,0.0,,0,0.0,,0,0.0
2085033079,render/train/2085033079.png,train,,0,0.0,0.37394713,1,0.2274708610715847,,0,0.0,,0,0.0,,0,0.0
2085100639,render/train/2085100639.png,train,,0,0.0,0.36570128,1,-0.051022553502528836,,0,0.0,,0,0.0,,0,0.0
2085613609,render/train/2085613609.png,train,,0,0.0,0.40560476,1,1.2966682726208967,,0,0.0,,0,0.0,,0,0.0
2086500241,render/train/2086500241.png,train,,0,0.0,0.3787093,1,0.38830727988618957,,0,0.0,,0,0.0,,0,0.0
2086671305,render/train/2086671305.png,train,,0,0.0,,0,0.0,0.1903333333333333,1,-0.7371269190686669,0.876818696,1,-0.7433224670694919,11.81194142,1,-0.9998275419817282
2087529784,render/train/2087529784.png,train,,0,0.0,0.35278937,1,-0.48710639016868823,,0,0.0,,0,0.0,,0,0.0
2087902310,render/train/2087902310.png,train,,0,0.0,0.41084325,1,1.4735918120149365,,0,0.0,,0,0.0,,0,0.0
2087962619,render/train/2087962619.png,train,,0,0.0,0.36716736,1,-0.0015075095423778386,,0,0.0,,0,0.0,,0,0.0
2088540616,render/train/2088540616.png,train,,0,0.0,0.38501147,1,0.6011552994992725,,0,0.0,,0,0.0,,0,0.0
2088836138,render/train/2088836138.png,train,,0,0.0,0.33943135,1,-0.9382570419206959,,0,0.0,,0,0.0,,0,0.0
2088992800,render/train/2088992800.png,train,,0,0.0,0.36903817,1,0.06167679103541555,,0,0.0,,0,0.0,,0,0.0
2089130160,render/train/2089130160.png,train,,0,0.0,,0,0.0,0.2486666666666666,1,-0.08563334829726589,,0,0.0,,0,0.0
2089319482,render/train/2089319482.png,train,,0,0.0,0.33433583,1,-1.1103519458821665,,0,0.0,,0,0.0,,0,0.0
2089653204,render/train/2089653204.png,train,,0,0.0,0.35615105,1,-0.3735697939529536,,0,0.0,,0,0.0,,0,0.0
2089703645,render/train/2089703645.png,train,,0,0.0,0.32872163,1,-1.2999646271826986,,0,0.0,,0,0.0,,0,0.0
2089849247,render/train/2089849247.png,train,,0,0.0,0.38910548,1,0.7394254383206871,,0,0.0,,0,0.0,,0,0.0
2089875346,render/train/2089875346.png,train,,0,0.0,,0,0.0,0.184,1,-0.8078605067524187,1.085646157,1,0.6851519129151861,16.28575806,1,-0.029082038742221972
2090259325,render/train/2090259325.png,train,,0,0.0,0.38954498,1,0.7542690088083043,,0,0.0,,0,0.0,,0,0.0
2090445254,render/train/2090445254.png,train,,0,0.0,,0,0.0,0.406,1,1.6715378825833154,0.865128678,1,-0.8232874828513943,20.46039767,1,0.8767469111570361
2090672547,render/train/2090672547.png,train,,0,0.0,0.35973284,1,-0.25259925393738125,,0,0.0,,0,0.0,,0,0.0
2090987332,render/train/2090987332.png,train,,0,0.0,0.35247357,1,-0.49777214570905076,,0,0.0,,0,0.0,,0,0.0
2091289727,render/train/2091289727.png,train,,0,0.0,0.38631278,1,0.6451054399116545,,0,0.0,,0,0.0,,0,0.0
2091496127,render/train/2091496127.png,train,,0,0.0,0.36711221,1,-0.003370132778765042,,0,0.0,,0,0.0,,0,0.0
2091819408,render/train/2091819408.png,train,,0,0.0,0.40232091,1,1.1857602886714902,,0,0.0,,0,0.0,,0,0.0
2092024077,render/train/2092024077.png,train,,0,0.0,0.3923538,1,0.8491334403373836,,0,0.0,,0,0.0,,0,0.0
2092061977,render/train/2092061977.png,train,,0,0.0,0.38074638,1,0.45710714466187996,,0,0.0,,0,0.0,,0,0.0
2092067263,render/train/2092067263.png,train,,0,0.0,0.35733643,1,-0.3335350463201624,,0,0.0,,0,0.0,,0,0.0
2092210478,render/train/2092210478.png,train,,0,0.0,0.41997349,1,1.7819544081670806,0.413,1,1.749717111075883,0.941065148,1,-0.30384764777398093,19.30135388,1,0.6252532452923185
2092278480,render/train/2092278480.png,train,,0,0.0,0.34957751,1,-0.5955830006495987,,0,0.0,,0,0.0,,0,0.0
2092674324,render/train/2092674324.png,train,,0,0.0,0.34076472,1,-0.8932241145462365,,0,0.0,,0,0.0,,0,0.0
2092935211,render/train/2092935211.png,train,,0,0.0,0.38328824,1,0.5429553314187768,,0,0.0,,0,0.0,,0,0.0
2093130856,render/train/2093130856.png,train,,0,0.0,0.36935846,1,0.07249419078849656,0.408,1,1.6938748050097627,0.92195685,1,-0.4345570573861216,22.1235356,1,1.2376208129570352
2093549092,render/train/2093549092.png,train,,0,0.0,0.42256432,1,1.869456496281835,,0,0.0,,0,0.0,,0,0.0
2093679226,render/train/2093679226.png,train,,0,0.0,0.35168032,1,-0.5245631861852809,,0,0.0,,0,0.0,,0,0.0
2094132157,render/train/2094132157.png,train,,0,0.0,0.35684736,1,-0.35005278242568894,,0,0.0,,0,0.0,,0,0.0
2094564559,render/train/2094564559.png,train,,0,0.0,0.43211216,1,2.191923017429723,,0,0.0,,0,0.0,,0,0.0
2094965474,render/train/2094965474.png,train,,0,0.0,0.35835285,1,-0.29920671431783086,,0,0.0,,0,0.0,,0,0.0
2095077077,render/train/2095077077.png,train,-56.49395983,1,-1.3750664376055157,,0,0.0,,0,0.0,,0,0.0,,0,0.0
2095656240,render/train/2095656240.png,train,,0,0.0,0.38954826,1,0.7543797867632515,,0,0.0,,0,0.0,,0,0.0
2096099449,render/train/2096099449.png,train,,0,0.0,0.37809726,1,0.36763638368313584,,0,0.0,,0,0.0,,0,0.0
2097065173,render/train/2097065173.png,train,,0,0.0,0.36266838,1,-0.15345501068545486,,0,0.0,,0,0.0,,0,0.0
2097105908,render/train/2097105908.png,train,,0,0.0,0.36819096,1,0.03306331810523477,,0,0.0,,0,0.0,,0,0.0
2097907422,render/train/2097907422.png,train,,0,0.0,0.37984664,1,0.4267195357642032,,0,0.0,,0,0.0,,0,0.0
2098139319,render/train/2098139319.png,train,,0,0.0,,0,0.0,0.3735,1,1.3085628931535342,0.924969057,1,-0.41395219772779146,22.41096002,1,1.2999872409285276
2098169121,render/train/2098169121.png,train,,0,0.0,0.37996197,1,0.4306146642837401,,0,0.0,,0,0.0,,0,0.0
2098235605,render/train/2098235605.png,train,,0,0.0,0.36937049,1,0.0729004892025261,,0,0.0,,0,0.0,,0,0.0
2098276804,render/train/2098276804.png,train,,0,0.0,0.3769967,1,0.33046632694627076,,0,0.0,,0,0.0,,0,0.0
2098860245,render/train/2098860245.png,train,,0,0.0,0.36426991,1,-0.09936531001871102,,0,0.0,,0,0.0,,0,0.0
2098949434,render/train/2098949434.png,train,,0,0.0,,0,0.0,0.312,1,0.6217025285402565,0.96452094,1,-0.1433994108716053,18.37068887,1,0.42331406311791175
2098983815,render/train/2098983815.png,train,,0,0.0,0.37827714,1,0.3737116088465329,,0,0.0,,0,0.0,,0,0.0
2099106036,render/train/2099106036.png,train,,0,0.0,0.35197017,1,-0.5147738598921374,,0,0.0,,0,0.0,,0,0.0
2099208394,render/train/2099208394.png,train,,0,0.0,0.36584283,1,-0.04624187681874692,,0,0.0,,0,0.0,,0,0.0
2099643847,render/train/2099643847.png,train,,0,0.0,0.36752651,1,0.010622338786695072,,0,0.0,,0,0.0,,0,0.0
2099648126,render/train/2099648126.png,train,,0,0.0,0.40331022,1,1.2191730138571681,,0,0.0,,0,0.0,,0,0.0
2100810597,render/train/2100810597.png,train,,0,0.0,0.42938572,1,2.0998408688056944,,0,0.0,,0,0.0,,0,0.0
2101703893,render/train/2101703893.png,train,,0,0.0,0.4064028,1,1.3236210894398692,,0,0.0,,0,0.0,,0,0.0
2101723306,render/train/2101723306.png,train,,0,0.0,0.39715022,1,1.0111266106632537,,0,0.0,,0,0.0,,0,0.0
2102034218,render/train/2102034218.png,train,,0,0.0,0.37564087,1,0.2846748407705556,,0,0.0,,0,0.0,,0,0.0
2102039309,render/train/2102039309.png,train,,0,0.0,0.36086621,1,-0.2143210799133729,,0,0.0,,0,0.0,,0,0.0
2102048266,render/train/2102048266.png,train,,0,0.0,0.29898887,1,-2.304151928323589,,0,0.0,,0,0.0,,0,0.0
2102097019,render/train/2102097019.png,train,,0,0.0,0.36359418,1,-0.1221872574262144,,0,0.0,,0,0.0,,0,0.0
2102135850,render/train/2102135850.png,train,,0,0.0,0.32553925,1,-1.4074455870197515,,0,0.0,1.073855453,1,0.6044981593076425,22.19638383,1,1.2534276949510759
2102234224,render/train/2102234224.png,train,,0,0.0,0.38098493,1,0.4651638767206314,,0,0.0,,0,0.0,,0,0.0
2102406766,render/train/2102406766.png,train,,0,0.0,0.40945525,1,1.4267138237628012,,0,0.0,,0,0.0,,0,0.0
2102601525,render/train/2102601525.png,train,,0,0.0,,0,0.0,0.3688333333333332,1,1.2564434074918203,0.822061556,1,-1.1178860959939185,19.34707652,1,0.635174315096431
2102738323,render/train/2102738323.png,train,,0,0.0,0.35881201,1,-0.28369915157586323,,0,0.0,,0,0.0,,0,0.0
2102908349,render/train/2102908349.png,train,,0,0.0,0.39850334,1,1.0568265699310697,,0,0.0,,0,0.0,,0,0.0
2103171558,render/train/2103171558.png,train,,0,0.0,0.35015329,1,-0.5761367412289822,,0,0.0,,0,0.0,,0,0.0
2103300246,render/train/2103300246.png,train,,0,0.0,0.3741336,1,0.23376865535787822,,0,0.0,,0,0.0,,0,0.0
2103389743,render/train/2103389743.png,train,,0,0.0,0.35950718,1,-0.2602206421426965,,0,0.0,,0,0.0,,0,0.0
2103408562,render/train/2103408562.png,train,,0,0.0,0.37718963,1,0.33698229976578337,0.114,1,-1.5896527916781007,1.840998909,1,5.852106722957722,24.17920498,1,1.6836676600585172
2103439506,render/train/2103439506.png,train,,0,0.0,0.40507893,1,1.2789090128495562,,0,0.0,,0,0.0,,0,0.0
2103456476,render/train/2103456476.png,train,,0,0.0,0.39955076,1,1.0922018887027214,0.277,1,0.23080638607741596,0.87039516,1,-0.7872623615688522,11.44773012,1,-1.0788554749870505
2103595659,render/train/2103595659.png,train,,0,0.0,0.33678464,1,-1.0276464081215668,,0,0.0,,0,0.0,,0,0.0
2103648490,render/train/2103648490.png,train,,0,0.0,0.35655362,1,-0.35997348867149703,,0,0.0,,0,0.0,,0,0.0
2104121723,render/train/2104121723.png,train,,0,0.0,0.35318823,1,-0.4736353855618822,,0,0.0,,0,0.0,,0,0.0
2104215335,render/train/2104215335.png,train,,0,0.0,0.37975728,1,0.42370151196722006,,0,0.0,,0,0.0,,0,0.0
2104280105,render/train/2104280105.png,train,,0,0.0,0.33058531,1,-1.2370211335618477,,0,0.0,,0,0.0,,0,0.0
2104394110,render/train/2104394110.png,train,,0,0.0,0.35337188,1,-0.4674328332978287,,0,0.0,,0,0.0,,0,0.0
2104615575,render/train/2104615575.png,train,,0,0.0,0.35803867,1,-0.30981775635605546,,0,0.0,,0,0.0,,0,0.0
2104808505,render/train/2104808505.png,train,,0,0.0,0.3442808,1,-0.7744728487439551,,0,0.0,,0,0.0,,0,0.0
2104822360,render/train/2104822360.png,train,,0,0.0,0.38083913,1,0.460239661528153,,0,0.0,,0,0.0,,0,0.0
2105181780,render/train/2105181780.png,train,,0,0.0,0.44640545,1,2.6746612600121153,,0,0.0,,0,0.0,,0,0.0
2105271867,render/train/2105271867.png,train,,0,0.0,0.38011149,1,0.4356645178885384,,0,0.0,,0,0.0,,0,0.0
2105289986,render/train/2105289986.png,train,,0,0.0,0.38657315,1,0.6538991155609386,,0,0.0,,0,0.0,,0,0.0
2105342564,render/train/2105342564.png,train,,0,0.0,0.37740484,1,0.3442507521085377,,0,0.0,,0,0.0,,0,0.0
2105808752,render/train/2105808752.png,train,,0,0.0,0.35587947,1,-0.3827420735275337,,0,0.0,,0,0.0,,0,0.0
2106014739,render/train/2106014739.png,train,,0,0.0,0.38532463,1,0.6117318922954093,,0,0.0,,0,0.0,,0,0.0
2106275080,render/train/2106275080.png,train,,0,0.0,0.35025785,1,-0.5726053561773669,,0,0.0,,0,0.0,,0,0.0
2107302149,render/train/2107302149.png,train,,0,0.0,0.39846668,1,1.055588423641933,0.132,1,-1.388620489840068,,0,0.0,,0,0.0
2107491529,render/train/2107491529.png,train,,0,0.0,0.33930857,1,-0.9424037850025397,,0,0.0,,0,0.0,,0,0.0
2107706475,render/train/2107706475.png,train,,0,0.0,,0,0.0,0.277,1,0.23080638607741596,,0,0.0,,0,0.0
2107751440,render/train/2107751440.png,train,,0,0.0,0.38616703,1,0.6401829134075128,,0,0.0,,0,0.0,,0,0.0
2108285261,render/train/2108285261.png,train,,0,0.0,0.33164611,1,-1.2011939217910523,,0,0.0,,0,0.0,,0,0.0
2108373019,render/train/2108373019.png,train,,0,0.0,0.35628363,1,-0.36909206795693933,,0,0.0,,0,0.0,,0,0.0
2109042008,render/train/2109042008.png,train,,0,0.0,,0,0.0,,0,0.0,1.219503167,1,1.6007944651480692,14.50652497,1,-0.41514670350515515
2109143268,render/train/2109143268.png,train,,0,0.0,0.36758128,1,0.01247212799171755,0.1845,1,-0.8022762761458068,0.95089128,1,-0.23663245610746125,11.16357076,1,-1.1405134380016935
2109376187,render/train/2109376187.png,train,,0,0.0,0.36096728,1,-0.21090756530772273,,0,0.0,,0,0.0,,0,0.0
2110077418,render/train/2110077418.png,train,,0,0.0,0.35257757,1,-0.4942596739668161,,0,0.0,,0,0.0,,0,0.0
2111187299,render/train/2111187299.png,train,,0,0.0,0.39715192,1,1.0111840260667324,,0,0.0,,0,0.0,,0,0.0
2111235464,render/train/2111235464.png,train,,0,0.0,0.37386236,1,0.22460785886399534,0.1846666666666666,1,-0.8004148659436036,,0,0.0,,0,0.0
2111449660,render/train/2111449660.png,train,,0,0.0,0.37917526,1,0.40404450424207167,,0,0.0,,0,0.0,,0,0.0
2111641058,render/train/2111641058.png,train,,0,0.0,0.37816739,1,0.3700049379454718,,0,0.0,,0,0.0,,0,0.0
2111688362,render/train/2111688362.png,train,,0,0.0,0.33398342,1,-1.122254159023331,,0,0.0,,0,0.0,,0,0.0
2112106908,render/train/2112106908.png,train,,0,0.0,0.41074836,1,1.4703870192878141,,0,0.0,,0,0.0,,0,0.0
2112160292,render/train/2112160292.png,train,74.85696518,1,-0.19415339945192606,,0,0.0,,0,0.0,,0,0.0,,0,0.0
2112420491,render/train/2112420491.png,train,,0,0.0,0.39788166,1,1.0358300946165269,,0,0.0,,0,0.0,,0,0.0
2112498322,render/train/2112498322.png,train,,0,0.0,0.41777055,1,1.70755282643786,,0,0.0,,0,0.0,,0,0.0
2112731378,render/train/2112731378.png,train,,0,0.0,0.3366937,1,-1.0307177944700185,,0,0.0,,0,0.0,,0,0.0
2112734421,render/train/2112734421.png,train,,0,0.0,0.37385822,1,0.22446803546964147,,0,0.0,,0,0.0,,0,0.0
2112770434,render/train/2112770434.png,train,,0,0.0,0.39556672,1,0.9576458510110514,,0,0.0,,0,0.0,,0,0.0
2112796549,render/train/2112796549.png,train,,0,0.0,0.35158971,1,-0.5276234271907028,,0,0.0,,0,0.0,,0,0.0
2112814629,render/train/2112814629.png,train,,0,0.0,0.37336489,1,0.20780642311774913,,0,0.0,,0,0.0,,0,0.0
2113232814,render/train/2113232814.png,train,,0,0.0,0.36561272,1,-0.05401355828610939,,0,0.0,,0,0.0,,0,0.0
2113271620,render/train/2113271620.png,train,,0,0.0,0.32193525,1,-1.5291662423948924,0.152,1,-1.1652512655755876,,0,0.0,,0,0.0
2113327142,render/train/2113327142.png,train,,0,0.0,0.39124786,1,0.8117816807353914,,0,0.0,,0,0.0,,0,0.0
2113413468,render/train/2113413468.png,train,,0,0.0,0.40476699,1,1.2683736240488561,,0,0.0,,0,0.0,,0,0.0
2113953037,render/train/2113953037.png,train,,0,0.0,0.34970341,1,-0.5913308834154889,,0,0.0,,0,0.0,,0,0.0
2113988141,render/train/2113988141.png,train,,0,0.0,0.34372152,1,-0.7933618410131582,,0,0.0,,0,0.0,,0,0.0
2114154599,render/train/2114154599.png,train,,0,0.0,0.42523073,1,1.9595112056877257,,0,0.0,,0,0.0,,0,0.0
2114560231,render/train/2114560231.png,train,,0,0.0,0.35389023,1,-0.44992620130179717,,0,0.0,,0,0.0,,0,0.0
2114893562,render/train/2114893562.png,train,,0,0.0,,0,0.0,,0,0.0,1.146465554,1,1.101184124409712,25.11101976,1,1.885856323637074
2115270537,render/train/2115270537.png,train,,0,0.0,0.31915236,1,-1.6231549201520854,,0,0.0,,0,0.0,,0,0.0
2115445958,render/train/2115445958.png,train,,0,0.0,0.34115453,1,-0.8800587625285388,,0,0.0,,0,0.0,,0,0.0
2115845960,render/train/2115845960.png,train,,0,0.0,0.33876246,1,-0.9608479767636154,,0,0.0,,0,0.0,,0,0.0
2116023272,render/train/2116023272.png,train,,0,0.0,0.42501353,1,1.9521755435491341,,0,0.0,,0,0.0,,0,0.0
2116043723,render/train/2116043723.png,train,,0,0.0,0.35854556,1,-0.2926981717270036,,0,0.0,,0,0.0,,0,0.0
2116336179,render/train/2116336179.png,train,,0,0.0,0.3506411,1,-0.5596615600695636,,0,0.0,,0,0.0,,0,0.0
2116365788,render/train/2116365788.png,train,38.16065966,1,-0.5240722457587668,,0,0.0,,0,0.0,,0,0.0,,0,0.0
2116457345,render/train/2116457345.png,train,,0,0.0,0.36193236,1,-0.17831317849045253,,0,0.0,,0,0.0,,0,0.0
2116593356,render/train/2116593356.png,train,,0,0.0,0.43100315,1,2.1544675723638,,0,0.0,,0,0.0,,0,0.0
2117478348,render/train/2117478348.png,train,,0,0.0,,0,0.0,0.237,1,-0.21593206245154548,0.947690837,1,-0.2585249352297415,13.74155321,1,-0.5811331432456115
2117609308,render/train/2117609308.png,train,,0,0.0,0.38699983,1,0.6683097063587928,,0,0.0,,0,0.0,,0,0.0
2117950580,render/train/2117950580.png,train,164.3224631,1,0.6101878943043793,,0,0.0,,0,0.0,1.011107838,1,0.17527606369138565,16.56532099,1,0.03157857366275173
2118544879,render/train/2118544879.png,train,,0,0.0,0.36630102,1,-0.030767074630530473,,0,0.0,,0,0.0,,0,0.0
2118719720,render/train/2118719720.png,train,,0,0.0,0.3817269,1,0.49022299843780426,,0,0.0,,0,0.0,,0,0.0
2118723389,render/train/2118723389.png,train,,0,0.0,0.33524164,1,-1.0797593302203028,,0,0.0,,0,0.0,,0,0.0
2118767527,render/train/2118767527.png,train,,0,0.0,0.3713948,1,0.14126906297679218,,0,0.0,,0,0.0,,0,0.0
2118906166,render/train/2118906166.png,train,,0,0.0,0.3745043,1,0.24628859069294062,,0,0.0,,0,0.0,,0,0.0
2119541663,render/train/2119541663.png,train,,0,0.0,0.35885634,1,-0.2822019604957362,,0,0.0,,0,0.0,,0,0.0
2119800195,render/train/2119800195.png,train,,0,0.0,0.36337472,1,-0.12959924827766528,,0,0.0,,0,0.0,,0,0.0
2119910769,render/train/2119910769.png,train,,0,0.0,,0,0.0,0.1985,1,-0.6459178191606703,1.162819805,1,1.2130546056456015,16.552184,1,0.0287280603326833
2120362276,render/train/2120362276.png,train,,0,0.0,0.39344519,1,0.8859937916331322,,0,0.0,,0,0.0,,0,0.0
2120569877,render/train/2120569877.png,train,,0,0.0,0.36865264,1,0.04865599073941643,,0,0.0,,0,0.0,,0,0.0
2120715373,render/train/2120715373.png,train,,0,0.0,0.36749274,1,0.00948179868347168,,0,0.0,,0,0.0,,0,0.0
2120990962,render/train/2120990962.png,train,,0,0.0,0.35479832,1,-0.4192565814517375,,0,0.0,,0,0.0,,0,0.0
2121376176,render/train/2121376176.png,train,,0,0.0,0.35674675,1,-0.35345076109863377,,0,0.0,,0,0.0,,0,0.0
2121841286,render/train/2121841286.png,train,,0,0.0,0.41238443,1,1.5256432658581838,,0,0.0,,0,0.0,,0,0.0
2122013892,render/train/2122013892.png,train,,0,0.0,0.34504989,1,-0.7484977824724593,,0,0.0,,0,0.0,,0,0.0
2122531737,render/train/2122531737.png,train,,0,0.0,0.40605491,1,1.3118715337244253,,0,0.0,,0,0.0,,0,0.0
2123056342,render/train/2123056342.png,train,,0,0.0,0.36342823,1,-0.12779201401875076,,0,0.0,,0,0.0,,0,0.0
2123073246,render/train/2123073246.png,train,,0,0.0,0.32119753,1,-1.5540818256033686,,0,0.0,,0,0.0,,0,0.0
2123232751,render/train/2123232751.png,train,,0,0.0,0.38631994,1,0.6453472600815989,,0,0.0,,0,0.0,,0,0.0
2124031511,render/train/2124031511.png,train,,0,0.0,0.38019427,1,0.4384603103002905,,0,0.0,,0,0.0,,0,0.0
2124040823,render/train/2124040823.png,train,35.47523522,1,-0.5482156062560823,,0,0.0,,0,0.0,,0,0.0,,0,0.0
2124483443,render/train/2124483443.png,train,,0,0.0,0.36971613,1,0.08457405394277619,,0,0.0,,0,0.0,,0,0.0
2124605218,render/train/2124605218.png,train,,0,0.0,0.36722758,1,0.0005263466914431795,,0,0.0,,0,0.0,,0,0.0
2124727719,render/train/2124727719.png,train,,0,0.0,0.36177609,1,-0.1835910050208285,,0,0.0,,0,0.0,,0,0.0
2125797590,render/train/2125797590.png,train,,0,0.0,0.34473646,1,-0.7590834941856199,,0,0.0,,0,0.0,,0,0.0
2125841447,render/train/2125841447.png,train,,0,0.0,0.39009071,1,0.7727003665380152,,0,0.0,,0,0.0,,0,0.0
2126001551,render/train/2126001551.png,train,,0,0.0,0.32142208,1,-1.5464979262791492,,0,0.0,,0,0.0,,0,0.0
2126142504,render/train/2126142504.png,train,,0,0.0,,0,0.0,0.333,1,0.8562402140179614,,0,0.0,,0,0.0
2127024895,render/train/2127024895.png,train,,0,0.0,0.37690028,1,0.32720986035601657,,0,0.0,,0,0.0,,0,0.0
2127124600,render/train/2127124600.png,train,,0,0.0,0.37305974,1,0.19750035819329628,,0,0.0,,0,0.0,,0,0.0
2127233037,render/train/2127233037.png,train,,0,0.0,,0,0.0,0.3359999999999999,1,0.8897455976576322,0.870810763,1,-0.7844194488843709,12.67666102,1,-0.812197442044717
2127356325,render/train/2127356325.png,train,,0,0.0,0.41022463,1,1.4526986844266536,,0,0.0,,0,0.0,,0,0.0
2127384896,render/train/2127384896.png,train,,0,0.0,0.34264115,1,-0.829850005399296,,0,0.0,,0,0.0,,0,0.0
2127609495,render/train/2127609495.png,train,,0,0.0,0.35267308,1,-0.4910339415043071,,0,0.0,,0,0.0,,0,0.0
2127644258,render/train/2127644258.png,train,,0,0.0,0.34082447,1,-0.8912061319827901,,0,0.0,,0,0.0,,0,0.0
2127806896,render/train/2127806896.png,train,,0,0.0,0.35745185,1,-0.3296368781616156,,0,0.0,,0,0.0,,0,0.0
2128237869,render/train/2128237869.png,train,,0,0.0,,0,0.0,0.1746666666666666,1,-0.9120994780758436,,0,0.0,,0,0.0
2128329222,render/train/2128329222.png,train,,0,0.0,0.36204137,1,-0.17463150017679,,0,0.0,,0,0.0,,0,0.0
2128364241,render/train/2128364241.png,train,,0,0.0,0.39846881,1,1.055660361765115,,0,0.0,,0,0.0,,0,0.0
2128965450,render/train/2128965450.png,train,,0,0.0,0.34767798,1,-0.6597372838085163,,0,0.0,,0,0.0,,0,0.0
2129332781,render/train/2129332781.png,train,,0,0.0,0.35371267,1,-0.4559230713263271,,0,0.0,,0,0.0,,0,0.0
2129403327,render/train/2129403327.png,train,,0,0.0,0.36251454,1,-0.1586507669626229,,0,0.0,,0,0.0,,0,0.0
2130807414,render/train/2130807414.png,train,95.74104893,1,-0.0063946395620438625,,0,0.0,,0,0.0,,0,0.0,,0,0.0
2130816588,render/train/2130816588.png,train,,0,0.0,0.35695181,1,-0.3465251124884163,,0,0.0,,0,0.0,,0,0.0
2130846532,render/train/2130846532.png,train,,0,0.0,0.36873621,1,0.051478464426903806,,0,0.0,,0,0.0,,0,0.0
2131450394,render/train/2131450394.png,train,,0,0.0,0.35945408,1,-0.26201402915724054,,0,0.0,,0,0.0,,0,0.0
2131565375,render/train/2131565375.png,train,,0,0.0,0.34344352,1,-0.8027509481702861,,0,0.0,,0,0.0,,0,0.0
2132236820,render/train/2132236820.png,train,,0,0.0,0.34360259,1,-0.7973785550930049,,0,0.0,,0,0.0,,0,0.0
2132602127,render/train/2132602127.png,train,,0,0.0,0.35392035,1,-0.4489089354472184,,0,0.0,,0,0.0,,0,0.0
2132630814,render/train/2132630814.png,train,,0,0.0,0.49159892,1,4.2010149745173235,,0,0.0,,0,0.0,,0,0.0
2132767837,render/train/2132767837.png,train,,0,0.0,0.36811921,1,0.03064005034075894,,0,0.0,,0,0.0,,0,0.0
2132825345,render/train/2132825345.png,train,,0,0.0,0.43542054,1,2.303659471877561,,0,0.0,,0,0.0,,0,0.0
2133999177,render/train/2133999177.png,train,,0,0.0,0.3746419,1,0.250935860998052,,0,0.0,,0,0.0,,0,0.0
2134272821,render/train/2134272821.png,train,,0,0.0,0.3446265,1,-0.762797257577699,,0,0.0,,0,0.0,,0,0.0
2134740083,render/train/2134740083.png,train,,0,0.0,0.41170032,1,1.5025382942852954,,0,0.0,,0,0.0,,0,0.0
2135550018,render/train/2135550018.png,train,,0,0.0,0.3631707,1,-0.13648977217046016,,0,0.0,,0,0.0,,0,0.0
2135749372,render/train/2135749372.png,train,,0,0.0,0.35898892,1,-0.27772423449972194,,0,0.0,,0,0.0,,0,0.0
2135907142,render/train/2135907142.png,train,,0,0.0,0.37151766,1,0.1454185079599748,,0,0.0,,0,0.0,,0,0.0
2136380644,render/train/2136380644.png,train,,0,0.0,0.33546601,1,-1.0721815101740992,,0,0.0,,0,0.0,,0,0.0
2136556254,render/train/2136556254.png,train,,0,0.0,0.37842734,1,0.37878442861272177,,0,0.0,,0,0.0,,0,0.0
2136774388,render/train/2136774388.png,train,,0,0.0,0.36986106,1,0.08946888595818252,,0,0.0,,0,0.0,,0,0.0
2136777400,render/train/2136777400.png,train,,0,0.0,0.36520818,1,-0.06767639788806848,,0,0.0,,0,0.0,,0,0.0
2136833669,render/train/2136833669.png,train,,0,0.0,0.36603759,1,-0.03966409800607645,,0,0.0,,0,0.0,,0,0.0
2137189788,render/train/2137189788.png,train,,0,0.0,0.34994782,1,-0.5830762370835684,,0,0.0,,0,0.0,,0,0.0
2137510659,render/train/2137510659.png,train,,0,0.0,0.37814125,1,0.3691220916825675,,0,0.0,,0,0.0,,0,0.0
2137901854,render/train/2137901854.png,train,,0,0.0,0.39677257,1,0.998371947649263,,0,0.0,,0,0.0,,0,0.0
2138950642,render/train/2138950642.png,train,,0,0.0,0.38138687,1,0.478738904529034,,0,0.0,,0,0.0,,0,0.0
2139033638,render/train/2139033638.png,train,,0,0.0,0.37475004,1,0.25458815613464053,,0,0.0,,0,0.0,,0,0.0
2139220347,render/train/2139220347.png,train,,0,0.0,0.35258751,1,-0.4939239627252991,,0,0.0,,0,0.0,,0,0.0
2139752461,render/train/2139752461.png,train,,0,0.0,0.36284184,1,-0.14759661310460756,,0,0.0,,0,0.0,,0,0.0
2139764431,render/train/2139764431.png,train,,0,0.0,0.38627985,1,0.6439932697725012,,0,0.0,,0,0.0,,0,0.0
2140175803,render/train/2140175803.png,train,,0,0.0,0.38031514,1,0.4425425454876359,,0,0.0,,0,0.0,,0,0.0
2140329869,render/train/2140329869.png,train,,0,0.0,0.36640776,1,-0.027162062767392692,,0,0.0,,0,0.0,,0,0.0
2140546586,render/train/2140546586.png,train,,0,0.0,0.39302078,1,0.8716598672858066,,0,0.0,,0,0.0,,0,0.0
2141222333,render/train/2141222333.png,train,,0,0.0,,0,0.0,0.18075,1,-0.8441580056953969,0.84208322,1,-0.9809288494148318,12.70353444,1,-0.8063663466465677
2141227349,render/train/2141227349.png,train,,0,0.0,,0,0.0,0.139,1,-1.3104412613474998,1.263489368,1,1.9016799947641008,21.12197193,1,1.020297773794537
2141673799,render/train/2141673799.png,train,,0,0.0,0.34897959,1,-0.6157770112661084,,0,0.0,1.002695727,1,0.11773341586363081,18.83367597,1,0.5237747394372038
2141743526,render/train/2141743526.png,train,,0,0.0,0.42062022,1,1.8037969163387686,,0,0.0,,0,0.0,,0,0.0
2141765674,render/train/2141765674.png,train,,0,0.0,0.35825873,1,-0.3023855012445526,,0,0.0,,0,0.0,,0,0.0
2142082158,render/train/2142082158.png,train,,0,0.0,0.35230889,1,-0.5033340096178137,,0,0.0,,0,0.0,,0,0.0
2142258643,render/train/2142258643.png,train,,0,0.0,0.34925007,1,-0.6066418828349568,,0,0.0,,0,0.0,,0,0.0
2142436702,render/train/2142436702.png,train,,0,0.0,0.36175051,1,-0.18445493797435025,,0,0.0,,0,0.0,,0,0.0
2142712159,render/train/2142712159.png,train,,0,0.0,0.34491037,1,-0.7532098984097346,,0,0.0,,0,0.0,,0,0.0
2142796643,render/train/2142796643.png,train,,0,0.0,,0,0.0,0.259,1,0.02977408423938331,1.107946409,1,0.8376957330462081,20.18778178,1,0.8175936935300541
2143562639,render/train/2143562639.png,train,,0,0.0,0.43086415,1,2.1497730187852357,,0,0.0,,0,0.0,,0,0.0
2143661007,render/train/2143661007.png,train,,0,0.0,0.38226791,1,0.5084949439884441,,0,0.0,,0,0.0,,0,0.0
2143712913,render/train/2143712913.png,train,,0,0.0,0.36644642,1,-0.025856368944751438,,0,0.0,,0,0.0,,0,0.0
2143907277,render/train/2143907277.png,train,,0,0.0,0.41875754,1,1.7408871964846708,,0,0.0,,0,0.0,,0,0.0
2144004917,render/train/2144004917.png,train,,0,0.0,0.37154633,1,0.14638680185276046,,0,0.0,0.982602482,1,-0.019713477163792237,17.75581966,1,0.28989743728857825
2144112404,render/train/2144112404.png,train,,0,0.0,0.40928842,1,1.4210793462555216,,0,0.0,,0,0.0,,0,0.0
2144122430,render/train/2144122430.png,train,,0,0.0,0.37482971,1,0.25727891213179216,,0,0.0,,0,0.0,,0,0.0
2144407419,render/train/2144407419.png,train,,0,0.0,0.33652131,1,-1.0365400541204393,,0,0.0,,0,0.0,,0,0.0
2144585137,render/train/2144585137.png,train,,0,0.0,0.40465306,1,1.264525778802772,,0,0.0,,0,0.0,,0,0.0
2144833176,render/train/2144833176.png,train,,0,0.0,0.35055049,1,-0.5627218010749855,,0,0.0,,0,0.0,,0,0.0
2144885299,render/train/2144885299.png,train,,0,0.0,0.37892993,1,0.3957587860447404,,0,0.0,,0,0.0,,0,0.0
2145754904,render/train/2145754904.png,train,,0,0.0,0.34463858,1,-0.7623892704753308,,0,0.0,,0,0.0,,0,0.0
2145995824,render/train/2145995824.png,train,,0,0.0,0.38486808,1,0.5963124790846654,,0,0.0,,0,0.0,,0,0.0
2146083613,render/train/2146083613.png,train,,0,0.0,0.34752544,1,-0.6648891341889052,,0,0.0,,0,0.0,,0,0.0
2146213237,render/train/2146213237.png,train,,0,0.0,0.38560753,1,0.6212864909096224,,0,0.0,,0,0.0,,0,0.0
2146592435,render/train/2146592435.png,train,,0,0.0,0.36749796,1,0.009658097745919416,,0,0.0,,0,0.0,,0,0.0
2146810552,render/train/2146810552.png,train,,0,0.0,0.35327976,1,-0.47054407269104775,,0,0.0,,0,0.0,,0,0.0
2147191531,render/train/2147191531.png,train,,0,0.0,0.36941098,1,0.07426798901832521,,0,0.0,,0,0.0,,0,0.0
2147435020,render/train/2147435020.png,train,261.6623551,1,1.4853240807188333,,0,0.0,,0,0.0,,0,0.0,,0,0.0
2147438299,render/train/2147438299.png,train,,0,0.0,0.37404941,1,0.2309252419350061,,0,0.0,,0,0.0,,0,0.0
1109053969,render/test/1109053969.png,test,,0,0.0,,0,0.0,,0,0.0,,0,0.0,,0,0.0
1422188626,render/test/1422188626.png,test,,0,0.0,,0,0.0,,0,0.0,,0,0.0,,0,0.0
2032016830,render/test/2032016830.png,test,,0,0.0,,0,0.0,,0,0.0,,0,0.0,,0,0.0
